element,ion,wavelength_nm,strength_percentile
Ne,2,193.0035,99
Xe,3,193.0083,36
Fe,3,193.0190,45
Na,3,193.0293,26
Pd,3,193.0330,82
Mg,3,193.0374,35
Fe,3,193.0395,97
Os,3,193.0409,75
Ni,3,193.0430,25
Co,3,193.0478,87
In,2,193.0533,99
Yb,3,193.0630,15
Mg,3,193.0672,93
Ne,3,193.0762,25
Pt,2,193.0762,32
S,2,193.0819,79
C,1,193.0905,100
Fe,3,193.0907,66
Ne,3,193.1007,63
Al,2,193.1048,75
Sn,3,193.1130,97
Fe,3,193.1202,20
Fe,3,193.1313,26
Re,3,193.1384,30
Mn,2,193.1404,70
Ne,3,193.1431,51
Bi,3,193.1438,10
Fe,3,193.1511,95
Fe,3,193.1667,26
Os,3,193.1700,99
Ne,3,193.1727,44
Rh,3,193.1790,55
Au,3,193.2040,13
W,3,193.2040,59
In,2,193.2140,76
Ne,3,193.2212,52
Pt,1,193.2244,72
Al,1,193.2268,99
Sc,2,193.2272,30
Al,2,193.2377,76
W,3,193.2394,22
Fe,3,193.2467,56
Zr,3,193.2492,75
Na,3,193.2737,69
Pt,2,193.2739,56
Co,3,193.2751,66
Fe,3,193.2822,67
Co,3,193.2966,40
Sn,1,193.3149,47
Re,3,193.3208,49
Co,3,193.3243,85
Pt,2,193.3362,44
Fe,3,193.3364,45
Ag,2,193.3495,73
Re,3,193.3528,76
Ne,2,193.3530,43
Mg,3,193.3563,68
Kr,3,193.3680,60
Na,3,193.3885,79
V,3,193.4000,38
Pt,2,193.4016,60
Ge,1,193.4048,49
W,3,193.4102,88
Re,3,193.4159,83
Fe,3,193.4242,10
Zr,3,193.4251,61
Co,3,193.4269,84
Os,3,193.4300,56
Na,3,193.4335,8
Pt,1,193.4368,94
Al,2,193.4503,82
Hg,2,193.4591,3
Pt,2,193.4640,5
Al,2,193.4713,75
Co,3,193.4731,85
Re,3,193.4833,81
Fe,3,193.4883,11
Co,3,193.5023,92
Re,3,193.5036,10
Mn,2,193.5068,13
Zr,3,193.5097,58
Cs,2,193.5194,24
Au,3,193.5420,18
Al,3,193.5840,99
W,3,193.5886,21
Al,3,193.5949,98
Os,3,193.6083,71
Fe,3,193.6115,46
In,2,193.6188,99
Fe,3,193.6266,27
Fe,3,193.6313,27
W,3,193.6334,8
Pt,2,193.6377,19
Co,3,193.6383,82
Zr,3,193.6433,76
Al,1,193.6457,100
Co,1,193.6580,67
Zr,3,193.6638,77
S,2,193.6731,99
Re,3,193.6773,56
Co,3,193.6779,78
Fe,3,193.6798,67
Na,3,193.6815,26
Al,2,193.6907,76
B,2,193.6917,60
Co,3,193.6937,98
Na,3,193.7030,9
B,2,193.7046,79
Fe,3,193.7077,57
Zr,3,193.7215,78
B,2,193.7294,62
Re,3,193.7307,41
Fe,3,193.7357,97
Os,3,193.7358,72
W,3,193.7361,63
Pt,1,193.7424,96
V,2,193.7452,59
Ag,2,193.7455,21
B,2,193.7459,63
Ge,1,193.7482,73
B,2,193.7565,64
As,1,193.7590,99
Os,3,193.7634,13
Co,3,193.7659,90
Zr,3,193.7784,25
Mg,3,193.7843,89
Fe,3,193.7993,67
Ge,2,193.8008,91
Co,3,193.8226,13
Mg,3,193.8249,35
Ge,1,193.8301,74
Na,3,193.8410,13
Sr,3,193.8447,40
La,3,193.8570,94
Ca,3,193.8572,55
Na,3,193.8637,27
W,3,193.8694,23
Fe,3,193.8764,93
Ar,3,193.8789,82
Ne,2,193.8827,95
Nb,3,193.8840,79
Ge,2,193.8891,92
Fe,3,193.8910,97
Mg,3,193.8936,36
Ru,2,193.9043,1
Fe,3,193.9116,47
Ca,3,193.9244,70
Al,2,193.9261,76
Rb,2,193.9331,44
Fe,3,193.9380,11
Fe,3,193.9415,5
W,3,193.9483,35
Ru,2,193.9505,3
Na,3,193.9559,10
Cd,3,193.9590,28
Ca,3,193.9683,85
Pt,2,193.9811,96
W,3,193.9898,70
Fe,3,194.0019,93
Pt,1,194.0033,89
Re,3,194.0077,61
Co,3,194.0150,99
Hg,2,194.0219,47
Zr,3,194.0234,99
Re,3,194.0299,55
Re,3,194.0469,91
W,3,194.0471,59
Pt,1,194.0477,38
Sr,3,194.0580,69
Ga,3,194.0596,25
Fe,3,194.0615,68
Pt,1,194.0666,32
Co,3,194.0669,68
Fe,3,194.0693,57
Fe,3,194.0777,77
V,2,194.0877,26
Zr,3,194.1055,97
W,3,194.1131,63
Re,3,194.1215,47
Pt,1,194.1239,74
Mn,3,194.1280,56
Co,2,194.1285,67
Re,3,194.1306,97
Ru,3,194.1350,90
V,2,194.1396,6
Co,3,194.1461,88
Mg,3,194.1500,49
Os,3,194.1553,80
Fe,3,194.1630,68
Pd,3,194.1640,96
Re,3,194.1661,93
Si,2,194.1670,43
Co,3,194.1729,91
Re,3,194.1730,79
Sn,3,194.1837,12
W,3,194.2032,70
Mg,3,194.2036,19
Pt,2,194.2112,76
Hg,2,194.2273,97
Cu,2,194.2303,45
W,3,194.2307,35
Au,1,194.2310,59
Co,3,194.2369,96
V,2,194.2371,42
Co,3,194.2496,92
Yb,3,194.2590,54
Os,3,194.2672,29
Sn,1,194.2700,38
W,3,194.2712,35
Co,3,194.2797,89
Sr,3,194.2802,54
Re,3,194.2866,40
Pt,2,194.2881,3
Mn,3,194.2890,32
Xe,3,194.2913,46
Ca,3,194.3012,89
Na,3,194.3047,13
Fe,3,194.3201,27
Rb,2,194.3205,28
Mn,3,194.3210,78
Na,3,194.3347,43
Fe,3,194.3476,99
Na,3,194.3516,53
Cd,2,194.3540,65
Mn,2,194.3541,14
Os,3,194.3599,91
Be,1,194.3680,71
Fe,3,194.3720,48
W,3,194.3756,45
Fe,3,194.3957,11
Ge,1,194.4118,63
Mn,2,194.4160,14
Zr,3,194.4266,52
S,2,194.4379,7
Pt,2,194.4462,97
Si,2,194.4590,14
Cu,2,194.4596,93
Ge,1,194.4731,77
Pt,1,194.4771,22
Re,3,194.4826,71
Mn,2,194.5150,52
Pt,1,194.5221,32
Pt,2,194.5221,51
Co,3,194.5237,95
Rb,2,194.5286,20
Ne,3,194.5300,71
W,3,194.5336,59
Fe,3,194.5339,93
Ne,2,194.5452,63
Ne,3,194.5460,82
Zn,2,194.5583,28
V,2,194.5647,36
Fe,3,194.5721,57
W,3,194.5728,71
Ne,3,194.6002,84
Zr,3,194.6048,78
Rb,2,194.6123,2
Sb,3,194.6130,47
Gd,3,194.6260,14
Fe,3,194.6312,37
Ag,3,194.6320,29
Os,3,194.6413,88
Na,3,194.6426,70
Cu,2,194.6493,65
Zr,3,194.6573,81
Ne,3,194.6656,13
Re,3,194.6757,29
Fe,3,194.6763,84
Os,3,194.6789,10
Co,1,194.6790,55
Co,3,194.6794,96
W,3,194.6882,64
Zr,3,194.6908,60
Fe,3,194.7038,5
Na,3,194.7324,0
Pt,2,194.7329,9
Ne,3,194.7456,13
Hg,2,194.7491,25
Co,3,194.7622,72
Rb,2,194.7717,12
Fe,3,194.7915,37
Mn,2,194.7932,52
Ir,2,194.8072,87
Co,3,194.8075,21
Fe,3,194.8160,48
Ca,3,194.8257,91
Fe,3,194.8276,70
Ag,3,194.8440,2
Ne,3,194.8481,13
Pt,2,194.8482,29
Ti,3,194.8508,31
Fe,3,194.8600,13
Hg,2,194.8622,62
Co,3,194.8656,90
Au,3,194.8790,71
Re,3,194.8892,21
Pt,2,194.8971,76
W,3,194.8990,9
Co,3,194.8999,76
Os,3,194.9096,23
Si,2,194.9330,0
Fe,3,194.9459,84
Co,3,194.9531,82
Si,2,194.9560,54
Fe,3,194.9657,85
Co,3,194.9811,95
Pt,1,194.9814,76
Pt,2,194.9910,90
Cr,2,195.0080,11
Sc,2,195.0085,17
Co,2,195.0101,61
Mn,2,195.0143,52
Fe,3,195.0336,98
Yb,3,195.0340,45
Ce,3,195.0360,1
S,2,195.0378,98
Sb,1,195.0390,60
Co,3,195.0637,56
Ne,3,195.0746,26
Ba,3,195.0814,0
Na,3,195.0906,71
Co,3,195.0916,98
Co,3,195.0980,92
Sr,3,195.1003,2
Fe,3,195.1006,100
W,3,195.1171,64
Na,3,195.1237,83
Fe,3,195.1330,48
Ne,3,195.1371,44
S,2,195.1379,5
Ne,3,195.1509,31
W,3,195.1541,45
Pd,3,195.1560,39
W,3,195.1693,64
Ne,2,195.1727,20
Pt,1,195.1770,40
Zr,3,195.1824,5
Ca,3,195.1888,54
Co,1,195.1900,56
Zn,2,195.1911,29
Au,1,195.1930,31
Ne,3,195.2096,52
Sn,1,195.2126,88
Ca,3,195.2133,78
Co,3,195.2158,90
Os,3,195.2243,98
Ne,3,195.2312,44
Fe,3,195.2343,85
Mn,3,195.2360,58
Fe,3,195.2514,70
Mn,3,195.2520,92
Ni,3,195.2540,75
Cu,2,195.2579,63
Fe,3,195.2654,91
Pt,2,195.2694,44
Re,3,195.2713,95
S,2,195.2766,5
Ca,3,195.2823,57
W,3,195.2872,59
Os,3,195.2931,15
Sc,2,195.2959,31
Zn,2,195.2999,44
Os,3,195.3028,26
Ca,3,195.3064,78
Hg,2,195.3074,26
Rb,2,195.3088,4
Ne,3,195.3115,44
W,3,195.3181,36
Fe,3,195.3194,70
Mn,2,195.3230,71
Pt,2,195.3247,31
Ca,3,195.3295,54
Fe,3,195.3328,91
In,2,195.3340,53
B,3,195.3495,94
Fe,3,195.3496,88
Ca,3,195.3546,86
Fe,3,195.3819,21
B,3,195.3827,95
Zr,3,195.3893,30
Co,3,195.3943,95
Fe,3,195.3966,70
Sc,2,195.4059,18
Co,1,195.4220,67
Fe,3,195.4230,85
Rb,2,195.4235,76
Rh,3,195.4250,38
Re,3,195.4563,46
Bi,1,195.4706,81
W,3,195.4712,23
Pt,2,195.4744,88
Fe,3,195.4763,78
Co,3,195.4799,99
Mn,2,195.4810,52
Mg,3,195.4831,37
Zn,2,195.4872,37
Co,3,195.4883,94
W,3,195.4905,46
Be,3,195.4970,50
Si,1,195.4970,61
Fe,3,195.4982,91
Re,3,195.4998,94
Ge,1,195.5115,78
W,3,195.5134,46
Co,1,195.5170,68
Ne,3,195.5185,45
Na,3,195.5326,35
Re,3,195.5333,16
S,2,195.5359,5
Ne,3,195.5410,63
Sn,3,195.5501,9
Co,3,195.5507,89
Pt,2,195.5539,14
Fe,3,195.5710,21
Co,3,195.5794,97
Re,3,195.5890,4
Fe,3,195.5941,37
Co,3,195.6014,96
Ne,3,195.6030,5
Fe,3,195.6094,27
Na,3,195.6314,28
Ne,3,195.6319,19
Re,3,195.6375,11
Pt,2,195.6495,27
Sc,2,195.6535,42
Rb,2,195.6540,66
Fe,3,195.6596,21
Mn,3,195.6610,35
Be,1,195.6630,6
Ne,3,195.6748,72
Fe,3,195.7137,78
Os,3,195.7234,58
Hg,2,195.7320,73
Fe,3,195.7378,78
Co,2,195.7429,49
O,2,195.7441,20
Cu,2,195.7518,69
Ag,3,195.7620,95
Ne,3,195.7634,79
Hg,2,195.7759,6
Ar,3,195.7846,14
Os,3,195.7866,28
Fe,3,195.7941,85
S,2,195.7989,4
W,3,195.8029,64
Ne,3,195.8055,31
Ca,3,195.8149,63
Ne,3,195.8206,36
S,2,195.8239,95
Al,2,195.8247,30
Ne,3,195.8339,26
Sr,3,195.8443,82
Au,3,195.8470,24
Pt,2,195.8503,81
Co,1,195.8550,56
Co,3,195.8587,84
Fe,3,195.8590,94
Fe,3,195.8746,86
Al,2,195.8770,0
Ne,3,195.8844,45
Ir,2,195.8851,76
Ar,3,195.8890,35
Re,3,195.8936,15
Ca,3,195.8971,83
Ne,3,195.9001,5
Fe,3,195.9027,78
Re,3,195.9043,71
S,2,195.9094,20
Re,3,195.9103,57
Mn,2,195.9246,71
Ag,3,195.9270,23
Os,3,195.9294,79
Kr,3,195.9320,3
Fe,3,195.9336,91
Hg,2,195.9340,0
Co,3,195.9418,99
Fe,3,195.9499,28
Fe,3,195.9735,13
Ge,2,195.9781,36
Na,3,196.0000,71
Kr,3,196.0020,55
Os,3,196.0031,33
Pt,1,196.0038,20
Bi,1,196.0049,65
B,3,196.0060,35
Fe,3,196.0157,71
Sn,1,196.0207,40
O,2,196.0265,20
Al,2,196.0322,12
Fe,3,196.0325,99
W,3,196.0451,71
Al,2,196.0646,12
Al,2,196.0846,32
Ag,3,196.0860,5
Se,1,196.0900,90
Fe,3,196.1009,80
Fe,3,196.1237,86
Zr,3,196.1239,60
Cs,3,196.1335,5
Pt,2,196.1380,67
B,3,196.1420,13
Co,3,196.1447,86
Fe,3,196.1456,58
Pt,1,196.1525,60
Co,1,196.1590,57
Sc,2,196.1596,42
Pt,1,196.1653,31
Fe,3,196.1725,59
Zr,3,196.1923,86
Ge,1,196.2013,87
Mn,3,196.2040,34
Pt,1,196.2111,44
Mg,3,196.2145,37
O,2,196.2210,65
Fe,3,196.2278,38
Pt,2,196.2341,69
W,3,196.2416,71
Re,3,196.2467,31
Al,2,196.2590,64
Al,2,196.2645,31
Co,3,196.2659,19
Al,2,196.2691,63
Fe,3,196.2722,80
Al,2,196.2735,64
Ar,3,196.2745,35
Al,2,196.2763,55
Yb,3,196.2800,15
Zr,3,196.2829,59
Te,2,196.2878,95
Fe,3,196.2956,71
B,3,196.2960,23
Pt,1,196.3141,84
Fe,3,196.3195,48
Ge,1,196.3375,64
Fe,3,196.3464,59
W,3,196.3722,9
Co,3,196.3743,91
O,2,196.3793,40
Fe,3,196.4063,59
Fe,3,196.4175,81
O,2,196.4269,20
Fe,3,196.4283,81
Sb,1,196.4300,27
S,2,196.4339,4
Fe,3,196.4388,38
Zn,2,196.4538,46
Pt,1,196.4576,36
Os,3,196.4577,60
Be,1,196.4590,92
Ca,3,196.4614,93
B,3,196.4660,15
Co,3,196.4758,60
Fe,3,196.4784,81
Al,2,196.4990,52
Zr,3,196.5077,26
Rh,3,196.5160,32
Al,2,196.5316,32
Fe,3,196.5317,87
Ge,1,196.5384,65
Pt,2,196.5436,54
Ar,3,196.5490,48
Cd,2,196.5540,37
Ba,3,196.5541,17
Co,3,196.5897,17
In,2,196.5980,79
Fe,3,196.6078,81
Zr,3,196.6198,86
Fe,3,196.6209,71
Ge,2,196.6317,37
Re,3,196.6579,23
Co,3,196.6676,67
In,2,196.6709,100
Fe,3,196.6749,94
Ne,3,196.6822,52
Ag,3,196.6890,77
Sr,3,196.6915,82
Re,3,196.7125,99
Yb,3,196.7130,57
Ag,2,196.7325,74
Fe,3,196.7354,71
Os,3,196.7354,64
W,3,196.7356,23
Na,2,196.7634,18
S,2,196.7687,84
Co,3,196.7735,8
Zr,3,196.7750,48
Hg,2,196.7771,6
Rb,3,196.7869,0
Ca,3,196.7936,94
Cu,2,196.8008,4
Na,3,196.8230,14
Os,3,196.8379,7
Fe,3,196.8529,38
Fe,3,196.8624,94
Co,1,196.8690,57
Os,3,196.8715,47
Co,1,196.8930,58
Ne,3,196.8931,13
Ne,3,196.9123,31
Mn,2,196.9240,53
Hg,2,196.9241,2
Pt,2,196.9278,71
Co,3,196.9298,77
Re,3,196.9388,42
Zn,2,196.9404,47
W,3,196.9439,9
Yb,3,196.9470,21
Pt,1,196.9681,85
Yb,3,196.9730,38
Fe,3,196.9731,13
Ne,3,196.9761,31
Mn,2,196.9950,14
Pt,2,197.0001,84
Co,3,197.0057,98
W,3,197.0145,23
Na,3,197.0221,7
Fe,3,197.0226,38
Os,3,197.0389,25
Cu,2,197.0494,81
W,3,197.0494,60
Re,3,197.0563,18
Co,1,197.0710,82
W,3,197.0743,79
S,2,197.0878,99
Ge,1,197.0879,79
W,3,197.0919,46
Na,3,197.0986,1
Re,3,197.1012,38
Co,1,197.1160,68
Mn,2,197.1220,14
Fe,3,197.1324,21
Rb,2,197.1419,59
Sn,1,197.1450,48
Fe,3,197.1456,28
W,3,197.1464,88
Mg,3,197.1514,20
Pt,1,197.1536,92
Os,3,197.1640,66
Re,3,197.1688,54
Co,3,197.1889,87
Cu,3,197.1950,14
Ca,3,197.1992,58
Fe,3,197.2253,59
Ne,3,197.2263,36
Co,3,197.2283,4
Pd,3,197.2290,25
Pb,1,197.2439,6
Fe,3,197.2491,14
Co,1,197.2520,69
Co,3,197.2527,33
Re,3,197.2570,50
Ra,2,197.2600,41
Zr,3,197.2604,26
As,1,197.2620,96
Re,3,197.2639,37
Fe,3,197.2642,60
Na,3,197.2780,32
Ca,3,197.2823,90
W,3,197.2925,71
Os,3,197.2979,94
Co,3,197.3082,40
Ba,3,197.3231,12
Ar,3,197.3300,15
Hg,2,197.3479,40
Fe,3,197.3580,39
W,3,197.3580,21
Co,3,197.3669,70
Co,3,197.3755,74
Ar,3,197.3794,35
Hg,2,197.3794,94
Co,1,197.3850,58
Na,3,197.3860,2
Yb,3,197.3960,2
Cr,2,197.3995,5
Mn,2,197.4100,15
Na,3,197.4150,36
Yb,3,197.4180,2
Ne,3,197.4327,14
Gd,3,197.4340,19
Re,3,197.4655,92
Mg,3,197.4737,49
Ba,3,197.4757,0
Ne,3,197.4757,45
Co,3,197.4882,97
Zr,3,197.4913,78
Gd,3,197.5240,85
Kr,2,197.5251,6
W,3,197.5493,72
Kr,3,197.5560,72
Na,3,197.5617,10
Ag,3,197.5920,86
Ra,2,197.6000,11
Fe,3,197.6137,92
Yb,3,197.6460,37
S,2,197.6535,89
Os,3,197.6593,36
V,2,197.6628,1
Na,3,197.6700,37
W,3,197.6701,96
Ir,2,197.6714,56
Re,3,197.6750,32
Pt,2,197.6790,7
Co,1,197.6970,69
Ca,3,197.7013,84
Cu,2,197.7027,61
Ag,3,197.7030,80
Co,3,197.7033,94
Na,3,197.7161,54
Os,3,197.7234,67
In,2,197.7328,99
Co,3,197.7459,65
Re,3,197.7480,80
Pd,3,197.7530,32
Mg,3,197.7554,76
W,3,197.7606,60
S,2,197.7739,2
Sn,1,197.7820,68
Pb,1,197.7876,2
W,3,197.7928,65
Re,3,197.7943,43
Hg,2,197.8036,15
Os,3,197.8077,17
Au,1,197.8190,31
Ge,3,197.8220,2
Fe,3,197.8417,89
Co,3,197.8421,26
Ca,3,197.8551,84
Fe,3,197.8630,60
Pt,2,197.8696,60
W,3,197.8765,72
Hg,2,197.8804,80
Pt,2,197.8844,92
Ir,2,197.8924,72
Co,3,197.8949,89
Mn,3,197.8950,59
Fe,3,197.9007,60
Nb,3,197.9070,27
Os,3,197.9121,37
B,3,197.9160,85
Ge,2,197.9274,85
Mg,3,197.9327,82
Fe,3,197.9462,5
Sc,2,197.9466,2
Pt,2,197.9514,52
Pt,1,197.9765,91
Fe,3,197.9804,5
Pt,2,197.9888,64
Cu,2,197.9956,95
W,3,198.0022,65
Os,3,198.0106,90
Co,3,198.0114,91
Fe,3,198.0395,74
Os,3,198.0423,87
W,3,198.0590,79
W,3,198.0628,24
Hg,2,198.0702,0
W,3,198.0859,24
Co,1,198.0890,74
Co,3,198.1015,34
Zr,3,198.1174,29
Ca,3,198.1192,87
Co,3,198.1349,87
Cs,3,198.1468,1
Hg,2,198.1512,43
Re,3,198.1588,51
Os,3,198.1591,82
S,2,198.1662,98
Zr,3,198.1685,32
Yb,3,198.1740,0
Ru,3,198.1820,23
Re,3,198.1840,5
Co,3,198.1869,37
Ag,3,198.1870,32
Co,3,198.2042,54
Fe,3,198.2084,96
Ru,3,198.2100,30
Sc,2,198.2109,2
Zn,2,198.2111,49
Cu,2,198.2150,25
Ne,3,198.2237,63
Co,3,198.2338,59
Zr,3,198.2574,26
Mn,3,198.2760,49
Cr,2,198.2779,22
Fe,3,198.2813,89
Re,3,198.2901,98
Zr,3,198.3057,56
Fe,3,198.3141,49
Rb,2,198.3191,76
Fe,3,198.3557,49
Cl,3,198.3610,10
S,2,198.3643,89
Al,2,198.3650,33
Fe,3,198.3678,82
Pt,2,198.3747,91
Yb,3,198.3880,1
Re,3,198.3913,36
Fe,3,198.4038,87
V,2,198.4068,43
Sn,1,198.4171,69
Fe,3,198.4296,89
Re,3,198.4308,52
Co,3,198.4315,68
W,3,198.4331,72
Si,1,198.4430,0
Fe,3,198.4466,22
Fe,3,198.4558,22
Pt,2,198.4570,70
Yb,3,198.4620,38
Cu,2,198.4763,20
W,3,198.4951,80
S,2,198.5025,94
Na,3,198.5030,15
Fe,3,198.5105,82
Be,1,198.5130,52
Nb,3,198.5150,1
Mg,3,198.5173,50
Co,3,198.5276,32
Xe,3,198.5405,24
Na,3,198.5567,80
B,3,198.5600,1
Zn,2,198.5608,35
W,3,198.5732,65
Yb,3,198.5740,1
Ba,2,198.5755,11
W,3,198.6033,100
Sb,1,198.6050,21
Fe,3,198.6260,28
Yb,3,198.6430,58
Co,3,198.6432,6
Re,3,198.6543,62
Co,3,198.6684,47
Zr,3,198.6731,30
Fe,3,198.6832,14
Pt,1,198.6885,5
Cd,2,198.6890,31
Zn,2,198.6988,51
Fe,3,198.7000,49
Ag,3,198.7020,56
Rb,2,198.7086,44
Co,3,198.7195,81
C,2,198.7330,85
Fe,3,198.7509,100
Re,3,198.7562,88
Pt,1,198.7699,27
Rb,2,198.7747,23
C,2,198.7760,91
Pt,1,198.7787,79
Os,3,198.7796,4
Re,3,198.7809,39
Fe,3,198.7821,87
Sc,2,198.7832,3
Hg,2,198.7841,92
Ge,1,198.7850,82
Pt,2,198.7856,58
Co,3,198.7939,69
Ba,3,198.7944,18
Kr,3,198.7950,55
Ir,2,198.7989,97
Pt,2,198.8061,77
C,2,198.8090,94
Re,3,198.8219,82
Bi,3,198.8257,55
Ge,1,198.8268,83
W,3,198.8407,65
Co,3,198.8490,35
C,2,198.8510,84
Al,2,198.8699,12
Co,3,198.8795,50
Cd,3,198.8810,50
Ne,2,198.9051,20
Pt,1,198.9106,86
Re,3,198.9123,58
Fe,3,198.9138,28
Ru,3,198.9220,70
Bi,2,198.9350,67
W,2,198.9394,17
Fe,3,198.9397,29
Os,3,198.9500,53
Ba,3,198.9500,18
Ca,3,198.9512,74
Mn,3,198.9590,51
Co,3,198.9598,97
Au,3,198.9630,92
Co,3,198.9653,83
W,3,198.9778,24
Zr,3,198.9786,86
Co,1,198.9800,59
Yb,3,198.9820,58
Co,2,198.9845,53
Cu,2,198.9855,93
Fe,3,198.9983,87
Ir,2,199.0007,70
Sb,2,199.0170,1
Cu,2,199.0180,80
Na,3,199.0240,38
Co,1,199.0340,70
Sb,2,199.0340,3
As,1,199.0350,68
Al,2,199.0531,86
Ce,3,199.0540,0
Pt,2,199.0574,94
Co,3,199.0588,29
Co,3,199.0817,57
Zr,3,199.0879,57
Na,3,199.0989,39
W,3,199.1035,60
Al,2,199.1050,0
Co,3,199.1104,24
As,1,199.1130,13
Yb,3,199.1140,49
Fe,3,199.1210,39
Co,3,199.1288,15
Pt,2,199.1428,65
Hf,3,199.1440,2
Re,3,199.1464,87
Rb,2,199.1472,51
Pt,1,199.1583,78
Pb,1,199.1604,3
Fe,3,199.1618,98
Na,3,199.1633,21
Sn,3,199.1673,8
W,3,199.1777,97
Si,1,199.1850,33
Sn,1,199.1868,34
Cu,1,199.1876,5
Co,3,199.1935,45
S,1,199.1937,9
Os,3,199.2011,20
Fe,3,199.2026,89
Co,3,199.2159,72
Pt,1,199.2194,17
Pt,2,199.2194,39
Fe,3,199.2206,90
Pb,1,199.2314,4
W,3,199.2321,9
Fe,3,199.2432,49
Co,3,199.2576,6
Fe,3,199.2867,72
Re,3,199.2927,24
K,2,199.3007,71
S,2,199.3231,97
Re,3,199.3258,68
Fe,3,199.3276,88
Sr,3,199.3302,46
Ru,3,199.3320,77
Ir,2,199.3343,90
Zn,2,199.3367,12
Co,3,199.3626,86
C,1,199.3627,100
Ir,2,199.3710,76
K,2,199.3714,88
Mg,3,199.3759,38
Cu,2,199.3839,47
Sc,3,199.3886,92
Mn,2,199.3990,15
Fe,3,199.4081,98
Mg,3,199.4089,20
Ne,2,199.4095,43
Mn,2,199.4230,71
Fe,3,199.4256,50
Cu,2,199.4257,28
Rh,3,199.4260,42
Co,3,199.4275,8
K,2,199.4285,92
Ag,2,199.4317,91
Ba,3,199.4354,23
Fe,3,199.4383,60
Zr,3,199.4420,51
Os,3,199.4650,48
W,3,199.4660,0
Fe,3,199.4841,72
Te,1,199.4841,90
Ir,2,199.4860,73
Sn,1,199.4975,35
Yb,3,199.5050,49
Se,1,199.5100,39
Ag,3,199.5160,26
Fe,3,199.5271,82
Sc,2,199.5288,42
Co,3,199.5392,82
As,1,199.5430,15
Cd,2,199.5430,82
K,2,199.5557,5
Fe,3,199.5566,94
Na,3,199.5675,55
Ir,2,199.5777,74
Pt,1,199.5899,83
S,2,199.5960,17
Mn,1,199.6060,98
W,3,199.6316,36
Os,3,199.6425,93
Fe,3,199.6429,98
Cs,3,199.6564,20
Cr,2,199.6641,11
S,2,199.6765,87
Co,3,199.6821,13
Au,3,199.6850,55
Zn,2,199.6922,13
B,2,199.6930,53
Zr,3,199.6943,12
In,2,199.7030,48
Nb,3,199.7110,2
Ir,2,199.7179,92
Os,3,199.7197,9
Yb,3,199.7280,54
W,3,199.7286,97
Cl,2,199.7370,15
W,3,199.7376,24
S,2,199.7518,100
Ru,3,199.7550,37
Re,3,199.7610,67
Yb,3,199.7660,54
W,3,199.7801,25
Pt,2,199.7837,9
Re,3,199.7855,29
W,3,199.7948,22
Be,1,199.8010,94
In,2,199.8040,30
W,3,199.8160,25
Co,3,199.8201,32
W,2,199.8423,1
Co,1,199.8490,59
Cu,2,199.8558,47
Na,3,199.8584,22
W,3,199.8659,8
Cr,2,199.8749,35
S,2,199.8765,94
Yb,3,199.8820,85
Fe,3,199.8825,14
Co,3,199.8857,30
Ge,1,199.8887,87
Ag,2,199.8935,35
Fe,3,199.9095,39
Re,3,199.9115,96
Fe,3,199.9400,39
Fe,3,199.9423,82
Ne,3,199.9431,52
Zr,3,199.9472,61
Cu,1,199.9500,12
Mn,1,199.9510,99
Cu,2,199.9533,65
Fe,3,199.9584,95
Ag,3,199.9590,89
Fe,3,199.9595,90
Re,3,199.9633,36
Ca,3,199.9663,88
Cu,2,199.9698,96
Na,3,199.9748,29
Re,3,199.9750,100
Co,3,199.9786,75
W,3,199.9887,72
Co,3,199.9890,56
Fe,3,199.9896,61
Ca,3,199.9919,67
W,3,199.9950,46
Hg,2,199.9987,1
Re,3,200.0023,33
Fe,3,200.0046,72
Co,3,200.0066,44
Te,1,200.0260,86
Fe,2,200.0377,58
Pt,2,200.0445,16
W,3,200.0480,73
S,2,200.0514,74
Fe,3,200.0593,40
Cd,3,200.0600,67
Re,3,200.0664,34
Ag,2,200.0685,83
Ne,3,200.0714,63
Au,2,200.0810,26
W,3,200.0850,36
Ca,3,200.0895,88
W,3,200.1020,0
Co,3,200.1085,88
Os,3,200.1144,63
Fe,3,200.1160,72
Fe,3,200.1264,73
Ba,3,200.1297,59
Re,3,200.1338,7
Fe,3,200.1372,40
Ca,3,200.1402,84
Os,1,200.1450,97
V,2,200.1451,9
Re,3,200.1463,89
Fe,3,200.1490,40
Ne,3,200.1491,91
S,2,200.1570,58
V,2,200.1653,1
Cu,1,200.1672,28
W,3,200.1757,73
Fe,3,200.1828,79
Hg,1,200.1910,21
Zr,3,200.1911,87
Co,3,200.1941,58
Cu,1,200.1947,5
S,2,200.1985,89
Te,1,200.2019,93
W,3,200.2139,10
Co,3,200.2160,27
Pd,3,200.2160,75
Ne,3,200.2243,19
S,2,200.2278,85
Co,1,200.2320,60
Os,3,200.2413,83
Fe,3,200.2477,73
Fe,3,200.2601,61
Ir,2,200.2757,86
Co,3,200.2790,28
Ne,3,200.2842,45
Cu,2,200.2903,61
Mg,3,200.2917,21
Cs,3,200.2950,8
Ca,3,200.2987,85
Pt,2,200.3142,23
Zr,3,200.3232,50
Re,3,200.3248,44
As,1,200.3340,80
Fe,3,200.3503,86
Re,1,200.3530,99
S,2,200.3540,65
Os,1,200.3730,98
Mn,1,200.3850,99
Pt,2,200.3856,14
Co,3,200.3890,67
W,3,200.3989,36
Cd,3,200.4070,54
Pt,1,200.4127,74
Na,3,200.4215,55
Co,3,200.4272,54
Fe,3,200.4289,6
Pt,2,200.4323,53
Zr,3,200.4469,0
Pd,3,200.4470,89
Zr,3,200.4620,8
Hg,2,200.4667,26
Os,3,200.4697,96
V,2,200.4787,88
Mg,3,200.4860,63
Fe,3,200.4949,57
Fe,3,200.5088,79
Rh,3,200.5140,35
Na,3,200.5217,62
Os,3,200.5448,6
Fe,3,200.5451,58
Pt,2,200.5489,22
Co,3,200.5528,62
Na,3,200.5546,44
Ru,3,200.5710,83
Fe,3,200.5712,73
W,3,200.5799,93
Ba,3,200.5846,18
B,2,200.5868,80
B,2,200.6080,65
B,2,200.6229,47
Fe,3,200.6268,73
S,2,200.6367,55
Ra,2,200.6400,12
Ru,3,200.6460,43
W,3,200.6539,47
Os,3,200.6724,34
W,3,200.6729,10
S,2,200.6754,73
Zr,3,200.6812,94
Cl,3,200.6840,6
Ar,3,200.6850,36
Re,3,200.6866,35
V,2,200.6889,71
Re,3,200.7003,17
Ne,2,200.7009,20
Ge,2,200.7039,55
W,3,200.7104,97
Ir,2,200.7180,88
Co,3,200.7280,25
Nb,3,200.7280,4
Ag,3,200.7300,68
W,3,200.7313,95
Ti,3,200.7360,16
Sr,3,200.7431,46
Co,3,200.7472,41
Cd,2,200.7490,66
Tl,1,200.7560,69
W,3,200.7622,88
Mg,3,200.7623,0
Pt,2,200.7757,96
S,2,200.7758,45
W,3,200.7836,25
Fe,3,200.7858,86
Cr,2,200.7989,48
Co,1,200.8040,37
Sn,1,200.8072,40
W,2,200.8096,54
In,2,200.8120,31
Zr,3,200.8171,79
Rb,3,200.8210,26
S,2,200.8375,55
Ba,3,200.8403,80
Fe,3,200.8470,79
Na,3,200.8470,63
Co,3,200.8556,45
Ir,2,200.8558,69
Mg,3,200.8771,21
Gd,3,200.8790,15
Cs,3,200.8905,8
As,1,200.9190,18
Re,3,200.9248,20
Cu,1,200.9252,28
Ru,3,200.9280,97
Kr,3,200.9300,30
Sc,2,200.9340,3
Re,3,200.9359,74
Os,3,200.9692,85
W,3,200.9695,1
Os,1,201.0150,99
Hg,2,201.0342,4
Fe,3,201.0381,74
Sc,3,201.0420,81
Co,3,201.0592,81
Ir,1,201.0650,99
Fe,2,201.0697,48
Fe,3,201.0711,79
Kr,3,201.0740,48
Ti,3,201.0800,41
Si,1,201.0970,1
Pt,2,201.1025,34
Ru,3,201.1170,50
Re,3,201.1242,85
W,3,201.1250,37
Ge,1,201.1293,80
Ir,2,201.1472,73
Ag,3,201.1490,59
Co,2,201.1516,79
Fe,3,201.1544,80
Ru,3,201.1560,3
Co,3,201.1621,93
W,3,201.1659,66
Ru,3,201.1660,10
Fe,3,201.1671,68
B,3,201.1860,30
Na,3,201.1865,86
Fe,3,201.1889,68
Mn,2,201.1928,15
Zn,2,201.1940,53
Ne,3,201.2042,6
Au,1,201.2050,100
Co,3,201.2103,58
Mn,2,201.2119,15
Pt,2,201.2123,70
Fe,3,201.2248,40
Sc,3,201.2256,75
S,2,201.2401,35
Pt,1,201.2594,43
V,2,201.2652,2
Fe,3,201.2685,80
Pt,2,201.2716,55
Co,3,201.2719,79
Ra,2,201.2750,28
Hf,2,201.2780,99
V,2,201.2848,2
Cu,2,201.2980,88
Re,3,201.2989,14
Co,3,201.3000,46
Cu,3,201.3220,33
Zr,3,201.3251,51
Sc,2,201.3265,18
O,3,201.3270,99
As,1,201.3320,20
B,3,201.3600,43
Ag,3,201.3650,35
Sr,3,201.3673,54
Rh,3,201.3710,58
Mg,3,201.3838,1
Co,3,201.3882,94
Mn,2,201.3895,16
Os,3,201.4040,42
Ca,3,201.4103,80
Na,3,201.4169,64
V,2,201.4188,83
V,2,201.4208,43
Re,3,201.4337,69
Fe,3,201.4421,50
Fe,3,201.4523,11
Co,1,201.4580,51
Fe,3,201.4791,50
Pt,2,201.4932,98
Re,3,201.5060,59
Fe,3,201.5069,58
Mo,2,201.5110,99
Hg,2,201.5171,5
Ru,3,201.5200,57
Fe,3,201.5210,12
Fe,2,201.5487,12
Pt,2,201.5519,51
V,2,201.5559,13
B,3,201.5570,75
Cu,2,201.5582,86
Re,3,201.5683,57
Sn,1,201.5751,44
V,2,201.5758,2
W,2,201.5779,31
Co,3,201.5807,77
Al,2,201.5864,65
Cu,2,201.5866,51
Co,3,201.5891,30
Ag,2,201.5905,79
Co,3,201.6022,71
Al,2,201.6053,77
Cd,3,201.6120,59
Co,1,201.6170,38
Al,2,201.6193,67
Al,2,201.6234,77
Sc,2,201.6304,3
Al,2,201.6334,55
W,3,201.6340,80
Al,2,201.6369,70
Ir,2,201.6483,21
Zr,3,201.6569,56
O,2,201.6589,21
Fe,3,201.6713,69
Pt,1,201.6720,53
Mg,3,201.6752,1
Co,3,201.6772,20
Cu,2,201.6896,87
Pt,2,201.6905,60
Na,3,201.7024,72
Na,2,201.7137,42
Os,3,201.7144,21
Na,3,201.7230,3
Hg,2,201.7249,8
Fe,3,201.7300,69
Co,3,201.7302,33
Rh,3,201.7470,45
Cu,2,201.7610,67
Fe,3,201.7625,20
W,3,201.7674,89
Sc,2,201.7683,18
Re,1,201.7870,99
C,2,201.7940,83
Os,3,201.7948,77
Os,3,201.8010,50
Gd,3,201.8070,96
Os,1,201.8140,100
B,2,201.8150,68
Re,3,201.8204,27
Pt,2,201.8329,72
C,2,201.8380,86
Ir,2,201.8483,78
Fe,3,201.8576,77
Ru,3,201.8580,17
Ca,3,201.8697,86
Fe,2,201.8777,26
Co,3,201.8920,32
Kr,2,201.9050,18
Zr,3,201.9055,54
Ge,1,201.9068,97
Co,3,201.9178,11
Ge,3,201.9220,5
Re,3,201.9322,73
Co,3,201.9411,80
Pt,2,201.9665,5
Os,3,201.9710,40
Ir,2,201.9711,88
Pt,2,201.9836,42
Co,3,202.0040,27
Mo,2,202.0300,100
O,2,202.0340,41
Pt,1,202.0543,80
Fe,2,202.0751,28
W,3,202.0753,80
Ca,3,202.0772,80
Sn,1,202.0829,42
Re,3,202.0832,28
W,3,202.0850,66
Cs,3,202.0918,37
Bi,3,202.0958,33
Bi,1,202.1149,63
Co,3,202.1381,38
Au,1,202.1390,98
Zr,3,202.1402,52
O,2,202.1445,21
Ti,2,202.1501,19
Cr,2,202.1583,5
Os,3,202.1604,69
Os,3,202.1913,1
Pb,1,202.2016,7
Fe,3,202.2037,46
Al,2,202.2081,52
W,3,202.2144,80
Mn,3,202.2190,37
Cu,2,202.2191,68
Ge,3,202.2250,22
Na,3,202.2295,45
Hg,2,202.2298,26
Hg,2,202.2326,59
Sc,2,202.2330,3
Ir,1,202.2350,99
Co,2,202.2354,76
W,3,202.2370,47
Mg,3,202.2404,2
Ba,3,202.2445,74
Os,1,202.2760,98
O,2,202.2768,21
Co,3,202.2817,52
Ir,2,202.2831,91
Pt,2,202.2952,82
Na,3,202.3225,29
Ir,2,202.3240,33
Fe,3,202.3298,76
O,2,202.3332,21
Re,3,202.3367,6
P,1,202.3489,57
Pt,1,202.3541,42
V,2,202.3565,69
Co,3,202.3695,5
O,2,202.3740,41
Zr,3,202.3785,7
Fe,3,202.3815,20
Cu,1,202.3947,28
Mg,3,202.3980,2
Sb,1,202.4000,13
Cu,1,202.4002,5
Re,3,202.4008,78
Ba,2,202.4056,6
Mg,3,202.4285,22
Cu,1,202.4327,99
Ir,2,202.4327,63
Cu,1,202.4338,99
Co,3,202.4455,84
Os,3,202.4487,12
P,1,202.4516,39
Pt,1,202.4636,31
Co,3,202.4654,5
Kr,3,202.4780,60
Co,3,202.4862,52
Sr,3,202.4886,38
Cs,2,202.4966,48
W,3,202.5037,37
Re,3,202.5061,93
Fe,3,202.5288,56
W,3,202.5468,1
W,2,202.5471,2
Zn,2,202.5485,83
Cu,2,202.5488,94
Kr,3,202.5490,55
Fe,3,202.5495,66
Ne,2,202.5560,21
Fe,3,202.5582,77
W,3,202.5652,47
W,2,202.5655,2
Sc,2,202.5681,18
Co,2,202.5759,59
Re,3,202.5813,1
Mg,1,202.5824,59
Co,3,202.5841,78
Ag,2,202.5858,33
Pt,1,202.5872,51
W,3,202.5908,73
Cu,2,202.5919,39
Ba,3,202.5965,19
Fe,3,202.6046,90
Ca,3,202.6050,80
Xe,3,202.6062,25
W,2,202.6088,69
W,3,202.6142,1
Kr,3,202.6390,3
Ca,3,202.6589,64
Zr,3,202.6706,87
Hg,2,202.6860,94
Sn,1,202.6959,57
O,3,202.6960,70
Co,2,202.7040,75
Co,3,202.7041,100
O,2,202.7103,22
Cu,2,202.7134,79
W,3,202.7169,25
Ir,2,202.7260,66
Re,3,202.7437,12
F,3,202.7440,1
Ir,2,202.7456,32
O,2,202.7603,22
Ca,3,202.7667,65
Gd,3,202.7820,60
Mn,3,202.7830,94
Sr,3,202.8115,47
Mn,3,202.8140,61
Hf,2,202.8180,100
Os,1,202.8230,99
Os,3,202.8241,18
Cs,2,202.8322,38
W,3,202.8482,81
Rh,3,202.8530,48
Na,3,202.8553,73
Fe,3,202.8564,36
Co,3,202.8567,85
Pt,1,202.8592,36
Ne,3,202.8592,26
Ir,2,202.8650,89
Sc,2,202.8674,4
Cs,3,202.8994,38
Co,3,202.9016,43
Xe,3,202.9023,0
Xe,3,202.9216,14
Nb,2,202.9320,100
Co,3,202.9423,16
Cu,2,202.9471,49
Sb,1,202.9490,22
Fe,3,202.9530,66
Hg,2,202.9574,16
Re,3,202.9576,77
Ga,3,202.9613,17
Cs,3,202.9867,20
Zr,3,202.9869,76
Cs,3,202.9897,47
Cu,2,202.9949,78
W,2,202.9995,73
Cs,3,203.0013,13
Zr,3,203.0043,65
Cs,3,203.0239,5
Rb,2,203.0287,4
F,3,203.0320,2
W,2,203.0321,2
Sc,2,203.0392,4
Co,3,203.0446,38
Pt,2,203.0498,21
Pt,1,203.0645,89
Co,3,203.0663,46
Rb,2,203.0716,12
W,3,203.0744,81
Fe,3,203.0772,56
Sc,2,203.0793,19
Co,3,203.0945,58
Cu,2,203.1036,90
Na,3,203.1128,74
W,3,203.1220,73
Re,3,203.1385,25
V,2,203.1405,2
Pt,2,203.1440,46
Pr,3,203.1460,27
Fe,3,203.1540,10
W,3,203.1588,47
Ir,2,203.1664,55
Hg,2,203.1753,4
Co,3,203.1807,93
Co,1,203.1960,38
Xe,3,203.1996,0
Cl,2,203.2116,16
W,3,203.2170,1
Fe,2,203.2410,22
Pt,1,203.2425,92
P,1,203.2432,65
Cd,2,203.2450,43
Nb,3,203.2470,5
Be,1,203.2650,61
Sn,3,203.2650,7
Co,2,203.2718,44
Mg,3,203.2923,22
Pt,1,203.2939,0
Nb,2,203.2990,99
Fe,3,203.3069,24
Co,3,203.3071,55
Co,3,203.3248,14
Pr,3,203.3300,43
Ne,3,203.3310,6
Ce,3,203.3340,1
Ca,3,203.3358,90
Fe,3,203.3442,9
P,1,203.3477,66
Ir,2,203.3485,63
Ir,1,203.3570,100
Co,3,203.3603,52
Zr,3,203.3707,22
Ir,2,203.3826,68
Cu,2,203.3844,60
Re,3,203.3870,70
Rb,2,203.3906,33
Ag,2,203.3927,82
Co,3,203.4274,69
Fe,3,203.4297,64
Os,1,203.4440,99
Fe,3,203.4548,36
K,2,203.4679,43
Fe,3,203.4708,76
Re,3,203.4716,8
Re,3,203.4983,84
Co,3,203.5029,5
Cs,3,203.5110,94
Fe,3,203.5110,54
Fe,3,203.5181,36
Pt,1,203.5267,34
Zr,3,203.5351,93
Fe,3,203.5373,24
K,2,203.5408,96
Ne,3,203.5529,1
W,3,203.5648,10
Pt,1,203.5798,75
Cu,2,203.5853,96
W,2,203.5889,77
Na,3,203.5897,65
Fe,3,203.5941,65
Co,3,203.6005,22
K,2,203.6014,85
Fe,3,203.6029,65
Cd,2,203.6230,64
Cr,3,203.6390,28
W,3,203.6403,26
W,2,203.6404,2
Co,3,203.6410,61
Fe,2,203.6437,12
Pt,2,203.6466,98
Os,3,203.6606,61
W,3,203.6627,48
Rh,3,203.6720,62
Al,2,203.6750,1
Fe,3,203.6850,54
Zr,3,203.6862,83
Cu,2,203.6920,81
Co,3,203.6947,23
K,2,203.7005,95
Cu,2,203.7127,95
Fe,3,203.7148,54
Sr,3,203.7169,47
Ir,2,203.7248,54
Fe,3,203.7302,84
Mn,2,203.7310,83
Ir,2,203.7381,30
Fe,3,203.7577,44
Rh,3,203.7610,52
W,3,203.7614,99
Mn,2,203.7643,83
Os,3,203.7703,45
Hg,2,203.7730,5
W,3,203.7731,74
Hf,3,203.7760,5
Na,3,203.7776,39
Co,3,203.7813,20
V,2,203.7835,31
Fe,3,203.8098,65
Re,3,203.8173,90
Mo,2,203.8440,99
Os,3,203.8474,39
W,3,203.8554,48
Fe,3,203.8627,44
Kr,3,203.8670,49
Co,2,203.8673,17
Fe,3,203.8743,55
Ba,3,203.8840,59
Fe,3,203.8915,55
Co,3,203.9159,83
Al,2,203.9220,1
V,2,203.9295,23
Ne,3,203.9307,53
Zn,2,203.9307,31
Al,2,203.9400,17
Ar,2,203.9492,5
Fe,3,203.9520,93
Mg,3,203.9553,94
Pt,1,203.9586,28
Cr,3,203.9630,4
Pt,1,203.9704,51
Sb,1,203.9770,26
In,2,203.9790,57
W,3,203.9799,81
Se,1,203.9800,92
Co,3,203.9830,66
Cd,3,203.9830,85
B,2,203.9840,36
Co,1,203.9950,60
Mn,2,203.9970,83
Co,3,204.0180,60
Rh,3,204.0180,68
Co,3,204.0236,60
Pt,1,204.0335,61
Fe,3,204.0406,63
Rb,2,204.0485,31
Fe,3,204.0550,75
Sn,1,204.0657,65
Fe,2,204.0690,53
Fe,3,204.0785,63
In,2,204.0810,43
Sn,1,204.0918,58
Zn,1,204.0920,53
Co,1,204.1110,51
Ne,3,204.1200,14
Ag,3,204.1330,38
Pt,1,204.1461,45
Re,3,204.1483,75
B,2,204.1500,26
Ca,3,204.1538,90
Co,3,204.1556,15
Pt,2,204.1575,97
Os,3,204.1619,74
Na,3,204.1661,74
Co,3,204.1680,18
Ge,1,204.1712,99
Re,3,204.1787,7
Y,3,204.1930,7
Zr,3,204.1932,28
Pt,2,204.1961,3
Y,3,204.2070,4
Rb,2,204.2226,66
Re,3,204.2230,86
Fe,3,204.2241,55
Hg,2,204.2272,3
Re,3,204.2764,0
W,3,204.2765,10
Re,3,204.2953,21
B,2,204.2990,24
Co,3,204.3047,41
Pr,3,204.3120,25
Na,3,204.3290,75
Fe,3,204.3326,33
Fe,3,204.3484,63
W,2,204.3543,41
Co,3,204.3659,35
Zr,3,204.3738,55
Ge,1,204.3769,96
Re,3,204.3798,45
Cu,2,204.3802,96
W,2,204.3824,3
Co,3,204.3941,17
Pt,2,204.3975,20
Os,3,204.3999,55
Fe,3,204.4041,64
Re,3,204.4098,22
Ir,2,204.4190,97
Co,3,204.4225,63
Al,2,204.4270,4
Fe,3,204.4313,64
Al,2,204.4410,1
Os,3,204.4540,2
Au,2,204.4540,64
Fe,3,204.4550,44
Mn,3,204.4570,39
Ru,3,204.4590,63
Fe,3,204.4671,34
Na,3,204.4823,56
Ir,2,204.4830,93
K,2,204.4832,85
Zn,1,204.4920,12
Fe,3,204.4984,76
W,3,204.5085,48
Re,3,204.5104,63
K,2,204.5283,94
Os,1,204.5360,100
K,2,204.5430,89
Na,3,204.5443,57
W,3,204.5561,37
Cd,3,204.5610,89
O,3,204.5670,89
Cu,1,204.5692,28
Ca,3,204.5803,87
Fe,3,204.5838,88
Mo,2,204.5980,98
Gd,3,204.6020,13
Fe,3,204.6070,34
Re,3,204.6124,86
Co,3,204.6148,70
W,3,204.6418,66
Sc,1,204.6424,85
Ca,3,204.6537,81
Kr,3,204.6540,73
Xe,3,204.6555,1
Fe,3,204.6761,44
Ca,3,204.6819,81
Fe,3,204.6834,34
S,2,204.6942,8
Ba,3,204.6978,23
Fe,3,204.7131,53
Ca,3,204.7193,70
Cr,3,204.7230,37
W,3,204.7280,89
Co,3,204.7350,81
Sc,1,204.7623,85
Al,2,204.7630,18
Cu,2,204.7678,85
Co,3,204.7756,28
W,3,204.7782,48
Al,2,204.7790,18
Al,2,204.7870,2
Na,3,204.7970,3
W,3,204.8067,95
Re,3,204.8089,13
Ca,3,204.8293,81
Na,3,204.8313,30
Zn,1,204.8421,23
Co,3,204.8423,47
Rh,3,204.8670,88
Na,3,204.8719,33
Mn,3,204.8930,53
Zn,1,204.8960,13
Re,3,204.9052,3
W,3,204.9062,81
Re,1,204.9080,99
Pt,2,204.9169,89
Co,3,204.9300,49
Pt,2,204.9326,40
Pt,1,204.9392,95
Fe,3,204.9395,83
Co,3,204.9476,41
Pt,2,204.9514,57
Ir,2,204.9560,92
Sb,1,204.9570,49
W,2,204.9636,57
Sc,1,204.9654,85
Mn,3,204.9680,63
Pt,1,204.9840,62
W,3,204.9849,49
Sc,1,205.0025,85
Hg,2,205.0051,9
Ir,2,205.0220,84
Co,3,205.0314,35
Ti,2,205.0321,38
W,3,205.0378,82
Rb,2,205.0379,33
Ga,3,205.0656,29
Lu,3,205.0720,20
Fe,3,205.0744,84
Ar,2,205.0792,51
Na,2,205.0877,7
Pb,1,205.0880,8
Fe,2,205.1034,48
W,3,205.1064,66
Ir,2,205.1160,98
Co,3,205.1345,67
Pt,2,205.1422,10
Na,3,205.1484,65
Hg,2,205.1731,5
Ba,3,205.1790,19
C,2,205.1790,85
Na,3,205.1845,23
Fe,3,205.1846,34
Ga,3,205.2070,2
Sn,3,205.2090,90
Co,3,205.2091,56
C,2,205.2160,84
Rb,2,205.2213,67
Ir,1,205.2220,98
Re,3,205.2240,2
Fe,3,205.2277,62
Pr,3,205.2300,44
Ne,3,205.2586,53
Cs,3,205.2592,18
Xe,3,205.2729,1
O,3,205.2740,72
Ba,2,205.2752,29
Re,3,205.2777,79
Rb,2,205.2798,77
Hg,2,205.2828,97
Zn,1,205.2860,49
Pr,3,205.2870,27
Co,3,205.3107,93
Ag,3,205.3170,41
Co,3,205.3188,22
Pb,1,205.3284,23
Re,3,205.3343,14
B,3,205.3510,53
Fe,3,205.3524,53
W,3,205.3545,89
Ag,3,205.3830,44
Pr,3,205.3850,27
Sn,1,205.4030,59
Sb,3,205.4100,22
Ti,2,205.4129,12
Cu,2,205.4253,81
Co,3,205.4356,21
Cu,2,205.4417,82
W,3,205.4418,2
Ge,1,205.4461,85
Fe,3,205.4482,53
Fe,3,205.4647,2
W,2,205.4683,72
In,2,205.4760,44
Hg,2,205.4764,16
W,3,205.4764,37
Yb,3,205.4800,22
Si,1,205.4830,34
Re,3,205.4843,9
V,2,205.4849,36
Co,3,205.4916,9
Cu,2,205.4978,96
Re,3,205.4992,43
W,3,205.5042,89
Pd,3,205.5110,46
Na,3,205.5183,45
Cs,3,205.5243,38
Fe,2,205.5268,12
Co,3,205.5453,53
Mg,3,205.5491,95
Cr,2,205.5599,97
In,2,205.5720,64
Fe,3,205.5862,75
Be,1,205.5902,71
Be,1,205.6012,81
Zr,3,205.6015,88
Re,3,205.6053,66
Fe,3,205.6160,83
Co,3,205.6200,88
Co,3,205.6250,62
Cs,3,205.6427,71
Co,3,205.6539,33
Ca,3,205.6595,81
Ti,2,205.6624,52
Fe,3,205.6700,2
Mn,3,205.6800,41
Ag,3,205.6990,62
Pt,2,205.7025,95
Fe,3,205.7063,75
Ir,2,205.7188,91
Ge,1,205.7238,80
Pt,2,205.7292,20
Se,3,205.7500,18
Ar,2,205.7513,56
Re,3,205.7546,64
Ce,3,205.7650,2
W,3,205.7703,26
Cs,3,205.7730,59
Gd,3,205.7790,10
W,3,205.7830,94
Fe,3,205.7928,75
Zr,3,205.8031,48
Ar,2,205.8083,1
Cs,2,205.8094,22
Re,3,205.8146,50
Fe,3,205.8204,53
Co,3,205.8241,69
Ne,3,205.8267,72
Sc,2,205.8309,19
Sn,1,205.8310,62
Pt,1,205.8394,32
Fe,3,205.8567,96
Ti,2,205.8577,44
Pr,3,205.8590,70
Cs,3,205.8604,53
Cu,2,205.8611,55
Re,3,205.8622,64
Si,2,205.8650,43
Zr,3,205.8663,75
Os,1,205.8690,97
Na,3,205.8730,16
Co,2,205.8817,34
Ir,2,205.8930,91
Zr,3,205.8936,21
Pt,2,205.8996,40
Si,2,205.9010,44
Fe,3,205.9040,42
Co,3,205.9049,68
Rb,3,205.9600,23
Pt,1,205.9685,56
Fe,3,205.9686,92
S,3,205.9854,0
Pt,2,205.9914,73
Ag,2,205.9939,31
W,3,206.0009,38
Nb,3,206.0290,7
Hg,2,206.0306,2
Co,3,206.0339,0
Na,3,206.0360,58
Re,3,206.0577,19
Y,3,206.0580,37
Ir,1,206.0640,98
Re,3,206.0733,65
Pt,1,206.0762,79
Zr,3,206.0821,88
Pt,2,206.1017,24
Ag,1,206.1162,89
Si,1,206.1190,17
Cd,3,206.1250,33
Zr,3,206.1413,57
Zr,3,206.1461,53
Co,3,206.1474,40
Fe,3,206.1557,97
Cr,2,206.1577,96
I,1,206.1633,100
Bi,1,206.1634,95
Pt,2,206.1655,35
Sc,1,206.1663,86
Os,1,206.1690,98
Kr,3,206.1730,21
Pt,2,206.1732,29
Fe,3,206.1760,92
Sn,3,206.1770,80
Pt,2,206.1782,59
Zn,2,206.2001,85
Fe,3,206.2089,52
Ge,3,206.2140,12
Ca,3,206.2155,70
Co,3,206.2159,64
Cu,2,206.2420,86
Re,3,206.2662,48
Pt,1,206.2794,85
Ne,3,206.2813,64
Fe,3,206.2981,52
Na,3,206.2990,23
Ir,2,206.3030,94
Sb,1,206.3430,15
Ca,3,206.3524,67
Sc,2,206.3675,19
Fe,2,206.3677,29
W,3,206.3739,82
Sn,3,206.3780,93
Co,2,206.3786,34
Sn,1,206.4002,52
N,3,206.4010,76
Pr,3,206.4080,28
Rh,3,206.4110,85
Ar,3,206.4150,0
Ar,2,206.4211,67
Zn,2,206.4227,69
Sc,2,206.4255,51
Ac,2,206.4280,82
N,3,206.4420,90
Rb,2,206.4580,4
Ir,2,206.4770,72
Mg,3,206.4902,100
Ne,3,206.4939,46
Fe,3,206.4985,23
Os,3,206.5020,31
Ir,2,206.5090,75
Ge,1,206.5215,93
Fe,3,206.5269,52
Na,3,206.5282,16
Ne,3,206.5309,91
Lu,3,206.5350,88
Rb,2,206.5425,33
Fe,3,206.5489,0
Cr,2,206.5504,93
Si,1,206.5520,2
Co,2,206.5542,45
W,2,206.5573,37
B,3,206.5779,99
Bi,3,206.5790,54
Ir,2,206.5790,97
Co,3,206.5863,73
Ag,2,206.5910,89
W,3,206.6054,11
W,3,206.6093,22
Ga,3,206.6202,6
Cu,2,206.6261,83
B,1,206.6377,48
Mn,3,206.6380,65
W,3,206.6405,11
Yb,3,206.6490,3
Na,3,206.6601,87
B,1,206.6654,61
Hg,2,206.6657,3
Re,3,206.6795,26
Na,3,206.6905,40
B,1,206.6930,39
Pt,1,206.6932,71
Sn,3,206.6991,1
B,1,206.7020,16
Sc,2,206.7091,31
Xe,3,206.7175,14
B,1,206.7193,52
Co,3,206.7206,23
Os,2,206.7210,99
B,3,206.7236,98
Fe,3,206.7316,83
Cu,2,206.7368,48
Re,3,206.7444,60
Pt,1,206.7510,89
Sc,2,206.7517,19
Ca,3,206.7627,71
Fe,2,206.7914,22
Sc,2,206.8041,43
Co,3,206.8099,44
Pt,2,206.8111,35
Pt,2,206.8181,81
Fe,3,206.8254,96
Sb,1,206.8330,93
Sn,3,206.8570,76
Sn,1,206.8576,70
Sr,3,206.8634,74
Sc,2,206.8643,31
Ge,1,206.8656,100
N,3,206.8680,39
Pt,1,206.8685,10
V,2,206.8788,33
Bi,3,206.8920,27
Rb,2,206.8920,90
Bi,2,206.8937,87
W,3,206.8938,82
Y,3,206.8980,55
Mn,3,206.9020,96
W,3,206.9372,60
Co,3,206.9398,42
Ir,2,206.9480,70
Fe,3,206.9812,31
Ag,1,206.9844,82
Cu,2,206.9936,72
Bi,3,206.9970,42
Sn,3,206.9976,14
Zn,1,207.0130,86
Rb,3,207.0276,1
Zr,3,207.0359,94
W,3,207.0371,38
Ba,3,207.0425,67
Ir,2,207.0510,94
Fe,3,207.0549,92
Lu,3,207.0560,91
W,3,207.0583,2
Ra,2,207.0600,14
Os,2,207.0670,96
Ne,3,207.0754,14
Hf,3,207.0940,74
Pt,1,207.0944,78
Ir,2,207.0954,41
Fe,3,207.0977,31
Te,1,207.1060,80
N,3,207.1090,1
W,2,207.1208,61
Os,3,207.1277,44
Rb,2,207.1503,83
Pt,2,207.1545,55
Cs,3,207.1666,13
Ba,3,207.1683,68
Fe,3,207.1880,96
Co,3,207.2010,74
Si,2,207.2020,76
S,3,207.2030,42
O,2,207.2200,41
Os,3,207.2497,52
Na,3,207.2673,66
Si,2,207.2700,77
Sn,1,207.2890,72
Re,3,207.2982,53
Sn,1,207.3075,75
Bi,3,207.3197,92
Co,3,207.3223,78
Rb,2,207.3236,51
Re,3,207.3280,72
Sr,3,207.3341,74
Eu,3,207.3400,0
Ar,2,207.3425,27
Co,3,207.3503,76
Pt,1,207.3596,45
Yb,3,207.3640,3
Al,2,207.4009,79
Zr,3,207.4061,79
Kr,3,207.4200,3
Cu,2,207.4213,51
Rb,2,207.4225,32
Fe,3,207.4232,41
Mg,3,207.4298,3
Re,1,207.4700,97
Ba,3,207.4798,19
Se,1,207.4800,94
Ca,3,207.4841,71
Co,3,207.4984,24
Pr,3,207.5080,26
Co,3,207.5098,63
Rb,2,207.5131,34
O,2,207.5169,41
Pt,2,207.5400,94
Ir,2,207.5430,85
Ag,2,207.5543,82
W,2,207.5590,13
Rb,2,207.5954,97
Ba,3,207.5999,59
Mn,2,207.6210,71
Pt,1,207.6222,14
Pt,2,207.6296,5
Fe,3,207.6328,41
Ru,1,207.6430,93
Cs,3,207.6434,85
Ir,2,207.6760,80
K,2,207.6798,98
Rh,3,207.6840,65
V,2,207.6856,75
Be,3,207.6940,63
Os,1,207.6950,96
Cs,3,207.7059,11
B,3,207.7087,97
Cs,3,207.7298,91
Co,3,207.7330,64
Mn,3,207.7380,87
Ba,3,207.7668,43
Fe,3,207.7749,51
Co,1,207.7760,61
Ce,3,207.7870,3
Zr,3,207.7898,89
Co,3,207.7914,16
Na,3,207.7974,46
Yb,3,207.8050,39
Co,3,207.8093,46
Kr,3,207.8100,21
Mn,3,207.8130,42
W,2,207.8344,97
W,3,207.8347,97
Ir,2,207.8370,90
In,2,207.8572,100
W,3,207.8591,26
Cu,2,207.8661,93
K,2,207.8694,100
Ir,2,207.8808,76
Ca,3,207.8916,91
Ne,3,207.8969,82
Fe,3,207.8990,99
Zn,1,207.9081,75
W,2,207.9118,98
Kr,3,207.9250,45
Fe,3,207.9295,50
Pt,2,207.9490,39
Cu,1,207.9534,29
Sb,1,207.9560,31
Co,3,207.9604,53
Ar,2,207.9653,42
Pt,2,207.9693,32
Ir,2,207.9710,93
Co,3,207.9726,83
Pt,2,207.9768,47
Cs,2,207.9795,28
W,3,207.9850,11
Zn,2,207.9933,15
Os,1,207.9970,99
Ba,2,207.9975,21
Cs,2,208.0048,62
Cu,2,208.0059,70
Gd,3,208.0080,39
Fe,3,208.0232,61
Fe,2,208.0243,23
In,2,208.0300,57
Ar,2,208.0356,54
Be,3,208.0380,57
Sn,1,208.0631,50
Ir,2,208.0640,86
Pt,2,208.0732,27
Pt,2,208.0876,26
Zr,3,208.0916,85
Ir,2,208.0950,76
Co,3,208.0987,75
Ag,3,208.1040,65
Te,1,208.1170,92
Kr,2,208.1210,18
Co,3,208.1231,71
Ba,3,208.1351,68
Zr,3,208.1479,53
Al,2,208.1481,41
In,2,208.1510,54
Mo,2,208.1680,98
Zr,3,208.1738,74
Sn,3,208.1790,96
K,2,208.1885,93
Au,2,208.2090,89
Co,3,208.2229,64
Fe,3,208.2377,29
Kr,3,208.2500,55
Pt,1,208.2521,43
Os,1,208.2540,91
Co,2,208.2678,25
K,2,208.2891,93
Na,3,208.2907,81
Cu,2,208.2920,58
Au,3,208.3090,82
Cs,3,208.3146,71
Ir,1,208.3220,96
Co,3,208.3270,26
Ce,3,208.3320,4
Lu,3,208.3340,42
Pt,1,208.3345,66
Ir,2,208.3430,77
Fe,3,208.3542,69
Zr,3,208.3669,53
W,3,208.3680,26
Ru,1,208.3770,94
Cs,3,208.3890,81
Cu,1,208.3911,6
Re,1,208.3920,96
K,2,208.3942,89
Fe,3,208.4021,12
Co,3,208.4208,65
W,3,208.4209,61
Ir,2,208.4220,65
Fe,3,208.4225,29
Mn,3,208.4230,80
Cu,2,208.4323,68
Fe,3,208.4365,90
Ir,2,208.4490,96
Fe,3,208.4534,51
Rb,2,208.4552,32
Pt,1,208.4596,93
Xe,3,208.4598,14
Mn,2,208.4760,16
S,3,208.4833,58
Co,3,208.4917,48
K,2,208.4933,99
Fe,3,208.4969,69
Co,3,208.4978,55
Co,3,208.5123,44
Sc,2,208.5200,4
Cu,2,208.5274,82
Cu,2,208.5297,90
Hf,3,208.5330,33
Pt,2,208.5432,78
Au,3,208.5450,3
Ne,2,208.5463,87
Re,1,208.5590,98
Co,1,208.5670,39
Ir,1,208.5740,94
Fe,3,208.5846,46
Mg,3,208.5891,95
Ge,1,208.6021,86
W,3,208.6062,61
Fe,3,208.6135,29
Cs,3,208.6403,11
Pt,2,208.6490,32
Kr,2,208.6727,10
Zr,3,208.6779,99
Al,2,208.6864,48
Pt,2,208.6880,28
Ne,3,208.6904,71
Zn,1,208.6950,97
W,3,208.6971,27
W,1,208.7100,38
Co,3,208.7137,38
Fe,3,208.7144,77
Cs,2,208.7199,59
Zn,1,208.7333,68
Co,3,208.7336,57
Yb,3,208.7370,4
Ne,3,208.7389,53
Co,3,208.7400,57
Fe,2,208.7541,40
Co,1,208.7550,39
Kr,3,208.7710,56
Ag,2,208.7821,48
Co,3,208.7833,39
Cd,3,208.7910,98
Fe,3,208.7917,67
Cu,2,208.7918,90
Cu,2,208.7970,91
Yb,3,208.7980,50
Kr,2,208.8151,20
W,2,208.8204,85
Pt,1,208.8298,62
Co,3,208.8563,86
Cl,2,208.8583,9
Fe,3,208.8631,46
Cs,3,208.8678,87
Pt,2,208.8729,83
Ir,1,208.8820,100
11B,1,208.8884,65
B,1,208.8889,80
Ne,3,208.8889,53
10B,1,208.8908,44
Pt,1,208.8933,47
Pt,1,208.8956,48
Os,1,208.9030,92
Pt,2,208.9066,50
Fe,3,208.9091,47
S,3,208.9115,98
W,2,208.9156,71
Os,1,208.9210,92
B,2,208.9240,37
Ag,2,208.9318,35
Co,1,208.9350,40
Ne,3,208.9361,72
Rb,2,208.9414,28
Zr,3,208.9450,76
W,3,208.9456,11
Co,3,208.9460,50
Ga,3,208.9481,13
Mo,2,208.9520,96
11B,1,208.9565,85
B,1,208.9570,93
10B,1,208.9590,81
W,3,208.9793,27
K,2,208.9855,97
Ce,3,208.9960,3
Mn,3,209.0050,72
Fe,3,209.0055,55
Fe,3,209.0154,95
Mn,3,209.0250,44
Ir,2,209.0260,95
Fe,3,209.0268,65
Rb,2,209.0287,83
W,1,209.0480,9
Co,3,209.0486,80
B,3,209.0600,3
Pr,3,209.0750,70
Ga,2,209.0768,98
Ir,2,209.0800,87
Rb,2,209.0803,51
Ru,1,209.0890,93
W,3,209.1071,49
C,2,209.1170,82
Yb,3,209.1230,22
Fe,3,209.1325,76
Cl,2,209.1458,10
Fe,3,209.1485,35
Sn,1,209.1590,61
Ar,2,209.1623,54
C,2,209.1630,82
Ne,3,209.1797,54
Sb,3,209.1850,19
Ir,2,209.1860,95
W,3,209.1938,38
Mg,3,209.1963,98
Cs,3,209.1970,77
Xe,3,209.1996,15
Pt,2,209.2084,50
W,3,209.2096,99
Mn,1,209.2160,94
Co,3,209.2192,39
Yb,3,209.2260,23
Ne,3,209.2400,64
Re,2,209.2410,97
W,3,209.2441,38
V,1,209.2459,89
Mo,2,209.2500,96
W,3,209.2545,49
Co,3,209.2569,31
Ir,1,209.2630,99
W,3,209.2755,98
O,2,209.2876,22
Rb,2,209.2925,51
Fe,3,209.2956,64
Sr,3,209.3081,38
Mo,2,209.3110,97
C,2,209.3130,77
Al,1,209.3300,0
Kr,2,209.3371,11
Co,1,209.3400,40
Pr,3,209.3490,70
Eu,3,209.3500,1
Fe,3,209.3513,45
Ne,3,209.3522,46
Cs,3,209.3608,8
Cu,2,209.3637,90
Rb,2,209.3685,5
Ir,2,209.3760,16
Sn,3,209.3800,87
W,3,209.3857,12
Ne,3,209.4076,32
Ba,3,209.4117,44
Mn,3,209.4140,46
Mg,3,209.4207,23
Ge,1,209.4258,98
Al,2,209.4264,95
Sn,1,209.4328,60
K,2,209.4558,32
W,3,209.4648,98
Al,2,209.4744,77
W,2,209.4751,89
Yb,3,209.4770,4
Mn,3,209.4780,66
Al,2,209.4790,82
Cu,2,209.4793,73
Na,3,209.4808,17
Co,1,209.4860,41
Ag,2,209.4890,37
Fe,3,209.4989,25
Al,2,209.5100,70
Au,2,209.5130,54
Al,2,209.5140,80
Fe,3,209.5148,25
Cu,1,209.5161,7
W,3,209.5180,27
Yb,3,209.5310,59
Fe,3,209.5336,35
Ne,3,209.5460,84
N,2,209.5530,16
Fe,3,209.5604,35
Fe,3,209.5697,43
Co,1,209.5770,41
Cd,2,209.6000,79
Ne,2,209.6106,94
Hf,2,209.6180,97
Cu,2,209.6189,64
Ir,2,209.6200,85
N,2,209.6200,1
Kr,2,209.6227,20
Ne,2,209.6254,79
Sc,3,209.6270,1
Rb,2,209.6355,57
Sn,1,209.6428,82
Fe,3,209.6438,54
Xe,3,209.6570,15
W,3,209.6588,27
Yb,3,209.6790,16
Pr,3,209.6850,26
N,2,209.6860,3
Zn,1,209.6930,76
Co,3,209.6940,79
Kr,3,209.6940,30
Pr,3,209.6940,28
Zr,3,209.6951,80
W,3,209.7076,49
Ir,2,209.7100,85
Re,1,209.7120,98
Pt,1,209.7288,48
Ti,3,209.7299,68
Ir,2,209.7300,77
S,3,209.7318,99
Pt,2,209.7448,97
Cd,3,209.7450,37
Mn,2,209.7463,53
Fe,3,209.7497,99
Co,1,209.7510,52
B,3,209.7600,45
Os,1,209.7600,96
Co,3,209.7619,79
Fe,3,209.7711,95
S,3,209.7826,82
Fe,3,209.7879,43
Mn,3,209.7930,68
Mg,3,209.7936,93
Au,2,209.8140,16
Co,3,209.8196,48
Gd,3,209.8200,61
Pt,2,209.8213,52
W,1,209.8220,9
Cu,2,209.8307,85
Yb,3,209.8360,39
Cu,2,209.8397,92
Sb,1,209.8410,16
Ca,3,209.8497,91
W,2,209.8602,76
Cu,2,209.8741,74
Pt,1,209.8750,53
Ir,2,209.8837,48
Pt,2,209.9009,62
Tm,3,209.9110,61
V,2,209.9145,9
Co,3,209.9227,39
Fe,3,209.9233,32
Ne,3,209.9251,72
Hf,3,209.9300,40
Fe,3,209.9348,63
Lu,3,209.9440,50
Na,3,209.9563,31
Sr,3,209.9598,93
Al,2,209.9709,67
Ti,3,209.9862,49
Zn,2,209.9927,76
Mn,3,209.9970,70
Ac,2,210.0000,87
Ge,3,210.0050,47
Co,3,210.0144,45
Ir,2,210.0200,95
Zr,3,210.0271,54
Cu,2,210.0397,56
Kr,3,210.0440,56
Na,3,210.0443,11
Cd,3,210.0470,2
Sr,3,210.0482,47
Os,1,210.0630,96
W,2,210.0675,38
Ag,2,210.0750,15
Mo,2,210.0840,97
Sn,1,210.0912,74
Ir,2,210.0960,80
Fe,3,210.0980,62
V,2,210.1176,20
O,2,210.1283,42
Pt,2,210.1600,90
Cs,3,210.1631,81
Pt,1,210.1684,80
Sc,2,210.1797,20
Co,3,210.1827,42
W,3,210.1837,12
W,3,210.2142,50
Zn,2,210.2166,71
Ba,3,210.2211,20
Cs,2,210.2215,53
Ne,3,210.2239,32
Ac,2,210.2240,60
Zr,3,210.2284,83
Ge,3,210.2420,50
Zr,3,210.2459,34
Mn,2,210.2500,53
W,3,210.2551,50
Sr,3,210.2730,55
Na,3,210.2762,76
Pt,2,210.2817,61
W,3,210.2852,90
Cs,3,210.2986,7
Zr,3,210.3092,84
Ba,3,210.3107,20
W,2,210.3168,17
Si,1,210.3210,3
Zr,3,210.3296,63
Pt,1,210.3344,95
Ar,2,210.3352,64
Pt,1,210.3485,30
Bi,3,210.3500,80
V,2,210.3524,46
Ti,3,210.3600,32
Fe,3,210.3660,43
V,2,210.3682,29
W,3,210.3726,74
Pt,2,210.3780,86
Fe,3,210.3818,74
In,2,210.3891,90
Sc,2,210.3938,4
Sc,3,210.4042,25
Zr,3,210.4198,61
Mo,2,210.4290,94
Ir,2,210.4330,75
Zn,1,210.4425,83
Ge,3,210.4450,67
Co,1,210.4730,61
W,3,210.4761,94
Cu,2,210.4796,98
Ti,3,210.4857,16
Ar,2,210.4886,1
Fe,3,210.5023,42
Pt,2,210.5078,47
Ti,3,210.5092,32
In,2,210.5100,40
Cu,1,210.5112,12
Co,3,210.5149,73
Zr,3,210.5250,9
Co,3,210.5488,54
W,2,210.5762,24
Ge,1,210.5824,81
Ar,2,210.5935,4
W,2,210.6187,65
Tc,2,210.6230,6
Fe,3,210.6362,15
Cu,2,210.6382,72
W,3,210.6673,90
Yb,3,210.6710,4
Co,1,210.6800,62
Co,3,210.7002,36
Tm,3,210.7100,62
Ca,3,210.7136,71
Fe,3,210.7327,88
Ra,2,210.7600,42
Mo,2,210.8020,93
Mn,2,210.8060,16
Rb,2,210.8060,60
Fe,3,210.8220,0
Zr,3,210.8414,59
Sn,2,210.8475,28
Fe,3,210.8679,33
Co,1,210.8980,42
Ce,3,210.9070,16
Sn,3,210.9130,60
Re,1,210.9220,95
Cs,3,210.9248,43
Na,3,210.9270,4
W,1,210.9310,9
Nb,2,210.9420,98
Pt,1,210.9503,70
Yb,3,210.9540,50
Mn,1,210.9580,95
Pt,1,210.9664,77
Ir,2,210.9968,80
W,3,211.0027,50
Bi,1,211.0217,77
Cs,3,211.0303,53
Cu,2,211.0308,63
Hf,3,211.0310,43
W,2,211.0335,42
Pt,2,211.0350,17
W,3,211.0474,39
Pt,2,211.0666,51
Au,2,211.0680,68
Cu,1,211.1006,12
Co,3,211.1156,62
Sc,3,211.1268,26
Cu,2,211.1293,82
Ag,2,211.1400,55
W,3,211.1502,28
Co,3,211.1546,61
Cd,3,211.1600,93
Sc,3,211.1682,3
Sn,3,211.1730,61
Pb,1,211.1758,17
Fe,3,211.1797,18
W,3,211.1907,12
Cu,2,211.2099,97
Cs,2,211.2236,1
Fe,3,211.2499,19
Cu,2,211.2525,64
W,3,211.2582,39
Na,3,211.2650,34
Ir,1,211.2680,92
W,3,211.2688,74
Mg,3,211.2773,96
W,3,211.2830,82
Sc,1,211.2846,75
Co,3,211.2959,22
As,1,211.2990,23
Fe,3,211.3347,31
W,3,211.3518,50
Cr,3,211.3730,59
Ag,2,211.3825,98
Cr,3,211.3830,60
Ir,2,211.3830,57
Fe,3,211.3894,45
Sn,1,211.3937,75
Mn,2,211.3964,72
Co,2,211.3989,27
Zr,3,211.4040,89
Cs,3,211.4162,65
Pt,1,211.4230,35
Cr,3,211.4260,5
Sr,3,211.4306,75
Co,2,211.4307,45
Fe,3,211.4342,2
Ca,3,211.4413,96
Cr,3,211.4530,7
Si,1,211.4630,3
C,2,211.4720,66
W,3,211.4797,12
Cr,3,211.4870,62
Ir,2,211.5000,57
Pb,1,211.5066,29
Co,3,211.5123,29
Sn,3,211.5140,82
W,3,211.5407,2
Pt,2,211.5583,92
Kr,3,211.5870,21
Pt,2,211.6217,67
Zr,3,211.6297,57
W,2,211.6395,3
Hg,2,211.6423,26
Tc,2,211.6440,9
W,3,211.6470,2
Rb,2,211.6499,67
Fe,3,211.6590,47
Zr,3,211.6607,55
Sc,1,211.6651,86
Yb,2,211.6670,99
Co,3,211.6677,10
Ar,2,211.6686,42
Pt,2,211.6710,57
Na,3,211.6750,77
S,2,211.6910,3
Cu,2,211.7309,94
Cr,3,211.7530,63
Kr,3,211.7590,56
N,3,211.7590,4
Os,1,211.7660,88
Co,1,211.7680,42
Os,1,211.7960,95
Xe,3,211.8036,15
W,3,211.8121,51
W,3,211.8285,3
Cu,2,211.8375,73
Sn,1,211.8380,35
Fe,3,211.8418,18
Sr,3,211.8476,82
Sb,1,211.8480,28
Rh,3,211.8530,72
Be,3,211.8560,43
Fe,3,211.8570,32
S,2,211.8614,38
Rh,3,211.8630,75
Hf,1,211.8690,17
Rb,2,211.8754,20
Kr,2,211.8814,19
Sc,3,211.8854,35
W,2,211.8874,72
Ir,2,211.8912,50
Ir,2,211.9080,50
Sc,3,211.9158,4
Yb,3,211.9180,23
W,1,211.9300,71
W,3,211.9507,39
Sr,3,211.9522,93
Ir,1,211.9540,89
Bi,3,211.9650,48
Mn,2,211.9650,16
Hf,3,211.9690,9
Co,3,211.9793,49
Pt,1,211.9886,51
W,3,211.9898,74
Zr,3,211.9982,72
Ar,2,211.9984,27
S,2,211.9987,18
Fe,3,212.0241,17
Zr,3,212.0344,21
Sc,1,212.0392,86
Ag,2,212.0440,94
W,3,212.0570,61
Na,3,212.0730,18
Rb,2,212.0743,12
Fe,3,212.0770,6
Ag,2,212.0797,61
Co,3,212.1192,73
Sn,1,212.1201,60
Ir,2,212.1250,51
N,3,212.1500,7
W,1,212.1600,56
Fe,3,212.2024,16
Sr,3,212.2170,31
Be,3,212.2270,30
Ar,3,212.2340,65
S,2,212.2546,80
Ce,3,212.2550,4
Pt,1,212.2571,53
Zr,3,212.2730,9
Zn,2,212.2741,38
K,2,212.2827,90
Pt,2,212.2850,21
Cu,2,212.2979,99
Ca,3,212.3029,97
Mn,3,212.3250,47
W,3,212.3279,28
V,2,212.3323,18
S,2,212.3342,80
Al,1,212.3362,1
Cr,3,212.3530,38
Fe,3,212.3593,58
Ir,2,212.3640,53
Co,3,212.3839,59
Os,1,212.3840,87
B,2,212.3857,87
Pt,2,212.4006,61
Co,3,212.4044,76
Si,1,212.4120,62
Fe,3,212.4228,2
S,2,212.4345,28
Na,3,212.4510,58
B,2,212.4546,85
W,3,212.4606,75
S,2,212.4618,39
Eu,3,212.4690,82
Ge,1,212.4744,73
Pt,2,212.4901,27
B,2,212.4961,74
Co,2,212.5002,63
Zr,3,212.5066,72
Cu,2,212.5105,91
Ar,3,212.5137,58
Ir,2,212.5150,71
Fe,3,212.5173,7
Sc,1,212.5206,86
Nb,2,212.5210,97
Zr,3,212.5238,64
Rb,2,212.5247,83
Cu,2,212.5267,79
Au,2,212.5290,39
Ag,2,212.5420,85
Ir,1,212.5440,90
Ar,3,212.5500,15
Rb,2,212.5507,28
Co,3,212.5535,36
Be,1,212.5568,18
W,3,212.5605,3
Sr,3,212.5671,3
Gd,3,212.5680,27
Be,1,212.5685,37
Co,2,212.5792,12
Rb,2,212.5923,42
S,2,212.5972,29
S,2,212.6039,29
Cu,2,212.6044,100
Sc,2,212.6165,5
Nb,2,212.6540,93
Au,1,212.6630,27
Na,3,212.6630,67
Ar,2,212.6664,49
Yb,2,212.6740,99
Ir,2,212.6808,99
Ca,3,212.6812,78
Rb,2,212.6958,57
Sb,3,212.7000,33
Ir,2,212.7054,57
Ba,3,212.7131,44
Be,3,212.7200,37
W,3,212.7374,39
Sb,1,212.7390,32
Pt,2,212.7423,94
S,2,212.7440,2
Ir,1,212.7520,90
Cs,3,212.7795,24
Na,3,212.7842,68
Ar,3,212.7890,15
Ir,1,212.7940,97
Ir,2,212.7940,71
Y,3,212.7980,83
Sn,1,212.8001,38
K,2,212.8138,90
Ar,3,212.8220,49
Pt,2,212.8421,65
W,3,212.8492,28
Pt,1,212.8587,90
Pt,1,212.8633,96
W,3,212.8687,28
Co,2,212.8798,17
Sc,1,212.8881,87
Ag,2,212.9033,84
K,2,212.9190,95
Ca,3,212.9191,94
Tl,1,212.9280,1
Ar,2,212.9424,15
Ne,3,212.9425,46
Al,1,212.9663,2
Fe,3,212.9685,16
Rb,2,212.9825,73
Cr,2,212.9868,54
Cu,2,213.0085,83
Kr,3,213.0100,49
N,2,213.0180,4
Nb,3,213.0240,49
W,3,213.0286,29
Ar,2,213.0426,72
Kr,2,213.0432,6
K,2,213.0687,97
Pt,2,213.0711,93
Cu,1,213.0762,47
Ra,2,213.1000,51
Nb,2,213.1180,96
Sn,2,213.1208,43
Cu,2,213.1255,69
W,3,213.1364,75
Cs,3,213.1425,16
Co,3,213.1680,20
O,2,213.1818,42
V,2,213.1835,26
B,3,213.1970,7
Cs,3,213.1988,73
O,2,213.1997,22
Ir,2,213.2560,88
Cr,2,213.2630,49
Cr,2,213.2920,17
K,2,213.2947,86
Cr,2,213.3014,11
W,2,213.3060,55
K,2,213.3061,87
W,3,213.3065,51
Sr,3,213.3119,93
W,3,213.3228,29
Pt,2,213.3249,45
Mn,2,213.3452,17
Cr,2,213.3481,77
Bi,1,213.3600,52
Ar,3,213.3868,79
Ca,3,213.3953,92
Pt,2,213.3974,45
Si,2,213.3990,1
Mg,3,213.4054,98
V,2,213.4081,3
V,2,213.4113,54
Co,3,213.4121,71
V,2,213.4158,37
Cr,2,213.4201,6
Cu,1,213.4283,12
Cu,2,213.4340,94
Rb,2,213.4480,32
Cr,2,213.4528,68
Cr,2,213.4621,60
Pt,1,213.4631,39
Al,1,213.4733,13
Co,3,213.4849,59
Fe,3,213.4864,56
Ba,3,213.4873,60
Cu,1,213.4952,6
W,3,213.5040,90
W,2,213.5041,90
Pt,1,213.5162,73
Ba,3,213.5253,53
Cr,2,213.5349,35
Ar,3,213.5357,36
Ba,3,213.5397,44
Cr,2,213.5416,45
P,1,213.5465,67
In,2,213.5640,35
Zr,3,213.5853,15
Cu,2,213.5980,100
Kr,3,213.6070,30
Co,3,213.6112,66
P,1,213.6182,68
Fe,3,213.6362,6
Si,2,213.6400,33
S,2,213.6443,27
Si,2,213.6560,45
Tm,3,213.6670,23
Co,3,213.6700,21
Ar,3,213.6730,16
Ca,3,213.6840,51
Ce,3,213.6950,20
Fe,3,213.7011,3
Sb,1,213.7050,17
Os,1,213.7110,96
Be,3,213.7250,17
Co,3,213.7280,63
V,2,213.7299,63
Fe,3,213.7367,36
C,2,213.7417,90
Co,1,213.7780,43
Zr,3,213.7813,72
B,3,213.7830,86
C,2,213.7897,95
Pt,2,213.7956,17
W,2,213.8147,68
V,2,213.8156,23
K,2,213.8427,0
Xe,3,213.8432,15
Zr,3,213.8500,63
Cu,1,213.8546,33
Zn,1,213.8574,99
Ar,3,213.8590,74
Bi,3,213.8860,17
Ar,2,213.8880,38
Co,1,213.8970,43
Po,1,213.9020,7
Re,2,213.9040,94
Cr,3,213.9110,40
In,2,213.9150,73
W,2,213.9173,28
K,2,213.9246,92
Rh,3,213.9440,78
Pt,2,213.9448,11
K,2,213.9494,87
Ca,3,213.9531,61
Sb,1,213.9690,34
Ir,2,213.9780,67
V,2,213.9808,52
Zr,3,213.9847,62
Rb,2,213.9849,13
V,2,214.0068,86
Ta,2,214.0130,90
K,2,214.0277,72
Ca,3,214.0359,90
Sr,3,214.0397,41
Cu,1,214.0533,13
W,3,214.0601,29
Ca,3,214.0630,53
Na,3,214.0723,87
Sn,1,214.0731,51
Ba,3,214.0959,20
Na,3,214.1068,47
Ar,3,214.1125,26
Cr,3,214.1150,64
W,3,214.1312,61
Co,3,214.1342,9
Cs,3,214.1378,62
Sn,1,214.1419,45
Cs,3,214.1466,80
Zr,3,214.1477,59
In,2,214.1680,37
Sb,2,214.1800,9
K,2,214.1823,43
Sb,1,214.1830,18
Na,3,214.1860,5
V,2,214.1978,68
Rb,2,214.2040,34
W,3,214.2065,40
S,2,214.2266,27
W,3,214.2383,67
Pt,2,214.2507,67
Re,2,214.2740,92
Co,3,214.2743,23
N,2,214.2780,17
Sr,3,214.2801,82
Te,1,214.2810,99
S,2,214.2822,1
K,2,214.2860,91
Kr,3,214.2970,60
V,2,214.3045,20
Fe,3,214.3048,23
Rb,2,214.3095,60
S,2,214.3336,66
Bi,2,214.3400,37
W,3,214.3423,13
Ar,3,214.3455,1
Bi,2,214.3460,39
Fe,3,214.3473,33
Co,3,214.3681,3
Zr,3,214.3705,13
Ca,3,214.3747,68
Fe,3,214.3830,20
Rb,2,214.3830,99
Zr,3,214.3965,73
W,3,214.4011,3
S,2,214.4054,18
As,1,214.4080,25
W,2,214.4084,10
Cr,3,214.4150,41
Na,3,214.4202,35
Pt,1,214.4212,97
Pt,2,214.4246,100
Fe,3,214.4284,32
Co,3,214.4360,51
Cd,2,214.4394,93
W,3,214.4516,94
Na,3,214.4542,84
Ir,2,214.4580,66
K,2,214.4699,98
Cu,2,214.4706,67
Fe,3,214.4745,23
Sb,1,214.4860,35
Pt,1,214.5040,58
Kr,2,214.5063,11
Na,3,214.5231,48
W,3,214.5386,83
Cu,2,214.5492,85
Ag,2,214.5531,59
Al,1,214.5555,28
Ag,2,214.5609,97
Fe,3,214.5618,7
Ag,2,214.5707,86
Sr,3,214.5749,69
W,3,214.5775,98
W,3,214.5865,95
W,3,214.5936,83
Fe,3,214.6064,30
S,2,214.6072,2
Na,3,214.6234,48
Co,2,214.6261,33
W,3,214.6293,13
Fe,3,214.6341,7
Ag,3,214.6470,71
S,2,214.6569,37
Co,3,214.6743,18
Cs,3,214.6866,62
Ta,2,214.6870,96
Pt,2,214.6877,33
W,3,214.6887,83
Cu,2,214.6919,84
Pt,1,214.7071,37
Cr,3,214.7160,8
Te,1,214.7250,88
Cs,3,214.7267,47
N,3,214.7310,10
Be,1,214.7350,0
Zn,2,214.7419,40
Cr,3,214.7560,9
Ir,2,214.7778,61
Fe,3,214.7906,17
Si,1,214.7910,35
Rb,2,214.7918,24
Ar,3,214.7950,49
Hg,2,214.8006,91
W,3,214.8012,13
Gd,3,214.8030,35
Ne,3,214.8078,8
Pr,3,214.8140,0
Ir,2,214.8165,49
Ir,1,214.8220,96
Sn,3,214.8290,69
S,2,214.8326,37
Ar,3,214.8389,26
V,2,214.8419,10
Sn,1,214.8458,48
Pt,2,214.8475,34
Na,3,214.8574,77
Sn,2,214.8610,71
Cr,3,214.8650,11
Ir,2,214.8661,58
S,2,214.8707,18
Sn,1,214.8727,63
Ar,3,214.8730,65
W,3,214.8828,67
Sn,3,214.8850,66
Cu,2,214.8983,98
Pt,2,214.9000,47
Ar,3,214.9070,16
P,1,214.9145,70
Ag,3,214.9190,47
Cr,3,214.9480,12
Pt,2,214.9503,18
Ca,3,214.9523,30
Pt,2,214.9700,30
Pd,3,214.9820,54
Ne,3,214.9870,79
Ba,3,215.0034,54
Kr,3,215.0080,49
W,3,215.0084,3
Pt,2,215.0239,69
Ir,1,215.0540,91
Ta,2,215.0620,82
Fe,2,215.0621,17
Ne,3,215.0627,84
Cr,2,215.0645,12
Pt,1,215.0657,54
Al,1,215.0699,51
Ca,1,215.0800,0
V,2,215.0820,20
Sn,2,215.0844,64
V,2,215.1015,10
Ar,2,215.1052,68
Ne,3,215.1200,73
Rb,3,215.1262,2
Sr,3,215.1262,48
Sn,1,215.1427,58
Ce,3,215.1440,33
Sn,2,215.1514,64
Na,3,215.1653,59
Ne,3,215.1712,64
Ne,3,215.1754,54
Fe,3,215.1778,83
V,2,215.1804,45
Cu,2,215.1808,92
Tl,1,215.1920,3
Zr,3,215.1993,28
Pt,1,215.2090,68
W,3,215.2161,98
S,2,215.2228,27
Rh,3,215.2230,82
W,3,215.2243,29
W,3,215.2417,83
Ca,3,215.2435,97
Co,3,215.2556,4
Ir,2,215.2706,100
Fe,3,215.2708,8
Cr,3,215.2760,14
Cu,2,215.2910,37
P,1,215.2940,58
Ar,2,215.3068,66
Ne,3,215.3085,64
Rb,3,215.3214,67
Co,2,215.3338,4
Pt,1,215.3393,22
Pt,1,215.3536,68
W,2,215.3558,79
Pt,1,215.3568,63
W,3,215.3822,75
W,2,215.3873,13
Ba,2,215.3934,51
Ar,2,215.3981,34
In,3,215.4080,34
P,1,215.4080,74
Pt,2,215.4247,75
In,3,215.4420,2
W,3,215.4452,51
Os,1,215.4590,90
Al,3,215.4635,1
C,2,215.4700,59
Ti,2,215.4710,31
Ba,3,215.4769,34
Cd,2,215.5062,44
Co,3,215.5253,15
Sn,3,215.5270,46
C,2,215.5390,60
Ti,2,215.5594,32
Hf,3,215.5660,47
Ir,1,215.5810,93
Co,3,215.5881,7
Sn,3,215.6180,91
C,2,215.6280,71
Tm,3,215.6290,23
Ba,3,215.6370,84
Ar,3,215.6380,16
W,2,215.6422,42
B,3,215.6450,61
Sr,3,215.6545,20
Re,1,215.6670,96
Ir,2,215.6718,24
Xe,3,215.6896,1
Sn,3,215.7000,88
Cs,3,215.7032,34
Cr,3,215.7170,66
Pt,2,215.7267,3
Cu,3,215.7280,28
Ar,3,215.7530,17
W,3,215.7580,40
Fe,3,215.7712,61
W,2,215.7797,50
Os,1,215.7840,84
Ir,1,215.8050,98
Rh,3,215.8170,92
Cu,2,215.8411,59
Fe,3,215.8475,66
Os,1,215.8530,83
Hg,2,215.8535,1
Ag,2,215.8853,56
Ar,2,215.8883,4
Sb,1,215.8910,20
Ar,2,215.9049,22
Au,3,215.9080,29
Na,3,215.9082,49
Ti,2,215.9086,61
S,2,215.9158,58
B,3,215.9180,21
Zr,3,215.9231,67
Ne,3,215.9295,79
Ne,3,215.9372,85
W,3,215.9473,13
Ti,2,215.9502,32
Ne,3,215.9515,82
Co,3,215.9549,34
Na,3,215.9710,6
Te,1,215.9860,79
Ca,3,216.0347,68
Al,1,216.0383,28
W,3,216.0468,67
Rb,3,216.0474,32
Fe,3,216.0657,4
S,2,216.0697,66
Sn,3,216.0720,86
Ir,2,216.0740,88
Co,3,216.0746,34
Ba,3,216.0757,60
Ne,3,216.0828,77
B,2,216.0870,38
W,3,216.0897,95
Co,3,216.0964,28
Ne,3,216.0968,85
Ne,3,216.1134,88
Ir,2,216.1147,44
Fe,3,216.1272,42
Be,2,216.1275,46
Cu,2,216.1320,92
W,3,216.1352,40
Sn,3,216.1590,98
Yb,2,216.1600,95
Co,3,216.1736,12
Cu,2,216.1800,59
Ag,3,216.1890,92
Kr,3,216.1940,4
W,3,216.2004,4
Fe,2,216.2022,40
S,2,216.2111,16
Zr,3,216.2138,73
At,1,216.2250,25
Pd,2,216.2262,5
Kr,3,216.2500,4
Ti,2,216.2678,36
Ir,1,216.2880,90
C,3,216.2940,60
Sr,3,216.3003,48
Co,1,216.3030,44
Na,3,216.3178,24
Rh,3,216.3190,95
Ca,3,216.3416,74
Ne,3,216.3450,65
Ne,3,216.3612,85
Cs,3,216.3619,1
W,3,216.3646,67
Ir,2,216.3700,62
Ne,3,216.3734,92
W,3,216.3788,99
Kr,3,216.3840,46
Cr,3,216.3860,15
W,2,216.3884,71
W,3,216.3959,14
Se,1,216.4200,95
W,3,216.4242,68
Pt,1,216.4295,9
W,3,216.4420,84
Rb,3,216.4520,23
Rb,3,216.4590,87
B,3,216.4700,2
Al,1,216.4915,13
W,3,216.4927,14
Ta,2,216.5010,76
Cu,1,216.5093,87
Pt,1,216.5141,69
Mo,3,216.5190,34
Pt,1,216.5211,88
Er,3,216.5260,5
S,2,216.5275,16
As,1,216.5520,54
S,2,216.5540,59
Ni,2,216.5550,71
W,2,216.5554,94
Ar,2,216.5819,76
Pt,2,216.5960,43
Ag,2,216.6036,74
Ar,3,216.6190,84
Ag,3,216.6210,50
Cr,3,216.6250,30
Bi,3,216.6300,20
W,2,216.6316,91
Zr,3,216.6374,64
Ag,2,216.6509,92
Pt,1,216.6638,64
Cu,2,216.6850,36
In,2,216.6876,82
Ce,3,216.6880,51
Os,1,216.6900,93
Fe,3,216.6954,52
Eu,3,216.7120,1
Au,3,216.7330,8
Rh,3,216.7330,98
Os,1,216.7750,81
Re,1,216.7940,97
Ar,3,216.8282,66
Tl,1,216.8590,31
Al,1,216.8805,2
S,1,216.8885,93
Ni,2,216.9100,84
Co,3,216.9230,25
Pt,1,216.9271,45
Ca,3,216.9410,47
W,1,216.9474,56
Ce,3,216.9480,37
In,2,216.9548,75
Pt,2,216.9563,11
Cu,1,216.9586,34
Ge,2,216.9650,1
Co,3,216.9655,36
Na,3,216.9702,19
Mn,3,216.9780,97
Ra,2,216.9900,69
Ag,1,217.0000,30
Pb,1,217.0005,75
Ar,3,217.0222,36
Mo,3,217.0570,38
Ne,2,217.0671,0
Cr,3,217.0700,67
Pt,1,217.0727,4
Cr,2,217.0737,35
Au,1,217.0750,29
Ag,2,217.0790,86
Fe,3,217.1047,51
Hg,2,217.1141,23
S,2,217.1155,16
Sn,1,217.1301,64
Ar,2,217.1314,63
Ca,3,217.1322,75
Ar,2,217.1419,63
Ca,3,217.1566,88
W,3,217.1588,40
Os,1,217.1650,88
Ag,2,217.1686,77
Cu,1,217.1835,29
Rb,3,217.1928,53
Au,3,217.2200,76
W,3,217.2202,75
W,2,217.2203,90
Co,3,217.2247,70
Pt,2,217.2394,42
Mo,3,217.2460,2
Kr,3,217.2500,46
Ca,3,217.2710,50
Xe,3,217.2779,16
Kr,3,217.2990,61
S,2,217.3004,58
Ge,2,217.3204,18
W,2,217.3548,39
Eu,3,217.3590,2
Kr,3,217.3760,56
Fe,3,217.3831,3
C,2,217.3848,93
Sn,3,217.3860,59
Co,2,217.4000,66
Al,1,217.4028,3
Rb,2,217.4090,13
Mn,3,217.4150,77
C,2,217.4168,88
Sn,3,217.4330,92
W,3,217.4469,51
Na,3,217.4530,60
Ar,2,217.4584,75
Co,1,217.4600,47
W,1,217.4620,9
Fe,3,217.4661,62
Ni,2,217.4670,86
Pt,1,217.4684,99
W,3,217.4827,84
Pt,1,217.4839,2
Cu,2,217.4981,93
Be,1,217.4986,82
Be,1,217.5103,87
Ni,2,217.5150,82
Ir,1,217.5240,97
Fe,2,217.5453,23
Ar,2,217.5505,36
W,2,217.5523,3
Pb,1,217.5580,21
Ar,2,217.5638,93
Zr,3,217.5696,85
Sb,1,217.5810,96
W,1,217.5842,39
W,3,217.5906,41
Re,1,217.6210,96
Sn,3,217.6570,99
Ne,3,217.6629,77
Gd,3,217.6840,54
Mn,3,217.6870,89
Pt,2,217.6881,69
Si,3,217.6890,0
V,1,217.7004,3
Ni,2,217.7090,14
W,3,217.7091,68
Ar,3,217.7197,58
Bi,1,217.7213,32
S,3,217.7233,42
Ra,2,217.7300,44
Ni,2,217.7360,1
Al,1,217.7396,39
W,2,217.7546,13
Pd,3,217.7550,61
Pd,3,217.7630,68
Ge,2,217.7655,31
Mg,3,217.7694,99
Ne,3,217.7698,79
S,2,217.7808,26
Ba,3,217.8009,54
Ta,2,217.8030,83
S,2,217.8069,66
Co,3,217.8112,51
Ir,1,217.8170,92
W,1,217.8474,39
Ir,2,217.8477,59
Zr,3,217.8511,67
Ca,3,217.8584,85
Ne,3,217.8654,73
W,2,217.8724,48
Hg,1,217.8760,0
Sr,3,217.8904,83
Cu,1,217.8944,92
Ir,2,217.8980,89
Sb,1,217.9190,69
Ni,2,217.9350,2
Mo,3,217.9370,41
Rb,2,217.9377,50
Cu,2,217.9410,99
Pt,2,217.9412,26
Pt,2,217.9583,34
Cs,3,217.9656,55
W,1,217.9764,56
In,1,217.9900,1
Zr,3,218.0097,29
Sr,3,218.0134,83
Pt,1,218.0323,56
S,2,218.0360,26
Fe,3,218.0412,43
W,2,218.0462,46
Ni,2,218.0470,61
Pt,1,218.0503,81
Co,2,218.0604,24
Kr,3,218.0610,4
Rb,3,218.0638,17
Ce,3,218.0640,69
Cu,2,218.0751,80
Ne,3,218.0863,85
Hg,2,218.0887,1
Al,1,218.0996,52
Ra,2,218.1100,1
Ar,2,218.1211,70
Bi,3,218.1420,46
Cu,2,218.1424,74
Co,3,218.1490,16
Cu,1,218.1720,93
Mn,3,218.1860,82
Cd,2,218.1880,4
Sn,3,218.1880,83
Co,2,218.1985,51
Ca,3,218.2014,75
W,3,218.2052,30
Cs,3,218.2163,13
Rb,3,218.2168,47
V,1,218.2222,21
W,2,218.2224,34
Ne,3,218.2263,73
Pd,2,218.2337,7
In,1,218.2400,2
Co,3,218.2640,10
Ta,2,218.2710,91
Pt,1,218.2779,65
Ir,2,218.2830,74
Na,3,218.2846,50
Cu,2,218.2859,78
W,1,218.2900,77
Tm,3,218.2980,78
Hg,2,218.3157,23
Ne,3,218.3222,26
W,2,218.3313,18
Hf,3,218.3500,50
W,3,218.3516,22
Ce,3,218.3710,34
Cr,3,218.3710,17
Tm,3,218.3910,42
Ar,3,218.4027,74
Bi,3,218.4070,79
Au,3,218.4110,34
Pt,2,218.4176,78
Hg,1,218.4210,1
Mo,3,218.4370,62
Ni,2,218.4600,62
Eu,3,218.4680,2
Os,1,218.4680,78
Mn,3,218.4870,84
Cr,3,218.5010,69
Mn,3,218.5130,73
Na,3,218.5300,41
W,3,218.5424,96
Ar,2,218.5487,46
Na,3,218.5498,42
W,3,218.5498,62
Ni,2,218.5500,92
Kr,3,218.5530,49
Ag,2,218.5697,66
Yb,2,218.5710,97
W,2,218.5739,43
S,2,218.5932,35
Tm,3,218.5940,94
V,2,218.5949,13
Ca,3,218.6263,56
Cd,2,218.6300,15
Cs,3,218.6324,30
Ge,1,218.6451,67
Pt,2,218.6477,81
Ne,3,218.6543,19
Ar,3,218.6663,81
W,2,218.6738,34
Ag,2,218.6768,94
Hg,2,218.6860,1
Bi,2,218.6930,91
S,2,218.7264,90
Ar,2,218.7315,72
W,3,218.7390,4
In,1,218.7400,4
C,2,218.7480,69
Ti,2,218.7516,87
W,3,218.7532,30
Cd,2,218.7794,67
La,2,218.7870,71
Pb,1,218.7888,22
Sr,3,218.7955,38
Cd,3,218.8130,7
Ar,3,218.8172,75
N,3,218.8200,79
N,3,218.8380,61
C,2,218.8390,76
Ar,2,218.8493,22
S,2,218.8513,85
C,2,218.8720,69
Au,2,218.8810,56
Au,3,218.8970,97
K,2,218.9320,57
Co,2,218.9328,11
W,2,218.9363,62
Cu,2,218.9369,72
Na,3,218.9420,6
W,2,218.9501,84
Cs,3,218.9549,61
Pb,1,218.9603,24
C,2,218.9620,69
Cu,2,218.9630,97
Co,3,218.9674,37
Xe,3,218.9828,46
W,2,218.9848,75
Pt,2,218.9863,37
Kr,3,218.9960,57
Cr,3,219.0090,18
Ti,2,219.0147,80
Hg,2,219.0167,15
Pt,1,219.0180,58
Na,3,219.0185,68
Ne,3,219.0226,54
Pt,2,219.0321,94
Rb,2,219.0360,60
Cu,2,219.0500,58
Ar,2,219.0511,70
Eu,3,219.0590,2
S,2,219.0593,72
Co,2,219.0656,59
Co,2,219.0675,91
Hg,2,219.0744,84
Cr,3,219.0760,70
Er,3,219.0770,14
Pt,1,219.0786,1
In,1,219.0840,5
W,3,219.0841,52
Sr,3,219.0872,94
Co,2,219.0949,44
W,3,219.0980,84
Zr,3,219.1031,84
Ne,3,219.1090,20
Ar,3,219.1121,37
Y,3,219.1160,93
Ca,3,219.1209,68
Fe,3,219.1217,3
Ar,2,219.1287,32
Cs,3,219.1327,20
Ne,3,219.1391,1
Be,3,219.1570,23
Ar,2,219.1579,30
Cr,3,219.1580,72
Ir,1,219.1640,79
Bi,3,219.1710,38
Zr,3,219.1961,70
Fe,2,219.1983,23
Ar,3,219.2014,85
Ni,2,219.2090,94
Kr,3,219.2210,61
Cu,2,219.2268,99
Co,2,219.2271,2
W,1,219.2360,10
S,2,219.2372,72
W,3,219.2405,76
Co,2,219.2498,81
Pt,1,219.2506,3
Al,2,219.2604,90
In,2,219.2650,6
Ne,3,219.2716,27
W,3,219.3043,100
Ta,2,219.3200,74
Co,3,219.3257,77
W,2,219.3448,24
Co,2,219.3605,93
Ne,3,219.3825,6
Ta,2,219.3880,90
Pt,2,219.3902,62
Ne,3,219.4118,2
Al,2,219.4189,44
Pr,3,219.4240,0
Al,2,219.4245,65
Be,1,219.4249,6
Os,2,219.4390,88
Sn,1,219.4499,78
W,2,219.4528,45
Cd,2,219.4557,94
Eu,3,219.4810,3
Co,2,219.4835,39
Ne,3,219.4862,14
Hf,1,219.4968,37
Hf,3,219.5440,53
Ar,2,219.5444,38
Al,2,219.5456,83
Al,2,219.5502,83
Lu,2,219.5540,67
In,2,219.5668,66
Cu,2,219.5682,92
Ir,2,219.5966,59
Ta,2,219.6030,97
Na,3,219.6110,12
Ca,3,219.6169,52
Ir,2,219.6453,78
Pt,1,219.6912,1
Ne,3,219.7052,2
Pt,2,219.7074,53
W,1,219.7080,39
Cs,3,219.7174,43
Pr,3,219.7250,1
In,2,219.7270,17
In,1,219.7407,6
Co,2,219.7481,27
Ir,2,219.7500,91
Ge,2,219.7621,73
Ne,3,219.7789,37
Ra,2,219.7800,16
Xe,3,219.7801,25
W,3,219.7831,84
Cu,2,219.7869,61
Cr,3,219.7890,73
Pt,2,219.7892,45
Rb,2,219.7988,80
S,2,219.8090,56
Yb,3,219.8140,24
Er,3,219.8150,32
Rb,2,219.8262,80
Ne,3,219.8334,2
W,1,219.8367,77
W,3,219.8373,68
Cr,3,219.8620,75
W,2,219.8683,34
Ge,1,219.8714,84
Rb,2,219.8820,45
Ne,3,219.8831,9
W,3,219.8878,30
W,1,219.8915,86
Kr,3,219.9100,50
Al,1,219.9150,4
Ti,3,219.9223,76
Sn,1,219.9346,86
In,3,219.9520,24
Cu,1,219.9583,94
Ne,3,219.9663,20
Ta,2,219.9670,97
Pt,1,219.9702,68
Cu,1,219.9752,87
Sn,2,220.0075,26
Ga,2,220.0085,52
W,3,220.0261,52
S,3,220.0267,33
Cu,2,220.0300,53
Cu,2,220.0508,87
Hg,1,220.0580,21
Cs,3,220.0690,37
Ca,1,220.0730,6
Y,3,220.0760,73
Ba,2,220.0885,39
Cu,2,220.1000,46
Pt,1,220.1008,70
Ne,3,220.1167,9
Au,2,220.1320,28
Sb,1,220.1320,61
Ni,2,220.1410,56
W,1,220.1504,10
Fe,2,220.1586,24
Pt,2,220.1915,73
Pt,2,220.2016,79
Ag,2,220.2034,89
Ne,3,220.2161,54
In,2,220.2190,27
Pt,1,220.2223,90
In,1,220.2240,8
Yb,3,220.2270,59
Ca,3,220.2404,75
Fe,3,220.2460,1
Pt,2,220.2466,89
Os,1,220.2490,76
In,2,220.2670,7
Na,3,220.2831,88
Co,2,220.2950,51
Ba,3,220.2992,45
Ce,3,220.3150,38
Cr,3,220.3220,76
Sr,3,220.3268,38
In,2,220.3270,10
Pb,2,220.3534,48
Ag,2,220.3557,84
Cs,3,220.3635,4
Ir,2,220.3680,78
Sr,3,220.3866,94
Pt,2,220.3893,63
W,2,220.3993,52
Ne,3,220.4100,6
Ag,2,220.4299,76
Ca,3,220.4315,82
W,2,220.4483,98
Al,1,220.4590,14
Al,1,220.4660,15
Rb,2,220.4790,52
Kr,3,220.4840,30
Ir,2,220.4961,99
Ne,3,220.5001,73
Ir,2,220.5029,41
Pt,2,220.5054,48
Co,2,220.5069,44
In,2,220.5279,83
Cs,3,220.5293,9
Pr,3,220.5480,1
Cs,2,220.5524,59
Co,2,220.5524,80
Ni,2,220.5550,98
S,2,220.5627,35
Ar,2,220.5733,59
Sr,3,220.5751,55
Rb,3,220.5760,2
Ge,2,220.5851,74
Ag,2,220.5874,90
Pt,2,220.5884,14
Ne,3,220.5901,46
Co,2,220.5906,0
Nb,3,220.6010,29
Y,3,220.6030,75
Fe,2,220.6082,24
Hf,1,220.6090,6
N,2,220.6090,18
Fe,2,220.6148,41
Co,2,220.6189,91
Zr,3,220.6189,74
Pr,3,220.6260,1
Co,2,220.6315,26
W,3,220.6501,30
W,2,220.6598,49
W,2,220.6717,77
In,2,220.6720,65
Ni,2,220.6720,96
Pt,2,220.6729,71
Hg,2,220.6907,15
Rh,3,220.7000,25
Zr,3,220.7010,68
W,3,220.7057,14
Ta,2,220.7140,73
Ne,3,220.7232,78
Ga,2,220.7360,16
W,3,220.7450,41
W,2,220.7458,55
Co,3,220.7569,43
Rb,2,220.7861,67
Co,2,220.7921,72
Si,1,220.7980,71
Na,3,220.8069,42
Ag,2,220.8401,92
Fe,2,220.8406,58
Sb,1,220.8450,73
Cr,3,220.8700,31
Kr,3,220.8700,61
Ir,2,220.8720,83
Mn,1,220.8810,74
Te,1,220.8830,77
Fe,3,220.8850,19
Ir,2,220.8960,82
Fe,2,220.9032,48
W,3,220.9052,76
Ne,3,220.9315,80
Kr,3,220.9410,31
Pt,2,220.9504,86
Cs,3,220.9608,5
Cd,2,220.9653,19
Sn,1,220.9660,90
Al,3,220.9660,2
Kr,3,220.9700,57
Tl,1,220.9750,10
Cu,2,220.9805,88
K,2,220.9840,33
Sn,3,220.9970,94
Ir,2,221.0005,46
Ta,2,221.0030,93
Al,1,221.0046,15
Zn,2,221.0176,33
Ta,2,221.0190,94
W,3,221.0204,41
Cu,2,221.0267,98
Ag,2,221.0310,46
Xe,3,221.0420,16
Tl,1,221.0710,71
Hf,2,221.0820,81
Si,1,221.0890,73
Co,2,221.0984,41
Mo,3,221.1020,66
Sn,1,221.1033,53
In,1,221.1137,18
Ag,3,221.1230,53
Pt,2,221.1406,38
Co,2,221.1428,31
Si,1,221.1740,71
Ne,3,221.1824,86
Eu,3,221.1850,52
Zr,3,221.1884,16
Mn,3,221.1950,54
W,3,221.2122,4
Pd,2,221.2142,9
W,1,221.2170,36
Tm,3,221.2250,0
Ir,2,221.2320,86
Na,3,221.2352,51
Mn,3,221.2420,75
Ne,3,221.2577,55
Eu,3,221.2630,52
Cu,2,221.2747,84
Co,2,221.3036,18
W,3,221.3103,31
Cs,2,221.3165,27
Co,2,221.3260,0
Hg,1,221.3380,30
Rb,2,221.3468,52
Co,3,221.3501,17
Hf,3,221.3540,12
Al,3,221.3560,10
Bi,3,221.3580,86
Fe,2,221.3653,29
Rb,2,221.3683,21
Ne,3,221.3721,89
S,2,221.3800,33
Mn,1,221.3850,84
Pt,1,221.3931,19
Bi,2,221.4031,80
Fe,2,221.4037,41
Na,3,221.4208,61
Re,2,221.4260,96
Pt,2,221.4272,63
Co,2,221.4335,56
Xe,3,221.4382,16
Pr,3,221.4450,2
Re,1,221.4580,94
Cu,1,221.4581,93
Zr,3,221.4652,4
Eu,3,221.4660,53
Ne,3,221.4728,55
Ba,2,221.4763,44
W,2,221.4786,60
Co,2,221.4793,37
Sn,3,221.4850,19
Pt,2,221.4901,78
Fe,2,221.5075,29
Cu,2,221.5105,91
Mn,3,221.5210,85
Pr,3,221.5250,2
Rb,2,221.5335,34
Eu,3,221.5340,3
Ta,2,221.5600,64
Au,2,221.5630,58
Cu,1,221.5654,85
Fe,2,221.5700,9
W,2,221.6014,75
Ne,3,221.6040,92
La,3,221.6070,59
Ar,2,221.6185,53
Hg,2,221.6264,43
Co,2,221.6356,60
W,3,221.6427,41
W,2,221.6430,47
Ni,2,221.6480,99
Si,1,221.6670,74
Co,3,221.6744,51
Sr,3,221.6744,41
Co,2,221.6928,38
Ir,2,221.7050,49
Rb,2,221.7080,97
Pr,3,221.7120,2
F,3,221.7170,4
Eu,3,221.7230,83
Co,2,221.7301,45
Na,3,221.7340,32
Pt,1,221.7345,65
Rb,3,221.7776,17
W,3,221.7934,62
Rb,2,221.7936,13
Ga,1,221.8039,1
Si,1,221.8060,74
Cu,2,221.8108,98
Ce,3,221.8110,52
W,3,221.8224,31
Fe,2,221.8259,58
W,3,221.8332,85
Zr,3,221.8340,68
Kr,3,221.8420,61
Cd,3,221.8430,11
Cu,2,221.8512,89
Ag,2,221.8748,64
Ar,2,221.8803,69
Si,1,221.8910,35
Ir,2,221.9210,73
Eu,3,221.9330,83
W,3,221.9365,85
Eu,3,221.9420,53
Sr,3,221.9503,94
Ag,2,221.9588,80
Ca,3,221.9851,82
Fe,2,221.9894,0
Co,2,221.9929,45
Ar,2,221.9962,65
Sr,3,222.0050,95
Co,2,222.0094,13
Co,2,222.0115,86
Zr,3,222.0209,58
B,2,222.0298,82
Ir,1,222.0370,86
Ge,1,222.0375,55
Fe,2,222.0378,29
Ni,2,222.0400,64
Cs,2,222.0530,63
Mn,3,222.0550,91
Po,1,222.0670,20
Sb,1,222.0730,50
Co,3,222.0771,14
W,2,222.0939,43
Ni,2,222.1060,16
Ir,2,222.1068,89
Cs,3,222.1286,41
Zr,3,222.1384,64
Co,2,222.1459,10
Cu,2,222.1649,63
Co,2,222.1751,40
Fe,3,222.1832,12
Mn,1,222.1840,89
W,3,222.1883,31
W,3,222.1970,31
Sb,1,222.1980,36
Ce,3,222.2010,70
Po,1,222.2130,1
Pt,1,222.2614,82
W,3,222.2769,76
Ni,2,222.2960,69
Eu,3,222.3130,4
Zr,3,222.3141,65
Mo,3,222.3190,5
Pr,3,222.3230,2
Co,2,222.3263,6
Ra,2,222.3300,29
W,3,222.3354,32
Ba,3,222.3392,88
W,1,222.3574,39
Rb,2,222.3793,60
Ba,3,222.3830,34
Co,3,222.3878,43
Gd,3,222.3950,55
Er,3,222.3980,0
Hg,2,222.4013,77
W,3,222.4049,76
Co,2,222.4082,13
Rb,2,222.4084,30
Ba,3,222.4249,68
Cd,3,222.4430,15
I,3,222.4430,1
Yb,2,222.4460,97
Pt,1,222.4525,18
Ne,3,222.4598,37
W,3,222.4682,52
Cu,2,222.4691,86
Hg,2,222.4711,95
Ir,2,222.4800,77
Sb,1,222.4930,44
Pt,2,222.5009,95
Ir,2,222.5019,59
Xe,3,222.5071,16
Ce,3,222.5080,70
Sb,2,222.5150,4
Sr,3,222.5199,4
Cs,3,222.5200,10
Na,3,222.5280,25
W,1,222.5544,56
Ca,3,222.5559,50
Ti,3,222.5590,16
Ar,2,222.5660,86
Cu,1,222.5697,97
W,2,222.5901,92
Na,3,222.5927,89
Co,2,222.5948,60
Ag,2,222.6002,81
Rb,3,222.6122,63
Pt,2,222.6126,63
W,2,222.6329,62
Re,1,222.6420,92
W,2,222.6568,32
Cr,3,222.6720,98
Cu,2,222.6780,89
W,2,222.6780,56
Pt,1,222.6844,0
Ti,2,222.7139,34
Ar,2,222.7298,41
Mn,3,222.7420,99
W,3,222.7482,62
Co,2,222.7539,46
Kr,3,222.7770,62
Cu,1,222.7775,93
Ir,2,222.7782,59
Ce,3,222.7840,53
Kr,2,222.7925,7
Os,1,222.7980,70
W,1,222.7980,40
Zr,3,222.8023,70
Ce,3,222.8050,53
W,3,222.8100,42
Bi,1,222.8209,92
Pt,2,222.8494,52
Na,2,222.8529,8
Cs,3,222.8544,12
Fe,2,222.8732,49
Cu,2,222.8867,97
Au,2,222.8880,59
Cs,3,222.8896,51
Cs,3,222.9085,30
Pt,2,222.9231,82
Fe,3,222.9269,16
Ag,2,222.9519,98
W,2,222.9629,91
Ar,2,222.9647,90
Pt,2,222.9672,0
Hg,2,222.9807,54
Cu,2,222.9853,88
Hg,2,223.0032,80
Cu,1,223.0084,97
Cu,2,223.0144,89
Na,3,223.0328,100
Ba,3,223.0330,90
Pr,3,223.0350,3
W,3,223.0393,52
Cu,2,223.0398,76
Rb,2,223.0410,52
Co,2,223.0433,43
Ir,2,223.0441,93
Bi,1,223.0609,97
Rh,3,223.0660,28
In,1,223.0699,27
Tm,3,223.0860,42
Ti,2,223.0919,51
Cu,2,223.0951,87
Zr,3,223.1010,66
W,2,223.1076,13
Pt,2,223.1096,65
W,3,223.1162,53
Au,2,223.1180,41
Tm,3,223.1250,51
W,3,223.1251,96
Co,2,223.1358,30
Ar,2,223.1420,82
Ca,3,223.1436,69
Fe,2,223.1493,24
Hg,1,223.1570,55
Cu,2,223.1582,84
Pd,2,223.1591,55
Pt,2,223.1662,39
Sn,1,223.1724,70
Cr,3,223.1810,78
Co,2,223.1904,46
Co,2,223.2072,43
In,3,223.2180,5
Na,3,223.2187,93
Ir,2,223.2248,89
Sr,3,223.2331,2
Er,3,223.2350,17
Co,2,223.2385,10
Fe,3,223.2432,9
W,3,223.2597,14
Sn,3,223.2660,85
Fe,3,223.2692,17
Ba,2,223.2786,59
Pt,2,223.2820,17
Sc,2,223.2905,43
V,3,223.2910,55
Pt,2,223.2972,88
Cs,3,223.3248,23
Ir,2,223.3370,98
Ir,2,223.3441,97
Ar,2,223.3478,32
Ca,3,223.3614,53
Cr,3,223.3810,79
Co,3,223.3891,26
Fe,2,223.3917,25
B,3,223.4088,87
W,3,223.4204,77
Ir,2,223.4380,82
Ba,3,223.4483,74
Hf,3,223.4590,57
B,3,223.4593,90
Os,1,223.4610,81
Ar,2,223.4672,80
Co,2,223.4754,57
W,3,223.4828,77
Pt,1,223.4926,81
Co,2,223.5012,36
Pt,2,223.5023,0
Eu,3,223.5170,4
Co,3,223.5189,61
Er,3,223.5280,55
Pt,2,223.5305,81
Ba,2,223.5379,31
Re,1,223.5440,87
W,2,223.5641,14
P,1,223.5732,40
Cr,3,223.5910,99
Fe,3,223.5910,16
W,3,223.6007,15
Lu,3,223.6140,82
Lu,3,223.6220,93
Ir,2,223.6270,60
Cu,1,223.6278,85
Sr,3,223.6397,55
Ar,2,223.6525,41
Ir,2,223.6592,14
Gd,3,223.6730,56
S,2,223.6766,99
W,2,223.7056,55
Co,3,223.7059,80
Ir,2,223.7090,96
Kr,3,223.7140,62
Pr,3,223.7260,3
Co,2,223.7323,36
Pt,2,223.7352,40
Pb,1,223.7425,46
Fe,2,223.7568,9
Cr,3,223.7590,92
Rb,2,223.7725,74
W,3,223.7769,15
Ti,3,223.7773,86
Tl,1,223.7840,39
Pt,2,223.7892,56
I,3,223.8120,2
Zr,3,223.8122,27
Fe,3,223.8157,15
La,3,223.8360,37
Ag,3,223.8400,8
Cu,1,223.8454,86
Cs,3,223.8646,18
Fe,2,223.9038,30
Pr,3,223.9060,3
W,3,223.9296,85
Pr,3,223.9420,4
Ta,2,223.9480,95
Na,3,223.9484,81
Ir,2,223.9600,61
W,2,223.9771,66
Gd,3,223.9840,22
Yb,3,224.0110,78
Eu,3,224.0140,5
Au,2,224.0160,29
Nb,3,224.0310,30
Ag,2,224.0321,80
Pt,1,224.0322,7
Ag,2,224.0502,61
Ir,2,224.0640,72
Ba,3,224.0683,68
Pt,2,224.0898,99
Ar,2,224.1027,79
C,2,224.1050,65
W,2,224.1081,58
Co,2,224.1184,57
Pt,1,224.1215,28
Pt,2,224.1229,87
Fe,2,224.1419,25
V,3,224.1530,42
Fe,3,224.1540,25
Co,2,224.1653,72
In,1,224.1664,19
Ag,2,224.1721,66
Ar,3,224.1725,90
W,3,224.2040,90
C,2,224.2100,63
Co,3,224.2134,49
Cu,2,224.2142,73
Pr,3,224.2150,4
Ce,3,224.2290,71
Ar,3,224.2321,37
Rb,3,224.2585,3
Cu,2,224.2618,97
W,3,224.2660,53
Ni,2,224.2680,18
Ir,2,224.2683,100
Cu,2,224.2718,64
Cs,3,224.2937,14
Al,2,224.3045,83
Y,2,224.3045,63
Cu,2,224.3094,71
Tm,3,224.3340,24
Ag,2,224.3448,100
Ar,2,224.3660,61
Gd,3,224.3750,40
Xe,3,224.3970,37
Tm,3,224.3980,51
At,1,224.4010,75
Cr,3,224.4100,93
Kr,3,224.4130,50
Nb,3,224.4190,32
Ir,2,224.4230,69
Kr,3,224.4230,57
Cu,1,224.4265,97
Yb,3,224.4280,61
W,3,224.4499,4
Pt,1,224.4977,83
Co,2,224.5129,85
Cs,3,224.5171,11
W,2,224.5194,60
Zr,3,224.5257,71
Xe,3,224.5280,1
In,2,224.5310,38
Fe,2,224.5499,74
Pt,2,224.5524,100
Er,3,224.5600,24
Co,2,224.5647,15
Ba,2,224.5688,61
Ir,2,224.5760,96
Cs,2,224.5809,56
Ar,2,224.5972,18
Co,2,224.6041,67
Sn,1,224.6057,89
Ag,2,224.6107,88
Rb,3,224.6410,33
Ag,2,224.6412,100
Ag,3,224.6510,83
Pt,2,224.6522,98
Cs,3,224.6531,9
Sr,3,224.6619,69
W,2,224.6644,59
Tm,3,224.6680,24
Na,3,224.6706,97
Pb,1,224.6856,47
Pb,1,224.6892,51
Ir,2,224.6900,98
W,3,224.6982,85
Cu,2,224.7002,99
Kr,3,224.7120,4
W,3,224.7229,15
W,3,224.7319,53
Co,2,224.7326,8
Pt,2,224.7482,87
Hg,1,224.7570,56
Fe,2,224.7684,67
Co,2,224.8010,54
W,2,224.8275,86
Cr,2,224.8286,60
In,2,224.8318,20
Ta,2,224.8480,41
Cr,2,224.8548,45
Au,2,224.8560,71
Kr,3,224.8590,57
Ar,3,224.8730,58
Ag,2,224.8749,97
W,1,224.8750,10
W,2,224.8758,97
Rb,3,224.8957,38
Cu,2,224.8967,88
Fe,2,224.9059,68
Fe,2,224.9199,41
Ce,3,224.9250,38
Pt,1,224.9308,84
Pt,2,224.9308,92
I,3,224.9310,40
Ar,2,224.9346,14
Ir,2,224.9456,79
In,2,224.9610,33
Pt,2,224.9632,15
Cr,2,224.9774,12
Ta,2,224.9790,72
W,2,224.9887,96
Pt,1,224.9899,79
Co,2,224.9911,9
Ti,2,225.0068,76
Gd,3,225.0180,56
Co,2,225.0317,69
Fe,2,225.0438,0
Co,2,225.0491,32
Pt,2,225.0625,80
Rb,2,225.0650,77
W,2,225.0734,70
Ta,2,225.0760,92
Rh,3,225.0840,12
Ba,3,225.0976,34
Zr,3,225.0976,69
Co,2,225.1116,42
W,2,225.1137,44
Sn,1,225.1149,62
Kr,3,225.1300,5
W,3,225.1358,86
Rb,2,225.1430,61
Cr,3,225.1450,43
Na,3,225.1474,84
Pt,2,225.1512,89
Cd,2,225.1540,5
Co,3,225.1675,74
Pt,2,225.1808,85
Co,2,225.1822,4
Fe,2,225.1823,91
Cu,2,225.1856,61
Pt,2,225.1921,79
Os,1,225.2150,85
Zr,3,225.2214,66
Ar,2,225.2246,22
Ca,3,225.2446,59
Pt,2,225.2569,74
Co,2,225.2740,49
Hg,2,225.2786,92
Sn,2,225.2845,12
Cu,2,225.3033,56
Cl,3,225.3070,60
Pt,2,225.3122,63
Co,2,225.3162,23
Mo,3,225.3180,70
Ti,2,225.3264,63
Ag,2,225.3361,90
Ir,1,225.3375,76
Co,2,225.3480,61
Ir,1,225.3487,88
Ni,2,225.3850,19
Hf,2,225.4010,67
Kr,3,225.4050,31
W,3,225.4089,68
Rb,2,225.4191,82
Rb,2,225.4551,61
Cs,2,225.4591,51
Co,2,225.4614,21
Ba,2,225.4778,76
Ta,2,225.4860,46
W,2,225.4977,6
Cu,2,225.4988,80
Ga,1,225.5034,3
Ir,1,225.5100,90
Pt,2,225.5127,43
Hf,2,225.5150,42
Ca,3,225.5205,64
C,2,225.5230,48
Rb,2,225.5263,34
Ir,2,225.5406,65
Ar,2,225.5406,23
Hg,2,225.5468,6
Ru,1,225.5520,78
Te,1,225.5520,83
Pt,2,225.5673,33
C,2,225.5680,63
Fe,2,225.5687,77
Sn,2,225.5726,4
Re,1,225.5730,73
Fe,2,225.5766,18
Ta,2,225.5770,66
In,2,225.5787,54
Ir,1,225.5810,87
Co,3,225.5837,31
Os,2,225.5850,93
Co,2,225.5936,21
Er,3,225.5950,6
Cr,2,225.5998,6
Ge,1,225.6001,58
W,3,225.6009,96
Cs,3,225.6056,21
Pt,2,225.6065,1
Pt,2,225.6089,78
Hg,2,225.6120,3
C,2,225.6190,73
Re,1,225.6190,86
Ta,2,225.6510,60
Ar,2,225.6543,9
Co,2,225.6745,88
La,2,225.6760,88
Pt,2,225.6787,69
C,2,225.6790,48
W,2,225.6845,63
Co,2,225.6857,28
Fe,2,225.6891,13
Yb,3,225.7030,73
Gd,3,225.7050,28
W,2,225.7093,24
W,3,225.7124,53
Pt,1,225.7128,45
W,3,225.7325,15
Ag,2,225.7340,56
Ir,2,225.7500,83
Co,2,225.7655,41
Ir,2,225.7678,47
Zr,3,225.7731,84
W,3,225.7754,91
Fe,2,225.7783,49
Cs,2,225.7819,49
Ba,3,225.7902,45
Cr,3,225.7920,20
Cr,2,225.7949,12
Al,1,225.7999,16
W,3,225.8122,91
Cs,2,225.8324,15
W,3,225.8335,54
Ir,2,225.8465,94
Ir,1,225.8510,62
La,3,225.8610,42
Hg,2,225.8678,9
Cs,2,225.8689,28
Ta,2,225.8710,74
Pt,2,225.8713,17
Ir,1,225.8860,88
Te,1,225.9030,96
Ga,1,225.9227,5
Ir,2,225.9400,64
Ru,1,225.9530,52
In,1,225.9991,39
Co,2,226.0006,87
W,3,226.0051,42
Pt,2,226.0199,6
Co,2,226.0287,20
Hg,2,226.0294,96
La,3,226.0300,22
Co,2,226.0437,16
Pt,2,226.0490,43
Cu,1,226.0528,88
Ir,2,226.0650,82
Co,2,226.0973,9
W,3,226.1105,54
Ti,2,226.1190,66
In,3,226.1260,31
Y,3,226.1410,25
Ta,2,226.1420,87
Y,3,226.1570,17
Fe,3,226.1594,25
Ta,2,226.1620,46
Ac,2,226.1749,81
Sr,3,226.1752,69
Eu,3,226.1880,5
W,3,226.1939,86
W,2,226.1940,90
Rb,3,226.2067,18
Ne,3,226.2110,32
Hg,2,226.2223,97
Yb,3,226.2260,62
Sc,1,226.2292,58
Ta,2,226.2300,87
Sb,1,226.2510,74
Co,2,226.2538,4
Pt,2,226.2647,79
Pt,2,226.2718,99
Pt,2,226.2803,23
B,2,226.2880,14
Pt,2,226.2928,19
Co,2,226.3079,24
Cu,1,226.3084,13
Ne,3,226.3166,78
Cu,2,226.3213,79
Fe,2,226.3232,4
Pt,2,226.3309,72
Sr,3,226.3362,48
Co,2,226.3451,57
Al,1,226.3462,40
W,2,226.3519,85
Rb,2,226.3545,61
Au,2,226.3620,72
Hg,2,226.3634,92
Cd,2,226.3649,6
Al,1,226.3731,17
Cu,2,226.3786,87
Pt,2,226.3861,90
Au,2,226.3880,14
Co,2,226.3893,49
Rb,2,226.3935,77
W,3,226.3988,91
Ne,3,226.4047,27
Co,2,226.4081,16
W,2,226.4176,29
Co,2,226.4197,41
K,2,226.4340,44
Rb,2,226.4369,42
Re,1,226.4390,93
Ni,2,226.4460,72
Cu,2,226.4567,55
Fe,2,226.4590,8
Os,1,226.4600,85
Ir,1,226.4610,82
B,2,226.4680,27
Ne,3,226.4832,77
Ce,3,226.4850,39
Cd,2,226.5015,95
Ar,3,226.5145,92
Ir,2,226.5163,87
Ar,2,226.5222,25
W,2,226.5338,18
Cu,2,226.5364,69
Pt,2,226.5379,72
Te,1,226.5530,85
Nb,3,226.5630,34
Yb,3,226.5670,73
W,3,226.5679,16
Eu,3,226.5740,53
Ag,2,226.5789,67
Ne,3,226.5904,32
Al,1,226.6014,29
Sn,2,226.6016,43
Ca,3,226.6072,13
Ne,3,226.6084,74
W,2,226.6131,70
Tc,2,226.6220,1
W,2,226.6251,57
In,3,226.6260,8
Ir,1,226.6330,84
W,3,226.6404,77
Pt,2,226.6408,45
W,3,226.6459,69
Co,2,226.6526,90
Co,2,226.6568,65
Sc,1,226.6594,87
Co,2,226.6799,57
Hf,2,226.6830,61
Ne,3,226.6880,33
Sr,3,226.7026,95
Sn,1,226.7187,54
Cs,3,226.7270,74
W,3,226.7316,69
Co,2,226.7380,33
Fe,3,226.7423,15
Al,1,226.7530,41
Cs,2,226.7646,85
C,2,226.7770,44
Co,3,226.7950,72
Rb,3,226.7997,68
Sr,3,226.8018,70
Pt,2,226.8106,49
Ce,3,226.8200,39
Os,1,226.8280,50
W,3,226.8823,32
Pt,1,226.8838,85
S,2,226.8866,7
Ir,1,226.8900,84
Ir,2,226.8906,96
C,2,226.8910,61
Sn,1,226.8930,91
Cl,3,226.8950,12
Al,1,226.9096,41
Ti,2,226.9112,54
Al,1,226.9220,17
C,2,226.9360,44
Er,3,226.9360,60
Eu,3,226.9390,5
Tm,3,226.9390,25
Ta,2,226.9560,38
In,2,226.9680,17
Ba,3,226.9687,69
Mo,2,226.9690,83
C,2,226.9700,72
Mo,3,226.9710,84
Ar,3,226.9752,92
Ca,3,226.9842,71
Co,2,226.9904,28
Ar,3,226.9954,95
Os,1,227.0170,79
C,2,227.0200,72
Ni,2,227.0210,88
W,2,227.0229,68
W,2,227.0241,82
Co,2,227.0302,5
W,3,227.0454,32
Co,2,227.0540,37
Zr,3,227.0683,16
Sc,1,227.0944,87
Xe,3,227.1055,2
Co,2,227.1119,28
Xe,3,227.1382,37
Ir,2,227.1390,77
Pt,2,227.1619,87
W,3,227.1830,32
Ta,2,227.1850,84
Ru,1,227.2090,83
W,3,227.2386,5
In,3,227.2410,11
W,2,227.2499,3
Ir,2,227.2510,83
Ta,2,227.2590,88
Co,2,227.2673,54
Co,2,227.2705,26
Cs,3,227.2721,1
In,3,227.2840,15
Rb,3,227.2968,4
Sr,3,227.3028,62
Sc,2,227.3109,79
Zn,2,227.3150,17
Cr,3,227.3300,80
Ir,2,227.3325,51
Mg,3,227.3414,23
Ne,3,227.3583,89
Co,2,227.3591,54
Sr,3,227.3708,98
Kr,3,227.3760,5
Cs,2,227.3840,79
Nb,3,227.3920,51
Cs,3,227.3997,16
Pt,1,227.4068,35
Rb,2,227.4269,55
Cs,3,227.4293,11
Pt,1,227.4381,93
Sr,3,227.4469,56
Re,1,227.4620,93
Cu,2,227.4741,66
Pt,1,227.4841,81
Ag,2,227.5178,90
Nb,3,227.5230,80
Re,2,227.5250,99
Co,2,227.5316,29
Pt,2,227.5341,65
Ar,2,227.5361,13
Co,2,227.5405,11
Cr,3,227.5430,44
Ca,1,227.5460,10
Mo,3,227.5470,9
Rb,3,227.5572,28
Mo,3,227.5640,12
Ir,2,227.5660,71
Rb,2,227.5914,13
Ca,3,227.6012,19
Co,2,227.6170,49
Rh,2,227.6210,85
Cu,2,227.6258,95
Cr,3,227.6380,82
Pt,1,227.6423,59
Zr,3,227.6487,80
Ca,3,227.6512,87
Bi,1,227.6558,88
Pt,2,227.6707,4
Eu,3,227.6850,54
Pt,1,227.6855,54
Tm,3,227.6910,80
Lu,2,227.6940,37
Hf,2,227.7160,84
Ni,2,227.7280,66
Ag,2,227.7306,83
Pt,2,227.7365,44
Co,2,227.7425,33
Cr,3,227.7470,46
Au,2,227.7520,31
W,1,227.7583,10
Er,3,227.7650,89
Sr,3,227.7862,95
W,2,227.7973,7
Ru,1,227.8190,44
In,1,227.8196,29
S,2,227.8209,51
Ni,2,227.8320,4
Cu,2,227.8338,70
Cl,3,227.8340,13
Na,3,227.8413,90
Co,2,227.8469,20
Ba,3,227.8639,74
Ba,3,227.8746,27
Pt,2,227.8763,1
Ni,2,227.8770,68
Ne,3,227.8951,65
Co,2,227.9021,2
Ar,3,227.9033,70
Nb,3,227.9360,52
Ar,3,227.9470,17
Na,3,227.9482,78
S,2,227.9516,31
Pt,2,227.9541,49
Ru,1,227.9584,83
Ar,3,227.9680,26
Kr,3,227.9790,22
Ta,1,227.9850,61
Ag,2,227.9981,99
Cs,2,227.9988,52
Ir,1,228.0000,77
Tm,3,228.0080,1
W,2,228.0287,4
Pt,2,228.0308,66
Co,2,228.0373,63
W,3,228.0425,77
S,2,228.0448,51
Pt,1,228.0492,54
Ba,3,228.0684,95
Sc,1,228.0833,87
Ar,3,228.0850,37
Co,2,228.0871,2
Cu,2,228.0942,73
Pt,2,228.1194,93
Ar,3,228.1199,38
Tm,3,228.1270,1
Kr,3,228.1320,5
Ca,3,228.1468,24
Nb,3,228.1510,82
Co,2,228.1579,11
Na,3,228.1620,61
Re,1,228.1620,91
In,2,228.1640,57
Pt,2,228.1696,31
Co,2,228.1899,74
Ir,1,228.1910,77
Ta,2,228.2190,56
W,2,228.2198,71
Ar,3,228.2223,75
Sn,1,228.2248,46
Os,2,228.2260,91
Co,2,228.2359,8
Cs,2,228.2509,1
Ar,2,228.2620,81
Rb,3,228.2706,4
Kr,3,228.2800,31
Tm,3,228.2860,2
Sc,2,228.2936,31
Tm,3,228.2980,26
Yb,3,228.2990,71
Co,2,228.3076,67
Zr,3,228.3163,33
Ar,2,228.3243,81
Au,2,228.3300,32
Co,2,228.3521,39
Zr,3,228.3552,32
S,3,228.3646,27
Os,1,228.3670,77
Ca,3,228.3683,15
Sr,3,228.3734,62
In,1,228.3750,9
Ne,3,228.3830,9
Cl,3,228.3930,62
Yb,3,228.3990,62
Ar,2,228.3994,88
Cu,2,228.4202,28
Y,3,228.4340,84
Nb,3,228.4400,54
Cr,3,228.4440,95
Cs,3,228.4507,23
S,2,228.4537,5
Ir,1,228.4600,60
Pr,3,228.4620,4
Tm,2,228.4790,64
O,2,228.4836,8
Ta,2,228.5020,13
Al,2,228.5126,56
Br,2,228.5170,39
W,1,228.5170,57
Ta,2,228.5250,86
Ru,1,228.5380,31
Cs,2,228.5405,66
Al,2,228.5470,33
Pt,2,228.5518,62
Na,3,228.5660,82
Al,2,228.5690,18
Xe,2,228.5940,4
Ba,2,228.5989,49
Pt,2,228.6094,34
Cs,2,228.6154,68
Co,2,228.6159,98
Pt,2,228.6438,89
Ag,3,228.6500,11
Tm,3,228.6570,26
Ta,2,228.6590,77
Cu,2,228.6645,81
Cs,2,228.6678,43
Sn,1,228.6681,83
N,2,228.6690,19
Rb,2,228.6821,77
Ir,2,228.6895,58
Ar,2,228.6925,63
Rb,3,228.6936,24
Pt,2,228.6971,68
Rb,3,228.7122,5
Tm,3,228.7210,52
Ta,2,228.7270,42
Pt,2,228.7364,92
In,2,228.7395,28
Re,1,228.7510,95
Br,2,228.7600,40
Tl,1,228.7600,24
Rb,3,228.7644,54
Ni,2,228.7650,21
Hg,2,228.7705,7
Ce,3,228.7820,40
Pt,2,228.7825,6
Cd,1,228.8022,98
Sc,1,228.8059,88
Sc,2,228.8059,68
As,1,228.8120,92
Pt,2,228.8205,98
N,2,228.8440,5
W,3,228.8527,86
Rh,1,228.8570,65
Ar,2,228.8766,65
Ar,3,228.8820,8
Sc,2,228.8839,43
Co,2,228.8880,51
Co,2,228.8921,51
Sb,1,228.8980,45
Hg,2,228.9094,12
Ta,2,228.9160,89
Sr,3,228.9224,83
Cr,3,228.9230,21
Co,2,228.9235,37
Pt,1,228.9276,84
Ar,3,228.9310,27
W,3,228.9311,62
Os,1,228.9320,68
Cu,2,228.9416,68
Ar,2,228.9768,84
Rb,3,228.9918,6
W,3,228.9952,33
Co,2,228.9961,46
Ni,1,228.9980,88
Rb,2,228.9995,28
Cu,2,229.0161,55
Sr,3,229.0232,70
Nb,3,229.0360,84
Ar,2,229.0425,34
Co,2,229.0523,15
Ar,3,229.0610,49
Co,2,229.0628,63
Cr,3,229.0660,47
Sc,2,229.0703,20
Ir,2,229.0800,79
Cs,2,229.0813,27
Xe,3,229.0834,47
O,2,229.0839,58
Cu,2,229.1002,78
W,3,229.1017,42
Si,1,229.1030,11
W,3,229.1146,42
Rb,2,229.1226,5
Kr,3,229.1280,5
Co,2,229.1311,68
Ar,3,229.1359,50
Au,2,229.1400,34
Pd,3,229.1450,4
Eu,3,229.1620,88
Rb,2,229.1707,95
Sr,3,229.1722,56
Hg,2,229.1963,79
Co,2,229.1991,96
Ar,2,229.2132,56
Ar,3,229.2265,38
Kr,3,229.2280,62
Co,2,229.2315,18
Ar,3,229.2390,38
Pt,1,229.2399,94
Xe,2,229.2400,24
Gd,3,229.2510,29
Ta,2,229.2540,31
Cu,2,229.2690,31
Co,2,229.2766,52
V,3,229.2860,88
Cu,2,229.2970,34
Ar,3,229.2975,86
Ir,2,229.3020,45
Fe,3,229.3057,23
O,2,229.3301,66
Co,2,229.3389,50
W,3,229.3421,86
Co,2,229.3429,75
Br,3,229.3440,65
Sb,1,229.3440,51
Pt,2,229.3467,43
Ba,3,229.3471,35
Ca,3,229.3639,48
Cu,1,229.3845,48
Pt,2,229.4006,36
Ar,3,229.4050,17
Ga,1,229.4190,19
W,3,229.4194,16
W,2,229.4195,4
Cu,2,229.4367,95
Re,1,229.4490,95
W,1,229.4494,40
W,2,229.4544,70
Xe,2,229.4570,19
Tm,3,229.4730,62
Ar,3,229.4910,39
Mo,3,229.4970,91
Rb,3,229.4971,55
Ir,1,229.5080,60
Cr,2,229.5163,23
Ar,2,229.5349,37
Si,3,229.5480,15
Cr,3,229.5550,33
Pt,2,229.5676,74
Nb,2,229.5680,74
W,3,229.5686,54
Pt,1,229.5744,60
Fe,3,229.5861,47
Pt,2,229.5874,54
Ag,2,229.5954,76
W,2,229.5979,29
Hg,2,229.6178,83
Tm,3,229.6210,99
Ar,3,229.6240,27
Ir,2,229.6268,52
Sn,2,229.6293,14
Pd,2,229.6516,89
Xe,2,229.6520,36
Ni,2,229.6550,6
Sr,3,229.6553,41
K,2,229.6790,1
C,3,229.6870,98
Si,3,229.6870,68
Be,2,229.6970,69
Ir,2,229.7138,71
Ni,2,229.7140,8
Ar,3,229.7150,39
Cr,2,229.7170,45
Pt,2,229.7187,68
Rb,2,229.7248,57
Os,1,229.7310,53
W,3,229.7399,43
Lu,2,229.7410,49
Tm,3,229.7430,27
La,3,229.7740,84
Cs,3,229.7834,87
Ga,1,229.7869,7
Pt,2,229.8016,25
Tl,2,229.8040,97
Re,2,229.8090,79
Pt,2,229.8149,36
Ir,1,229.8159,80
W,2,229.8234,37
Kr,3,229.8290,6
Co,2,229.8303,13
In,1,229.8330,11
Ca,3,229.8335,35
Pt,1,229.8368,38
W,2,229.8643,29
Sr,3,229.8680,62
Ce,3,229.8700,41
In,1,229.8700,12
Co,2,229.8734,25
Pt,1,229.8786,35
Rb,2,229.8803,67
Ba,3,229.8988,45
Sc,2,229.9050,57
Ar,3,229.9062,1
Kr,3,229.9150,6
Pt,2,229.9202,25
Pt,2,229.9432,50
Al,3,229.9470,25
Cu,3,229.9470,16
Cu,2,229.9488,66
Ir,1,229.9530,68
Co,2,229.9769,75
Re,1,229.9770,70
Hg,2,229.9813,6
Cr,2,230.0032,54
W,2,230.0099,78
Rb,3,230.0125,77
Ar,2,230.0179,78
Sc,2,230.0219,32
O,2,230.0331,78
Xe,3,230.0353,17
Gd,3,230.0380,15
Ir,1,230.0500,83
Ce,3,230.0650,54
Xe,3,230.0716,17
Ni,1,230.0780,79
Ar,3,230.0782,28
Co,2,230.0809,84
Xe,3,230.0876,17
In,3,230.0900,27
Ir,2,230.0904,75
Si,3,230.0930,46
Co,2,230.0993,69
Fe,2,230.1174,49
W,3,230.1298,8
Hg,2,230.1363,7
Co,2,230.1403,46
Zr,3,230.1459,80
Ta,2,230.1470,24
W,2,230.1644,55
Sr,3,230.1684,63
Ar,2,230.1826,18
Co,2,230.1838,13
Hg,1,230.2059,76
198Hg,1,230.2065,17
Ar,2,230.2078,56
Nb,2,230.2080,63
Ce,3,230.2090,64
Rb,2,230.2144,52
Ar,3,230.2170,84
Ta,2,230.2240,67
Pt,2,230.2307,83
In,1,230.2490,13
Ru,1,230.2540,52
O,2,230.2808,58
Fe,3,230.2809,7
Ar,3,230.2920,50
Ta,2,230.2930,67
Re,1,230.2990,79
Ni,2,230.3000,74
Si,1,230.3060,39
Cu,1,230.3117,13
Pt,1,230.3207,64
W,2,230.3291,56
Ta,2,230.3490,51
Na,2,230.3582,8
Sr,3,230.3586,70
Gd,3,230.3720,23
Xe,3,230.3735,17
W,2,230.3819,92
Ne,3,230.3891,47
Co,2,230.3969,82
Rb,3,230.4144,93
Ir,1,230.4220,92
Ba,2,230.4247,91
Mo,2,230.4250,64
Mo,3,230.4260,48
Eu,3,230.4370,54
Rb,3,230.4446,78
Tm,3,230.4640,2
Au,2,230.4690,61
Cs,3,230.4762,67
Nb,3,230.4780,35
Tm,3,230.4820,52
Ne,3,230.4834,55
Ca,3,230.4948,9
Co,2,230.4954,52
Mn,2,230.5003,17
Tm,3,230.5030,95
In,2,230.5290,61
Yb,3,230.5320,79
Kr,3,230.5390,74
Ca,3,230.5413,16
Ne,3,230.5459,37
Ir,1,230.5470,66
Ba,3,230.5785,12
Co,2,230.5900,26
Co,2,230.6009,37
Pt,2,230.6012,58
In,2,230.6064,98
Sr,3,230.6110,63
Sb,1,230.6460,75
Re,1,230.6540,81
Ne,3,230.6589,65
Ir,2,230.6770,81
In,1,230.6860,60
W,2,230.6919,67
Mo,2,230.6970,65
Co,2,230.7003,64
Gd,3,230.7030,40
Cr,2,230.7190,30
Ne,3,230.7233,37
Rb,3,230.7248,58
Ir,1,230.7270,44
Ir,2,230.7453,16
Ac,2,230.7500,79
Co,2,230.7506,31
Cr,2,230.7518,67
Pr,3,230.7590,5
W,2,230.7655,10
Cs,2,230.7685,3
Cs,3,230.7707,55
Co,2,230.7754,61
Pr,3,230.7770,5
Sc,3,230.7822,36
Co,2,230.7860,97
Pt,1,230.8044,88
Zr,3,230.8109,82
Si,3,230.8190,69
Os,1,230.8310,73
Pr,3,230.8410,5
Rb,3,230.8421,6
Ta,2,230.8460,3
Kr,3,230.8700,72
Co,2,230.8734,72
Ir,1,230.8930,83
Co,1,230.9020,77
Co,2,230.9055,42
Ar,2,230.9097,9
Ar,2,230.9152,85
Er,3,230.9190,68
Yb,3,230.9270,62
In,1,230.9320,20
I,3,230.9380,4
Rb,3,230.9455,25
Cu,2,230.9519,70
Ag,1,230.9560,55
In,1,230.9750,15
Rh,1,230.9820,58
W,3,230.9824,16
W,2,230.9850,14
Nb,3,230.9920,9
Na,3,230.9988,90
Cr,3,230.9990,22
Ag,3,231.0040,98
Sc,3,231.0239,53
Ca,3,231.0294,16
Sr,3,231.0327,84
Co,2,231.0333,7
Ca,3,231.0796,72
Ni,1,231.0960,91
Pt,2,231.0962,99
Al,1,231.1035,42
Tm,3,231.1160,99
Pr,3,231.1290,5
Co,2,231.1361,54
Pr,3,231.1440,6
Sb,1,231.1470,99
Co,2,231.1604,94
Co,2,231.1691,14
Pt,2,231.1864,59
Eu,3,231.1920,6
Kr,2,231.2017,11
W,3,231.2020,16
Ca,3,231.2076,95
Ar,3,231.2124,50
Al,2,231.2225,2
Xe,3,231.2276,37
Ag,2,231.2320,54
Ni,1,231.2340,90
Sc,3,231.2382,40
Cd,2,231.2420,2
Rb,3,231.2456,88
Al,1,231.2491,52
Co,2,231.2557,76
Ag,1,231.2600,5
Ta,2,231.2600,68
Zr,3,231.2674,7
Tm,3,231.2720,95
Cd,2,231.2766,96
Co,2,231.2776,52
Co,2,231.2803,64
W,2,231.2916,4
Re,1,231.2970,43
Pt,2,231.3037,70
In,2,231.3217,73
Br,3,231.3290,13
Nb,3,231.3300,85
Re,1,231.3340,37
Co,2,231.3345,35
Xe,3,231.3392,47
Ba,3,231.3413,35
Hf,3,231.3440,60
Gd,3,231.3500,20
Al,1,231.3526,64
Gd,3,231.3560,57
Co,2,231.3604,78
Zr,3,231.3651,1
W,2,231.3655,14
Ni,1,231.3660,86
Ar,2,231.3719,95
Os,2,231.3750,67
Al,2,231.3768,70
Rb,3,231.3804,39
Ni,1,231.3980,87
Co,2,231.4029,62
Co,2,231.4056,91
W,3,231.4094,54
Hg,3,231.4150,38
Pr,3,231.4180,6
V,3,231.4180,45
Ge,1,231.4201,59
Kr,2,231.4243,7
Co,3,231.4243,53
In,2,231.4420,1
Yb,3,231.4490,74
Au,2,231.4550,36
Rb,3,231.4566,64
Cr,3,231.4630,49
W,2,231.4632,27
W,3,231.4638,87
Co,2,231.4654,70
Cr,2,231.4722,17
Tm,3,231.4880,27
Ir,2,231.4904,90
Sr,3,231.4952,95
Ar,2,231.4971,87
Co,2,231.4975,86
Al,1,231.4983,43
Pt,2,231.5014,56
W,2,231.5018,84
Gd,3,231.5090,16
In,1,231.5090,16
Ar,2,231.5310,37
Ir,1,231.5333,18
Ir,1,231.5378,69
Co,2,231.5413,7
Pr,3,231.5460,6
Ta,2,231.5460,64
Pt,1,231.5502,77
Kr,2,231.5533,11
Na,2,231.5647,65
Cu,2,231.5681,28
Cs,2,231.5693,71
Fe,3,231.5700,24
Co,2,231.5744,7
Au,2,231.5750,18
Sb,1,231.5890,53
Co,2,231.5963,7
Tl,1,231.5980,73
Ni,2,231.6040,76
Ac,2,231.6060,61
O,2,231.6139,8
Ar,2,231.6297,97
Kr,2,231.6321,19
Sr,3,231.6352,63
N,2,231.6490,30
Xe,3,231.6583,25
N,2,231.6690,20
O,2,231.6765,9
Xe,2,231.6800,8
Cs,3,231.6875,95
Ar,3,231.6891,59
Kr,3,231.7010,50
Ag,2,231.7034,96
N,2,231.7050,39
Ag,2,231.7065,77
Co,2,231.7070,99
Ni,1,231.7160,87
Sn,1,231.7230,92
Ag,2,231.7260,30
Pt,2,231.7298,27
Br,2,231.7300,84
Ce,3,231.7340,71
Tm,3,231.7350,53
Ar,3,231.7376,66
Ir,2,231.7442,74
Al,1,231.7482,71
Ba,3,231.7500,35
Ar,2,231.7746,77
Ru,1,231.7800,69
La,2,231.7820,43
Pt,2,231.7908,21
Ar,3,231.7933,88
Pt,2,231.8008,75
V,3,231.8060,58
Mg,3,231.8125,24
Pr,3,231.8150,7
Pt,1,231.8296,91
Ar,3,231.8350,8
Pr,3,231.8360,7
Rh,1,231.8360,36
Co,2,231.8425,55
Ce,3,231.8640,78
Pr,3,231.8640,7
Pr,3,231.8820,7
Pr,3,231.8970,8
V,3,231.9000,48
Ar,3,231.9012,75
Al,1,231.9057,53
Cr,3,231.9070,83
Rh,1,231.9100,54
Pt,2,231.9125,1
In,2,231.9154,52
Ta,2,231.9160,47
Re,1,231.9190,38
Fe,3,231.9222,26
Ar,3,231.9263,66
Cr,2,231.9368,51
Co,2,231.9390,74
Pr,3,231.9400,8
La,2,231.9440,66
Fe,3,231.9468,10
Cu,1,231.9563,6
Co,3,231.9642,55
O,2,231.9687,30
Xe,2,231.9700,3
Ni,2,231.9750,22
Pt,2,231.9821,8
Co,2,231.9830,39
Pt,2,231.9888,83
Y,3,231.9920,1
Ni,1,232.0030,92
Cr,2,232.0076,6
Re,1,232.0160,67
Os,1,232.0180,67
Ag,2,232.0245,99
Co,2,232.0306,10
Pr,3,232.0410,8
Cs,3,232.0525,18
Yb,2,232.0810,80
Ne,3,232.0840,2
Tm,3,232.0960,63
W,3,232.1045,55
Cs,3,232.1063,78
Cd,2,232.1074,83
Hf,2,232.1140,57
Co,2,232.1229,66
Ca,3,232.1239,51
Ni,1,232.1380,90
Ag,2,232.1433,93
Ir,1,232.1450,66
Co,2,232.1462,25
Al,1,232.1562,82
Ir,1,232.1580,67
Co,3,232.1675,65
Fe,3,232.1710,32
Rh,1,232.1730,55
Pt,2,232.1742,54
Fe,2,232.1756,6
Co,2,232.2007,71
Ru,1,232.2010,27
O,2,232.2142,9
Au,3,232.2270,87
Ir,2,232.2310,81
Hf,2,232.2470,83
Re,1,232.2490,84
Cs,2,232.2522,40
Rh,1,232.2580,79
Ni,1,232.2680,65
Ir,2,232.2730,62
Tm,3,232.2830,28
Kr,3,232.2950,62
Cu,2,232.3004,70
B,2,232.3031,84
Rb,2,232.3032,35
W,2,232.3033,78
W,2,232.3112,67
Gd,3,232.3120,35
Co,1,232.3140,75
Gd,3,232.3180,58
Hg,1,232.3197,75
Hf,2,232.3250,66
In,2,232.3306,11
Ca,3,232.3329,48
Co,3,232.3341,27
Rb,3,232.3378,7
In,2,232.3387,33
Cl,3,232.3500,35
Ba,3,232.3505,98
Rb,2,232.3622,53
Tm,3,232.3710,3
Ag,2,232.3739,80
Rb,3,232.3742,64
Tm,3,232.3770,3
Gd,3,232.3780,85
V,3,232.3820,62
Cu,2,232.3928,62
Cs,3,232.3964,59
Os,1,232.3980,42
W,3,232.4104,55
Ir,2,232.4110,85
Al,2,232.4199,87
Co,2,232.4238,73
Os,1,232.4240,73
Co,2,232.4280,38
Ce,3,232.4310,72
Co,2,232.4321,78
Ag,2,232.4339,58
Fe,3,232.4360,17
In,1,232.4407,30
Tm,3,232.4430,4
Hf,2,232.4500,24
Be,2,232.4600,44
Tm,3,232.4620,63
Ag,2,232.4667,95
Ir,2,232.4686,92
C,2,232.4720,41
Cr,3,232.4880,96
Hf,2,232.4890,66
In,1,232.4924,22
Ag,2,232.4947,95
Co,2,232.5189,17
C,2,232.5407,76
Al,2,232.5436,33
Al,2,232.5494,84
Co,2,232.5515,47
Ni,1,232.5790,88
W,3,232.5884,5
Cu,2,232.5910,39
Mo,1,232.5940,19
Cs,3,232.5954,82
W,2,232.6089,97
Co,2,232.6099,100
Pt,1,232.6105,66
Tm,3,232.6190,96
Pt,2,232.6338,84
Pt,2,232.6415,8
Al,2,232.6445,34
Rh,1,232.6470,65
Co,2,232.6473,82
W,3,232.6482,55
In,2,232.6491,3
Al,2,232.6496,84
W,3,232.6552,5
Mo,3,232.6750,16
Fe,3,232.6949,33
Ir,2,232.6969,52
C,2,232.6970,3
Os,1,232.6990,47
Ti,3,232.7019,77
Tm,3,232.7020,5
Hg,2,232.7233,16
Tm,3,232.7250,43
Y,3,232.7310,86
Fe,2,232.7396,88
Cu,2,232.7567,14
Co,2,232.7675,89
Eu,3,232.7690,6
Ge,1,232.7918,61
In,2,232.7949,52
Ir,1,232.7980,45
Co,2,232.8020,43
Pt,2,232.8022,10
C,2,232.8150,54
Al,2,232.8200,12
W,2,232.8313,44
Tm,3,232.8500,97
Pr,3,232.8560,9
Rh,1,232.8640,52
Re,1,232.8660,57
B,2,232.8668,69
B,3,232.8700,55
La,2,232.8750,38
Co,2,232.9106,64
Kr,3,232.9220,6
Tm,3,232.9290,98
Gd,3,232.9350,71
Ca,3,232.9387,18
Ir,2,232.9411,87
W,3,232.9559,5
Mg,2,232.9578,13
W,2,232.9690,7
Tm,2,232.9770,35
Fe,3,232.9906,22
Ar,3,232.9920,39
Ni,1,232.9960,81
Rb,2,233.0051,45
Nb,3,233.0220,10
Be,1,233.0230,7
Pt,2,233.0236,12
Kr,3,233.0300,50
Co,2,233.0357,69
V,3,233.0420,95
Mo,1,233.0460,53
Co,2,233.0562,34
Zr,3,233.0562,30
W,3,233.0653,55
Tm,3,233.0870,28
Mo,3,233.0930,88
Pt,1,233.0970,39
Ba,3,233.1101,100
Rb,2,233.1275,53
Ta,2,233.1290,4
Fe,2,233.1308,89
Ti,3,233.1352,92
Ag,2,233.1366,96
Ar,2,233.1450,94
Ti,3,233.1660,92
V,3,233.1750,65
Sr,3,233.1763,75
Tm,3,233.1800,91
Ta,2,233.1980,82
W,3,233.2009,87
Mo,2,233.2120,56
Ta,2,233.2190,75
W,3,233.2302,78
Sn,1,233.2366,37
Pb,1,233.2418,63
Cs,2,233.2463,84
S,2,233.2493,76
Cs,2,233.2669,12
Co,2,233.2672,23
In,1,233.2755,23
Fe,2,233.2799,96
Se,1,233.2800,41
Co,2,233.2840,52
Hf,2,233.2970,51
Rb,2,233.3007,64
B,3,233.3050,54
Ir,1,233.3300,72
Rb,2,233.3393,90
Sn,2,233.3430,6
Fe,2,233.3708,30
Cu,2,233.3743,37
W,2,233.3771,75
Rb,3,233.3799,42
Ir,1,233.3840,79
S,2,233.4037,27
Co,2,233.4067,34
Ta,2,233.4130,9
V,3,233.4200,52
Re,1,233.4330,53
Ti,3,233.4340,92
Si,2,233.4400,34
Ir,1,233.4500,74
Eu,3,233.4560,7
Os,1,233.4560,43
In,2,233.4570,56
Ni,2,233.4580,24
Si,2,233.4610,35
S,2,233.4746,37
Rh,2,233.4770,89
Sr,3,233.4798,96
Sn,1,233.4812,87
Ta,2,233.4880,32
Ir,2,233.4958,78
Ru,2,233.4970,60
Gd,3,233.5010,79
Tm,3,233.5010,53
Ca,3,233.5126,35
Pt,2,233.5189,79
Ba,2,233.5267,94
Ar,3,233.5299,82
Rb,3,233.5421,40
Re,1,233.5730,53
Ta,2,233.5750,19
Hf,1,233.5772,15
Co,1,233.5990,53
Gd,3,233.6020,45
Re,1,233.6100,38
Pr,3,233.6130,9
Cu,2,233.6171,71
Co,2,233.6229,62
S,2,233.6270,90
Rb,3,233.6333,34
W,3,233.6343,33
Cl,3,233.6450,15
Hf,3,233.6470,78
Be,1,233.6500,19
Hf,1,233.6693,16
W,2,233.6715,47
Fe,3,233.6769,42
Os,2,233.6800,83
Li,2,233.6880,37
Li,2,233.6910,63
Br,2,233.6930,61
Rb,3,233.6954,8
Eu,3,233.6960,7
Co,2,233.6998,87
Li,2,233.7000,20
Rb,3,233.7070,83
Ca,3,233.7255,36
Co,2,233.7323,28
Hf,2,233.7330,52
Ni,1,233.7490,75
Ce,3,233.7660,41
Ar,2,233.7778,90
W,2,233.7795,10
Ni,1,233.7820,59
Cs,3,233.7877,21
Co,2,233.7905,99
Rb,2,233.7931,3
Re,1,233.7950,53
Yb,3,233.7970,74
Ir,2,233.7992,69
Fe,2,233.8006,92
Nb,3,233.8090,87
Ar,3,233.8161,28
Ga,1,233.8240,29
Ta,2,233.8280,52
Tm,3,233.8360,80
Ga,1,233.8596,9
Os,1,233.8630,57
Ca,3,233.8654,46
Co,1,233.8670,63
Co,2,233.8728,47
Xe,3,233.8884,18
Fe,3,233.8962,37
Gd,3,233.8970,71
Ti,3,233.9000,96
Co,2,233.9033,97
Pt,2,233.9075,82
W,2,233.9161,34
Zr,3,233.9280,66
Ir,2,233.9310,82
Pt,2,233.9359,54
Hg,2,233.9369,83
Cu,2,233.9727,60
Ar,2,233.9797,31
Eu,3,233.9840,8
Gd,3,233.9880,46
W,3,233.9883,43
Au,2,234.0060,38
Sr,3,234.0128,98
Pt,1,234.0180,83
In,1,234.0186,40
Mo,1,234.0470,39
Cs,3,234.0493,86
Cr,3,234.0510,34
Hg,1,234.0550,56
Cl,3,234.0640,37
Os,1,234.0690,37
Ru,1,234.0690,44
Kr,3,234.0760,63
I,3,234.0850,42
Tm,2,234.0920,30
Ta,2,234.0940,33
W,2,234.1076,7
Co,2,234.1116,90
Ni,2,234.1200,26
W,3,234.1239,43
W,2,234.1368,83
Cu,2,234.1371,28
Pt,2,234.1418,76
Ca,3,234.1546,12
Mo,2,234.1590,68
Ta,2,234.1610,33
Ir,2,234.1697,75
Tm,3,234.1740,64
Rb,3,234.1899,68
Tm,3,234.2040,43
V,2,234.2141,29
Cu,2,234.2172,57
K,2,234.2300,17
Cs,3,234.2594,31
W,3,234.2713,33
Gd,3,234.2740,79
Pt,2,234.2774,24
Ru,2,234.2849,82
Kr,3,234.2900,72
Eu,3,234.3100,8
V,3,234.3100,68
Ir,1,234.3180,88
Cs,2,234.3199,25
Pt,2,234.3243,12
Co,2,234.3316,27
Hf,2,234.3320,58
Pt,1,234.3395,69
W,2,234.3465,60
In,2,234.3490,55
Fe,2,234.3495,98
W,2,234.3497,81
Ar,3,234.3560,18
Ir,1,234.3610,79
Ta,2,234.3640,13
Ag,2,234.3640,69
Os,1,234.3740,58
Ca,3,234.3796,12
In,2,234.3870,13
Fe,2,234.3961,82
As,1,234.4030,4
Nb,3,234.4120,55
Si,2,234.4200,2
Ar,2,234.4203,83
Co,2,234.4273,73
Ba,3,234.4276,12
Fe,2,234.4281,91
Cs,3,234.4366,12
Kr,2,234.4384,12
Xe,2,234.4470,17
Tm,3,234.4590,5
Po,1,234.4610,9
Co,2,234.4629,92
Co,2,234.4665,27
Al,2,234.4690,29
Co,2,234.4706,47
Co,2,234.4779,29
Re,1,234.4780,86
W,3,234.4803,33
Ac,2,234.4871,64
Hf,1,234.4957,6
Ar,3,234.5197,83
Rb,2,234.5206,55
Sr,3,234.5279,39
Fe,2,234.5337,68
Rb,3,234.5371,83
Rh,1,234.5410,36
Ar,3,234.5420,40
Hg,1,234.5430,89
198Hg,1,234.5440,58
Kr,3,234.5450,37
Al,2,234.5470,13
Co,2,234.5496,86
Hg,2,234.5524,81
Ni,1,234.5540,83
Tm,3,234.5610,64
W,3,234.5677,91
Os,1,234.5750,34
In,1,234.5903,35
Al,2,234.5920,13
Ir,2,234.6140,70
Ta,2,234.6420,5
Sc,3,234.6519,42
Gd,3,234.6520,90
In,1,234.6561,32
Co,2,234.6562,93
Zr,3,234.6567,13
Ni,1,234.6630,62
Ti,3,234.6786,96
Eu,3,234.6830,9
V,2,234.6869,10
B,3,234.6890,9
Co,2,234.7116,81
Pt,1,234.7160,42
Os,1,234.7380,58
Co,2,234.7399,83
Tm,3,234.7430,44
Hf,2,234.7440,68
Al,2,234.7516,48
Ni,1,234.7520,74
Ar,3,234.7577,59
Ba,2,234.7592,81
Eu,3,234.7640,9
Kr,3,234.7750,6
Co,2,234.7809,64
Cu,2,234.7890,0
Fe,2,234.8116,94
Fe,2,234.8302,94
Co,2,234.8359,16
Pt,2,234.8484,73
Pt,2,234.8545,74
Be,1,234.8604,98
Cu,2,234.8733,65
Co,3,234.8840,19
W,3,234.8901,6
Nb,3,234.9210,77
W,2,234.9250,66
Ru,1,234.9340,36
Re,1,234.9390,44
Pt,2,234.9476,38
Si,2,234.9540,3
Rb,3,234.9807,69
Sn,2,234.9825,21
As,1,234.9840,94
Co,2,234.9919,47
Kr,3,234.9980,63
Ce,3,235.0100,72
Si,2,235.0170,22
Fe,2,235.0177,30
Cu,2,235.0190,20
Os,2,235.0230,75
W,2,235.0355,7
Eu,3,235.0380,9
I,3,235.0430,44
Re,1,235.0460,38
Ar,2,235.0488,63
Eu,3,235.0510,97
Xe,3,235.0563,2
Ir,2,235.0610,79
Be,1,235.0661,53
Sn,2,235.0698,22
Be,1,235.0703,72
In,2,235.0743,93
Be,1,235.0829,87
Co,2,235.1113,58
W,3,235.1151,6
Fe,2,235.1201,62
Hf,2,235.1220,81
Sr,3,235.1290,70
Ru,1,235.1330,54
Pd,2,235.1347,11
Ca,3,235.1353,72
Rb,3,235.1483,8
Fe,2,235.1667,41
Ar,3,235.1670,59
Cs,3,235.1741,57
Co,2,235.1841,69
Ta,2,235.1990,3
Hf,1,235.2040,6
W,3,235.2048,56
Re,1,235.2070,82
V,2,235.2178,24
Co,2,235.2210,29
Eu,3,235.2280,10
Cu,2,235.2291,45
Fe,2,235.2309,58
Ar,3,235.2330,40
W,3,235.2397,34
Hg,1,235.2410,77
Rh,1,235.2470,37
Au,1,235.2580,80
Ir,1,235.2620,21
Co,1,235.2850,63
Kr,2,235.2872,7
Os,1,235.2990,50
Hf,1,235.3020,20
Si,2,235.3090,23
Tm,3,235.3100,54
Rb,2,235.3108,72
W,2,235.3323,27
Kr,3,235.3340,46
Co,1,235.3420,72
Co,2,235.3422,88
Ar,2,235.3424,15
I,3,235.3460,6
Fe,2,235.3470,1
Pt,2,235.3492,37
Fe,2,235.3678,42
Kr,2,235.3698,20
Ta,2,235.3860,27
Cu,2,235.3944,43
Re,1,235.3950,36
Rb,2,235.3957,68
Ar,2,235.4132,55
Y,1,235.4171,48
Sr,1,235.4319,8
Cs,3,235.4430,68
Xe,3,235.4456,37
Fe,2,235.4478,62
W,3,235.4624,63
Sn,1,235.4850,100
Fe,2,235.4890,68
Ir,1,235.5000,74
Cu,2,235.5014,79
W,3,235.5026,56
Ta,2,235.5220,10
Os,2,235.5280,49
Sr,3,235.5320,39
Ca,3,235.5344,36
Fe,2,235.5350,74
Mo,2,235.5420,42
Hf,3,235.5480,36
Nb,3,235.5540,57
Ir,2,235.5559,98
Co,2,235.5591,58
Tm,3,235.5650,6
In,2,235.5670,20
W,3,235.5930,6
Ta,2,235.6050,28
Cs,3,235.6106,9
In,2,235.6108,46
Ar,3,235.6119,1
Si,2,235.6300,55
Re,1,235.6500,50
Ca,3,235.6632,48
Cu,2,235.6640,86
In,2,235.6880,34
Ta,2,235.6900,20
Dy,2,235.6910,43
Os,1,235.6920,29
Rb,2,235.6971,74
Kr,3,235.7000,74
Fe,2,235.7048,30
Tm,3,235.7050,91
Pt,1,235.7105,92
Si,2,235.7180,36
Os,1,235.7250,29
Ta,1,235.7300,72
Rb,2,235.7310,29
W,3,235.7450,78
Pt,1,235.7580,44
Ar,2,235.7589,73
S,2,235.7751,73
Co,2,235.7775,48
Cs,2,235.7843,18
Eu,3,235.7870,10
Sn,1,235.7881,49
Ru,2,235.7916,75
Ag,2,235.7917,92
Ir,2,235.7936,93
Si,2,235.7970,46
Hf,1,235.8010,5
Cs,3,235.8016,21
Rb,2,235.8040,68
Ir,1,235.8160,67
Co,2,235.8185,42
Co,2,235.8214,96
Kr,3,235.8480,7
Er,2,235.8510,22
Er,3,235.8690,46
In,1,235.8698,33
K,2,235.8700,2
V,3,235.8730,72
Ag,2,235.8751,95
Er,3,235.8790,33
W,2,235.8817,64
Hf,1,235.8900,20
Ar,3,235.8954,67
Eu,3,235.9080,11
Fe,2,235.9107,92
Fe,2,235.9132,62
Ta,2,235.9160,28
Rh,1,235.9180,37
S,3,235.9186,29
W,3,235.9209,87
Cs,3,235.9212,42
Ge,1,235.9233,56
Gd,3,235.9310,92
Er,3,235.9330,51
Ir,2,235.9372,74
Co,2,235.9561,48
Fe,2,235.9596,13
Cl,3,235.9670,38
Ca,3,235.9679,0
Mo,3,235.9760,73
Ca,3,235.9825,0
Fe,2,235.9999,92
Ar,2,236.0059,19
Kr,3,236.0140,7
Si,2,236.0200,4
Ar,3,236.0260,71
B,3,236.0270,37
Sn,2,236.0280,95
Fe,2,236.0294,90
Co,2,236.0513,98
Pd,2,236.0534,97
Ru,1,236.0560,26
Ni,1,236.0630,59
Cu,2,236.0639,3
Eu,3,236.0650,11
Ir,1,236.0730,70
Ir,2,236.0730,79
Co,2,236.0795,89
Gd,3,236.0870,72
Yb,3,236.1080,46
Ta,1,236.1090,73
S,2,236.1151,65
Cu,2,236.1190,50
Tm,3,236.1230,81
Co,2,236.1520,9
W,3,236.1601,43
Fe,2,236.1726,10
Kr,3,236.1820,22
Gd,3,236.1910,88
Rb,2,236.1920,24
Rh,1,236.1920,77
Fe,2,236.2021,68
Nb,3,236.2060,88
Ni,1,236.2060,62
Ag,2,236.2075,85
Rb,3,236.2254,25
Pd,2,236.2331,12
B,3,236.2380,38
Gd,3,236.2380,36
Os,1,236.2410,43
Nb,3,236.2500,59
Ce,3,236.2540,42
Ir,2,236.2621,45
Cu,2,236.2681,41
S,2,236.2727,45
Kr,2,236.2751,12
Ir,2,236.2766,41
Os,1,236.2770,77
Ta,2,236.2780,25
Pt,2,236.2865,36
Ne,3,236.2865,74
Yb,2,236.2890,45
Ir,1,236.3040,91
Co,2,236.3121,55
Cu,1,236.3199,29
Hf,1,236.3230,3
Ne,3,236.3231,80
Gd,3,236.3260,80
Kr,3,236.3260,7
Ta,2,236.3320,14
Hf,1,236.3390,18
W,2,236.3455,41
Fe,2,236.3500,26
Fe,3,236.3510,30
Eu,3,236.3760,55
Zr,3,236.3779,74
Co,2,236.3800,94
Fe,2,236.3861,83
Sr,3,236.3876,4
Ag,2,236.3884,87
W,2,236.3901,64
Tm,2,236.3910,35
Tm,3,236.3970,65
Ar,2,236.4111,42
Cu,2,236.4154,58
W,2,236.4216,87
Ta,2,236.4240,77
Rb,2,236.4268,68
Rb,2,236.4316,61
Pt,2,236.4486,48
In,2,236.4686,44
Cr,1,236.4730,46
Rb,2,236.4756,42
Cs,3,236.4799,82
Fe,2,236.4828,95
Rb,3,236.5072,58
O,2,236.5138,9
Ne,2,236.5150,0
Rb,2,236.5154,62
Gd,3,236.5220,46
Pt,2,236.5227,12
Re,1,236.5320,28
Cd,2,236.5361,7
Ne,3,236.5382,71
Xe,3,236.5416,61
Ne,3,236.5419,71
Yb,3,236.5430,75
Al,2,236.5460,34
Cs,3,236.5486,4
Pr,3,236.5520,9
Cs,3,236.5521,17
Ag,2,236.5577,88
Kr,2,236.5676,19
Cs,3,236.5687,6
Nb,3,236.5700,60
Ne,3,236.5749,74
Fe,2,236.5765,20
Re,1,236.5900,89
Tm,2,236.5960,28
Rb,3,236.5974,55
W,3,236.5974,34
Hf,2,236.5980,15
Ir,2,236.6060,60
Mo,2,236.6090,19
Xe,3,236.6115,47
W,3,236.6226,17
V,3,236.6310,75
Ar,3,236.6317,2
Hf,1,236.6365,11
Pt,2,236.6373,84
Co,2,236.6571,53
Fe,2,236.6593,49
Hf,1,236.6814,3
Si,2,236.6970,36
Ne,3,236.7041,74
Al,1,236.7052,76
Tm,2,236.7110,40
W,2,236.7111,4
Cd,2,236.7130,8
Y,3,236.7230,96
Ta,2,236.7240,0
Na,3,236.7295,52
Os,2,236.7350,78
Co,2,236.7457,8
Yb,3,236.7460,51
Rb,2,236.7512,68
Sr,3,236.7545,64
Al,1,236.7611,76
Pt,2,236.7616,76
Er,3,236.7640,76
Re,1,236.7680,77
I,3,236.7740,75
Ce,3,236.7770,42
Pd,2,236.7966,39
Eu,3,236.8040,55
Ir,2,236.8041,99
Al,1,236.8112,77
Bi,2,236.8120,50
Cu,3,236.8170,61
Sn,2,236.8227,46
Pt,1,236.8278,82
Rb,2,236.8314,29
Ir,2,236.8330,68
Rh,1,236.8340,58
W,2,236.8354,21
Bi,2,236.8384,18
W,3,236.8516,17
Re,2,236.8530,56
Fe,2,236.8596,83
Pr,3,236.8780,9
W,3,236.8974,94
Pr,3,236.9080,10
Sn,2,236.9150,7
Kr,3,236.9210,73
Ir,2,236.9220,83
Os,1,236.9240,37
Re,1,236.9270,75
Al,1,236.9304,85
Ta,2,236.9320,21
Co,3,236.9343,24
Xe,3,236.9595,83
As,1,236.9670,1
Fe,2,236.9727,1
Ra,2,236.9730,61
W,2,236.9749,65
Cu,2,236.9889,94
Fe,2,236.9953,89
Yb,3,236.9990,40
W,2,237.0041,93
Ru,1,237.0170,31
Al,1,237.0225,83
Cl,3,237.0370,40
Ag,2,237.0398,65
Fe,2,237.0499,50
In,2,237.0590,76
W,2,237.0615,36
Os,1,237.0700,62
W,3,237.0706,87
Al,1,237.0726,65
Co,2,237.0732,65
Cu,2,237.0746,76
Re,2,237.0760,67
Ta,2,237.0760,53
As,1,237.0770,27
Co,2,237.0846,5
V,3,237.1060,98
Co,2,237.1101,35
Os,1,237.1180,60
Ga,1,237.1290,31
Pt,2,237.1419,18
I,3,237.1450,7
Kr,3,237.1460,74
Re,1,237.1520,36
Ta,1,237.1580,78
Co,2,237.1606,39
Pt,2,237.1617,66
Ar,2,237.1739,9
Ba,3,237.1804,60
Co,2,237.1842,83
W,2,237.1925,18
Al,1,237.2070,30
Pd,2,237.2157,28
Mo,1,237.2270,24
Ce,3,237.2340,79
I,3,237.2450,45
Kr,3,237.2480,51
Pt,2,237.2539,57
W,2,237.2606,21
Nb,3,237.2730,90
Ir,1,237.2770,95
Eu,1,237.2831,20
In,2,237.2904,8
Ba,3,237.2976,36
In,2,237.3039,8
Te,2,237.3060,73
Ba,3,237.3121,74
Al,1,237.3124,78
Rb,2,237.3211,62
Hf,3,237.3300,16
Al,1,237.3349,18
Mn,2,237.3357,53
Gd,3,237.3380,74
Cs,2,237.3432,32
Re,2,237.3480,42
Ag,2,237.3570,71
Al,1,237.3571,78
Sb,1,237.3670,80
Kr,2,237.3694,7
In,2,237.3730,45
Fe,2,237.3735,92
Fe,3,237.3904,12
Ta,2,237.3940,5
Eu,3,237.4080,56
Hf,1,237.4186,39
Si,2,237.4260,24
Gd,3,237.4290,29
Zr,1,237.4420,30
W,2,237.4438,57
Al,1,237.4496,43
Co,2,237.4539,22
In,2,237.4800,18
Hg,1,237.4830,1
Rh,3,237.4840,8
Ti,3,237.4986,97
Ag,1,237.5020,66
W,2,237.5036,32
Os,2,237.5060,33
Re,1,237.5070,60
C,2,237.5080,81
Ge,2,237.5136,2
Co,2,237.5190,19
Fe,2,237.5194,76
Eu,3,237.5200,12
Ru,1,237.5270,45
Eu,1,237.5298,49
Tm,3,237.5320,81
Ni,2,237.5420,78
Eu,3,237.5460,99
Er,3,237.5500,38
Sc,2,237.5503,52
Kr,2,237.5529,20
Ru,2,237.5634,45
O,2,237.5731,30
W,3,237.5827,92
Tm,3,237.5830,76
Ir,2,237.5840,64
Cs,2,237.5860,67
Ta,1,237.5910,26
In,2,237.5960,28
Au,1,237.6280,29
Sr,3,237.6285,75
Cu,2,237.6303,75
Nb,2,237.6400,42
Eu,3,237.6420,12
Fe,2,237.6429,93
I,3,237.6470,77
In,2,237.6655,18
Hg,2,237.6685,40
Fe,3,237.6726,15
Cd,2,237.6820,38
Os,1,237.7030,91
Ce,3,237.7070,73
Er,3,237.7070,34
Pt,2,237.7075,77
In,2,237.7085,1
Ra,2,237.7100,31
Pt,2,237.7154,15
Yb,3,237.7220,24
Eu,3,237.7230,56
Rb,2,237.7239,43
Pt,2,237.7277,90
Ir,1,237.7280,51
Ce,3,237.7480,74
Hg,2,237.7548,47
Hf,3,237.7570,29
Zr,3,237.7604,2
Os,1,237.7610,34
Ar,3,237.7751,79
Cu,2,237.7792,15
Rb,2,237.7938,50
Pt,1,237.7961,52
Ir,1,237.7980,52
Pt,2,237.8060,47
Pr,3,237.8060,10
Sc,2,237.8071,5
W,2,237.8128,31
In,1,237.8141,50
Hf,1,237.8163,39
Ta,2,237.8310,22
Hg,1,237.8324,97
198Hg,1,237.8325,89
Al,1,237.8368,30
Cu,2,237.8405,31
Re,2,237.8530,10
Co,2,237.8626,95
Cu,2,237.8844,71
Pr,3,237.8970,10
In,1,237.8996,42
Ge,1,237.9144,60
Cs,2,237.9266,66
Fe,2,237.9276,82
La,3,237.9370,91
Ir,1,237.9380,71
Os,1,237.9390,78
Cu,2,237.9405,56
Ag,2,237.9600,51
Eu,1,237.9640,45
Tl,1,237.9690,84
Re,1,237.9770,68
Co,2,237.9998,23
198Hg,1,238.0004,19
Hg,1,238.0080,77
Cs,3,238.0099,14
Ce,3,238.0120,79
Hf,2,238.0300,62
Mo,1,238.0410,5
Rb,3,238.0440,79
Co,1,238.0480,53
Hg,3,238.0550,11
Zr,3,238.0595,1
Sn,1,238.0740,76
Fe,2,238.0761,88
B,3,238.0860,62
Sc,2,238.0867,5
V,2,238.0913,20
Hg,2,238.0918,23
Co,2,238.0967,41
Hf,2,238.1000,16
Ta,2,238.1130,69
As,1,238.1180,56
Er,3,238.1250,61
Rb,3,238.1288,70
Gd,3,238.1380,30
Er,3,238.1400,39
Ta,2,238.1520,43
Lu,3,238.1590,74
Ir,1,238.1620,73
Er,3,238.1750,47
Co,2,238.1765,100
Ir,2,238.1805,94
Eu,3,238.1810,12
W,3,238.1811,92
Ge,2,238.1918,6
Pt,1,238.2033,60
Fe,2,238.2037,100
Xe,3,238.2087,38
Ce,3,238.2280,54
Co,2,238.2321,79
W,2,238.2359,31
Au,3,238.2400,39
Ar,3,238.2403,28
V,3,238.2460,92
In,2,238.2630,96
Zr,3,238.2655,70
W,2,238.2690,24
Rb,2,238.2795,35
Rh,1,238.2890,75
Fe,2,238.2897,19
Hf,1,238.2980,38
Fe,2,238.3060,42
Ag,2,238.3101,69
Ir,1,238.3170,45
Fe,2,238.3245,80
Xe,3,238.3247,55
Rb,3,238.3272,59
Te,1,238.3280,95
Rh,1,238.3400,72
Co,2,238.3458,92
Ar,2,238.3483,56
Mo,1,238.3520,28
Hf,3,238.3540,71
W,3,238.3577,17
Eu,3,238.3620,13
Sb,1,238.3640,77
Pt,1,238.3643,72
Tm,2,238.3680,39
Ta,2,238.3720,29
In,2,238.3760,54
V,2,238.4001,3
Zr,1,238.4170,30
Ta,2,238.4280,44
Pt,2,238.4320,72
Fe,2,238.4388,72
Fe,2,238.4423,31
Hf,1,238.4467,38
In,2,238.4526,88
Sn,2,238.4565,37
Os,1,238.4620,29
Rh,1,238.4650,24
Kr,3,238.4700,37
Cu,2,238.4800,55
W,2,238.4815,64
Co,1,238.4860,54
Cu,2,238.4944,64
Ar,2,238.4967,51
Ba,3,238.4994,75
Fe,2,238.5006,6
Ce,3,238.5060,55
W,2,238.5256,43
Rb,2,238.5339,90
W,2,238.5495,33
Xe,3,238.5673,38
Ta,1,238.5730,47
Te,1,238.5790,98
Xe,3,238.5902,2
Rh,2,238.6140,92
Ag,2,238.6205,79
Sr,3,238.6308,71
Co,2,238.6369,87
Fe,2,238.6374,42
Br,2,238.6450,41
Pt,2,238.6500,57
Er,2,238.6580,20
Ni,1,238.6580,65
Ir,2,238.6583,80
Br,2,238.6700,85
Co,2,238.6725,95
Pt,1,238.6809,71
Ag,3,238.6850,14
Ir,1,238.6890,87
Re,2,238.6900,58
Mo,3,238.6960,52
Na,3,238.6992,95
Na,2,238.7022,69
Ta,2,238.7060,95
Nb,2,238.7090,14
I,3,238.7120,79
Er,2,238.7170,25
Eu,3,238.7290,57
Os,1,238.7290,86
W,3,238.7301,56
Dy,2,238.7360,28
Fe,2,238.7367,50
Nb,3,238.7410,91
Nb,2,238.7520,32
In,2,238.7680,69
Au,1,238.7750,78
Gd,3,238.7820,47
Te,2,238.7820,55
Ar,2,238.7932,8
Ca,3,238.7950,66
La,3,238.7990,30
Zr,1,238.8010,25
Sc,2,238.8193,5
Nb,3,238.8230,62
Al,2,238.8250,2
Nb,2,238.8270,3
Pd,2,238.8310,14
Ta,2,238.8370,2
Fe,2,238.8388,7
Re,1,238.8570,64
Xe,3,238.8573,38
B,1,238.8600,57
Fe,2,238.8629,97
Br,2,238.8690,0
Sr,3,238.8729,56
Gd,3,238.8770,75
Pb,1,238.8797,68
Co,2,238.8917,99
Tm,2,238.8950,33
Br,2,238.8960,81
Al,2,238.9035,18
Eu,3,238.9110,57
Ta,2,238.9110,26
Mo,2,238.9200,57
Zr,1,238.9210,25
Ge,1,238.9472,50
Tm,3,238.9520,55
Fe,3,238.9534,74
Pt,1,238.9535,87
Co,2,238.9540,76
In,1,238.9543,68
Ir,2,238.9620,38
Br,2,238.9690,86
W,3,238.9885,69
Eu,3,238.9980,13
W,3,239.0016,78
Fe,2,239.0097,8
Hg,2,239.0152,75
Rb,3,239.0272,19
W,2,239.0370,82
Ag,2,239.0429,96
O,3,239.0440,74
Ir,1,239.0620,91
Ne,3,239.0660,38
Pt,2,239.0676,15
Al,2,239.0692,46
Yb,2,239.0740,84
Fe,2,239.0757,13
Rb,3,239.0824,40
W,2,239.0875,44
Eu,3,239.1110,57
Ir,1,239.1180,93
Ir,2,239.1250,81
Al,2,239.1276,41
Fe,2,239.1478,31
Cu,3,239.1740,51
Eu,3,239.1900,58
Er,3,239.1960,20
I,3,239.2010,47
Al,2,239.2078,56
Lu,2,239.2190,63
Br,2,239.2210,42
Al,2,239.2234,34
Ne,3,239.2400,20
Br,2,239.2420,62
Ru,1,239.2420,29
La,3,239.2490,38
Co,2,239.2568,78
Eu,3,239.2590,14
Cu,1,239.2630,29
Kr,2,239.2789,19
Ag,2,239.2797,67
Cs,2,239.2856,82
W,2,239.2928,96
In,2,239.3017,14
Er,3,239.3080,55
Ir,2,239.3120,38
W,2,239.3163,18
Ca,3,239.3164,79
In,2,239.3179,21
Hf,2,239.3180,44
B,2,239.3204,66
Cu,2,239.3260,38
Na,2,239.3275,29
Sn,2,239.3309,8
Hf,2,239.3360,77
Cs,3,239.3521,4
Kr,3,239.3560,37
V,3,239.3580,78
Na,3,239.3589,52
Er,3,239.3600,19
Na,2,239.3612,69
Re,1,239.3650,44
Al,2,239.3760,71
Pb,1,239.3792,79
Hf,2,239.3830,86
Gd,3,239.3860,23
Co,2,239.3904,14
Kr,3,239.3940,91
Sc,2,239.4009,32
Cu,2,239.4030,34
Na,3,239.4032,94
Xe,3,239.4083,25
W,2,239.4155,58
Ir,2,239.4237,84
Os,1,239.4290,47
O,3,239.4330,1
Re,1,239.4370,60
Li,1,239.4390,2
Ni,2,239.4520,79
Eu,3,239.4660,14
Ce,3,239.5040,74
B,2,239.5048,95
Mg,3,239.5149,99
Sb,1,239.5220,37
Pt,2,239.5299,8
Os,1,239.5390,37
Fe,2,239.5419,73
Pr,3,239.5440,11
Co,2,239.5517,70
Eu,3,239.5620,58
Fe,2,239.5625,100
Ar,3,239.5654,86
Ag,3,239.5690,74
W,2,239.5724,36
Os,1,239.5880,82
Ir,2,239.6165,18
Pt,1,239.6171,56
Ir,2,239.6230,65
Ta,1,239.6300,26
Er,3,239.6400,82
Pt,2,239.6689,75
Ru,2,239.6711,51
Fe,2,239.6719,10
Os,1,239.6780,23
Re,1,239.6790,60
W,2,239.7079,98
W,3,239.7103,92
W,2,239.7107,99
In,2,239.7120,9
Kr,3,239.7250,31
Re,1,239.7310,29
Gd,3,239.7340,24
Co,2,239.7386,95
Hf,1,239.7565,13
Xe,3,239.7566,2
Sc,2,239.7655,6
Hg,1,239.7760,1
Hf,1,239.7780,50
Ge,1,239.7885,57
Ne,3,239.7955,47
W,2,239.7984,47
Yb,2,239.8020,7
Hf,1,239.8121,13
Kr,3,239.8240,81
Ar,2,239.8369,46
Co,2,239.8378,82
Nb,2,239.8480,38
Ca,1,239.8560,19
Kr,3,239.8590,74
Pt,2,239.8641,15
Fe,2,239.8649,54
Ir,2,239.8744,99
Eu,3,239.8790,59
Er,3,239.8910,35
Al,3,239.8980,38
Lu,2,239.9140,39
Ba,3,239.9143,36
Ta,1,239.9150,41
Fe,2,239.9151,28
In,1,239.9177,43
Ar,3,239.9195,89
Fe,2,239.9241,97
Fe,2,239.9266,1
W,2,239.9331,5
198Hg,1,239.9349,44
Hg,1,239.9350,85
Pb,1,239.9597,62
Rb,3,239.9632,19
Pr,3,239.9700,11
Hf,1,239.9726,50
Hg,1,239.9727,77
198Hg,1,239.9729,20
Ta,2,239.9920,1
Co,2,239.9987,29
Cs,3,240.0011,32
Kr,3,240.0100,22
Cu,2,240.0114,91
Pt,2,240.0272,73
Rb,3,240.0331,9
Fe,2,240.0344,59
Hg,1,240.0493,74
198Hg,1,240.0497,12
Ne,3,240.0553,65
Ta,2,240.0630,100
Re,1,240.0720,36
Hf,2,240.0780,27
Bi,1,240.0881,75
V,2,240.0894,3
Eu,3,240.1000,59
Pt,1,240.1003,52
Na,2,240.1014,22
Os,1,240.1130,79
Ir,2,240.1168,42
B,3,240.1260,66
Fe,2,240.1292,50
Te,2,240.1630,53
Cs,3,240.1678,6
Re,1,240.1680,36
C,2,240.1761,88
Pt,1,240.1877,64
Pb,1,240.1940,72
Co,1,240.2060,48
Ta,2,240.2130,21
Ba,3,240.2143,24
Os,1,240.2230,35
Fe,2,240.2272,7
Dy,2,240.2290,33
Eu,3,240.2340,60
Pt,2,240.2364,1
C,2,240.2402,94
Ne,3,240.2421,33
Fe,2,240.2446,4
Ag,2,240.2446,79
Ge,2,240.2504,9
Fe,2,240.2633,10
Au,3,240.2710,61
Ru,2,240.2720,99
Er,3,240.2750,7
Kr,3,240.2960,7
Re,2,240.3040,12
I,3,240.3060,9
Pt,1,240.3092,78
W,2,240.3215,19
Ar,2,240.3236,23
Cu,2,240.3337,89
Os,1,240.3540,20
Fe,3,240.3552,6
Ir,2,240.3580,33
Mo,2,240.3610,61
Mo,3,240.3610,20
I,3,240.3630,10
Kr,3,240.3650,8
Co,2,240.3679,32
Ta,2,240.3680,6
Xe,3,240.3792,18
Co,2,240.3793,68
Os,1,240.3850,47
Yb,3,240.3950,51
Eu,3,240.4080,60
Co,2,240.4107,75
Ne,3,240.4129,20
Sr,3,240.4164,96
Co,2,240.4172,73
V,3,240.4180,82
Nb,3,240.4230,12
W,2,240.4264,5
Ar,2,240.4352,91
Fe,2,240.4431,74
Co,2,240.4528,82
B,3,240.4530,39
Hf,2,240.4560,14
Ar,3,240.4577,29
Er,3,240.4580,62
Pt,2,240.4624,52
Mo,2,240.4660,43
Ag,2,240.4876,70
Fe,2,240.4886,99
Nb,3,240.4890,63
Ar,3,240.5004,91
Gd,3,240.5030,25
Re,1,240.5060,90
Os,2,240.5080,36
Au,3,240.5120,66
Ar,2,240.5228,37
Nb,2,240.5340,4
Hf,2,240.5420,81
Os,1,240.5450,38
Cu,3,240.5500,89
Zr,1,240.5520,23
Pr,3,240.5560,11
S,3,240.5562,21
Re,1,240.5600,83
In,2,240.5630,25
Fe,2,240.5683,42
Pt,2,240.5727,85
Zr,3,240.5846,89
Nb,2,240.5850,5
Mo,1,240.5860,24
Rb,2,240.5938,64
Os,1,240.5960,20
Eu,3,240.6140,15
Ce,3,240.6150,55
Zr,3,240.6217,90
O,2,240.6391,58
Hf,2,240.6440,28
In,2,240.6473,45
Ta,1,240.6550,48
Na,3,240.6588,91
Tm,3,240.6630,93
Fe,2,240.6661,97
Cu,1,240.6665,90
Re,1,240.6700,60
Sn,2,240.6712,14
Ne,3,240.6738,38
V,1,240.6747,3
Rb,3,240.6841,9
Cs,3,240.6927,1
Ir,2,240.6970,37
Fe,2,240.6993,28
Ne,3,240.7000,33
Kr,3,240.7100,63
Hf,1,240.7132,7
Co,1,240.7250,92
Eu,3,240.7300,60
Hg,2,240.7352,89
Co,2,240.7447,81
O,2,240.7470,51
Ca,3,240.7527,62
Ir,1,240.7590,50
Co,2,240.7665,93
Hf,1,240.7692,51
Sr,3,240.7766,64
W,2,240.7780,11
Rh,1,240.7880,52
Ru,2,240.7922,69
I,2,240.8008,4
Ce,3,240.8080,64
Zn,1,240.8130,2
Sn,1,240.8151,77
Pr,3,240.8190,11
Rh,1,240.8190,16
Ta,2,240.8260,15
Eu,3,240.8320,61
Gd,3,240.8410,31
Co,2,240.8414,96
Co,2,240.8552,79
In,2,240.8566,16
Fe,2,240.8648,31
Os,1,240.8670,51
W,3,240.8679,34
Co,2,240.8753,74
In,2,240.8758,21
Ag,2,240.8854,59
Co,2,240.8857,58
Tm,2,240.9020,71
Kr,2,240.9067,12
Ba,1,240.9233,18
Gd,3,240.9350,25
Ir,1,240.9370,56
Co,2,240.9393,3
Rb,2,240.9412,35
W,3,240.9445,44
Eu,3,240.9630,15
Xe,2,240.9740,43
Pr,3,240.9800,12
Dy,2,241.0010,40
Yb,3,241.0040,25
Eu,3,241.0080,61
Hf,2,241.0140,74
Ir,1,241.0170,56
Ir,2,241.0232,56
Rh,1,241.0250,16
Ce,3,241.0260,43
Fe,2,241.0270,1
W,3,241.0275,34
Pt,2,241.0328,6
Re,1,241.0370,53
Ar,3,241.0380,60
W,2,241.0413,49
Er,3,241.0470,69
Sr,3,241.0516,84
Fe,2,241.0519,98
Mn,2,241.0586,17
Xe,2,241.0720,3
Ir,1,241.0730,56
Ti,2,241.0773,15
In,2,241.0846,15
Ar,3,241.0862,51
Sr,3,241.0906,41
Ar,2,241.0934,76
Os,1,241.0980,29
Ar,3,241.1002,81
Fe,2,241.1067,93
Ag,2,241.1345,93
Ag,2,241.1495,87
W,2,241.1532,51
Hf,1,241.1605,35
Co,1,241.1620,92
Pb,1,241.1734,73
Fe,2,241.1808,15
W,2,241.1812,59
Eu,3,241.2020,88
Yb,3,241.2330,55
Cu,3,241.2340,86
Pr,3,241.2400,12
Fe,2,241.2437,10
Tm,2,241.2440,33
Nb,2,241.2460,32
Ar,2,241.2464,35
Mo,3,241.2710,30
Co,1,241.2760,64
Ne,3,241.2818,92
In,2,241.2831,11
Mo,2,241.2840,8
Ne,3,241.2923,89
Eu,3,241.2960,62
Mo,2,241.3010,59
Pt,2,241.3046,10
Ir,2,241.3097,54
Ag,2,241.3188,98
Ne,3,241.3193,75
Ar,3,241.3221,90
Eu,3,241.3260,62
Ir,1,241.3310,73
Fe,2,241.3310,93
Hf,2,241.3330,15
Be,2,241.3340,19
Eu,3,241.3410,16
Be,2,241.3455,59
Se,1,241.3500,99
Ne,3,241.3558,80
Ne,3,241.3781,86
Kr,2,241.3810,21
Y,2,241.3913,15
Nb,3,241.3940,93
Ba,3,241.3968,75
Ti,3,241.3989,98
Fe,2,241.3993,13
Co,2,241.4069,79
Ba,1,241.4080,25
Hg,2,241.4142,89
Cu,2,241.4188,49
Ar,2,241.4222,50
Ta,1,241.4320,45
Co,1,241.4460,88
Nb,3,241.4500,37
Os,1,241.4520,38
Xe,3,241.4544,18
Cs,3,241.4635,2
Y,3,241.4640,94
Bi,3,241.4691,99
Pd,2,241.4731,30
W,2,241.4800,47
Ru,2,241.4826,31
I,3,241.4850,12
Cu,2,241.4857,50
Kr,2,241.4938,21
Cs,2,241.4976,7
Fe,2,241.5067,19
Ta,2,241.5210,44
Co,1,241.5300,88
Co,2,241.5316,90
V,1,241.5329,6
In,2,241.5409,21
Zn,1,241.5480,3
Ce,3,241.5600,75
Ar,3,241.5651,82
Ba,3,241.5673,54
Rh,2,241.5840,66
Ir,1,241.5860,63
Ar,3,241.5864,71
Hf,2,241.5960,11
Co,2,241.5992,98
Ar,3,241.6003,41
S,2,241.6050,10
Ni,2,241.6130,89
Co,2,241.6217,88
Hg,2,241.6292,28
Cl,3,241.6420,63
Hf,1,241.6427,34
Rb,2,241.6442,43
Fe,2,241.6445,59
Rb,2,241.6489,55
Ir,2,241.6540,46
Hg,2,241.6638,9
V,1,241.6751,4
Kr,2,241.6797,8
Ta,2,241.6890,57
Co,2,241.6898,91
W,3,241.6943,17
Nb,2,241.6990,38
Ce,3,241.7010,43
Co,2,241.7033,55
In,2,241.7210,12
Ge,1,241.7367,76
Ir,2,241.7596,39
Co,2,241.7659,85
Hf,2,241.7690,68
Pr,3,241.7690,12
Co,2,241.7694,24
Pt,2,241.7740,12
Pt,2,241.7763,66
Ta,2,241.7860,38
Fe,2,241.7870,74
Ga,3,241.7872,87
Ir,2,241.7903,54
Mo,2,241.7960,43
Os,1,241.7990,64
Ba,3,241.8039,88
Pt,1,241.8058,77
Ne,3,241.8078,38
Ir,1,241.8110,76
Re,2,241.8200,3
Cd,3,241.8240,24
Kr,2,241.8397,12
Fe,2,241.8437,50
O,2,241.8459,59
Rb,3,241.8463,79
Co,2,241.8482,71
I,3,241.8490,13
Os,1,241.8530,64
Co,2,241.8584,77
Ga,1,241.8690,49
Nb,2,241.8690,33
Cd,2,241.8694,45
Pd,2,241.8724,41
Xe,3,241.8744,3
Ta,2,241.8770,23
Ar,3,241.8842,92
I,3,241.8850,15
In,2,241.8932,5
Pr,3,241.8950,13
Mo,2,241.9010,30
Kr,3,241.9020,8
In,2,241.9067,18
Eu,3,241.9110,16
I,2,241.9176,6
In,2,241.9196,9
Lu,2,241.9210,31
Eu,3,241.9250,16
Ni,1,241.9310,66
W,2,241.9348,74
Zr,2,241.9410,5
Ar,3,241.9415,9
Eu,3,241.9580,17
W,3,241.9745,56
Rh,1,241.9750,28
Er,3,241.9810,77
Re,1,241.9810,89
Ar,3,241.9924,83
Ag,2,241.9957,99
Fe,2,241.9988,26
Os,2,242.0020,38
Ba,1,242.0111,30
Mo,2,242.0180,44
Rh,2,242.0180,37
Kr,3,242.0250,75
Ar,2,242.0456,71
W,2,242.0496,41
Zr,3,242.0675,90
Co,2,242.0728,97
W,3,242.0733,18
Rb,3,242.0803,10
Pt,2,242.0817,88
Ru,1,242.0826,23
Rh,2,242.0980,47
Na,2,242.0991,65
W,2,242.1003,49
Ta,1,242.1030,52
Ni,1,242.1230,47
Xe,2,242.1270,25
Yb,2,242.1350,23
Ar,2,242.1498,18
Tm,2,242.1650,35
Sn,1,242.1694,96
Po,1,242.1720,12
Re,1,242.1730,57
Ar,3,242.1810,29
Ne,3,242.1849,47
Ta,2,242.1850,23
Re,1,242.1880,57
Nb,3,242.1910,95
W,2,242.1966,11
Eu,3,242.2000,84
Co,2,242.2031,32
Hf,1,242.2090,46
Sb,1,242.2130,54
Xe,3,242.2139,61
Mo,3,242.2180,23
Y,2,242.2186,67
W,2,242.2301,14
Pt,2,242.2319,33
Hg,2,242.2362,16
Al,3,242.2440,4
Ag,2,242.2463,83
Er,3,242.2470,78
W,2,242.2527,27
Fe,2,242.2688,69
Dy,2,242.2750,30
Xe,3,242.2767,18
O,3,242.2840,4
S,3,242.2897,43
Eu,3,242.2900,17
Xe,2,242.2940,8
Ce,3,242.3020,44
Al,1,242.3050,54
Os,2,242.3070,72
Fe,2,242.3210,54
Ni,1,242.3330,44
Ne,2,242.3445,1
Ta,2,242.3480,30
Ar,3,242.3524,93
Ne,3,242.3586,38
Co,2,242.3624,31
Ni,1,242.3660,45
Co,2,242.3755,74
Co,2,242.3824,53
Re,2,242.3840,4
W,3,242.3865,92
Ba,3,242.3866,13
Rb,3,242.3908,11
I,3,242.3910,17
Ar,3,242.3960,89
Mo,2,242.4000,38
Os,2,242.4020,25
Ni,1,242.4030,45
Fe,2,242.4145,89
Ga,3,242.4163,98
W,1,242.4206,40
Ar,3,242.4296,51
Rb,2,242.4307,14
Ir,1,242.4320,26
W,3,242.4371,18
Fe,2,242.4390,14
In,2,242.4420,26
Cu,2,242.4434,84
Pd,2,242.4476,43
Ar,3,242.4490,9
Ga,3,242.4540,40
Os,1,242.4560,62
W,3,242.4577,78
Fe,2,242.4593,43
Ar,2,242.4660,27
Ir,1,242.4660,26
Na,2,242.4729,65
Al,1,242.4770,54
Cs,3,242.4781,2
Pt,2,242.4867,95
Ir,1,242.4890,45
Co,1,242.4930,85
Os,1,242.4970,85
Ir,1,242.4990,63
Al,1,242.5050,4
Xe,2,242.5050,43
Cs,2,242.5168,72
B,2,242.5271,54
Eu,3,242.5330,18
Li,1,242.5430,6
Ar,3,242.5492,87
O,2,242.5564,66
Al,2,242.5596,19
Ne,3,242.5619,62
Ir,1,242.5660,57
Eu,3,242.5680,92
Pt,2,242.5896,21
Ta,2,242.5910,15
In,2,242.5924,21
Hf,2,242.5980,24
Po,1,242.6090,23
I,3,242.6120,93
Co,2,242.6133,40
Pr,3,242.6140,13
Tm,2,242.6170,71
Ar,3,242.6176,51
Ir,2,242.6304,52
Sb,1,242.6350,70
Cd,3,242.6360,41
Kr,2,242.6363,21
Cs,3,242.6405,55
Cu,2,242.6558,6
Zn,1,242.6630,4
Ir,2,242.6685,28
C,2,242.6700,65
Ar,3,242.6743,18
Hf,1,242.6804,3
Os,1,242.6810,30
Ne,3,242.6849,66
Pr,3,242.6850,13
Pd,2,242.6867,57
Hg,2,242.6920,17
Co,2,242.7052,20
Rh,2,242.7110,50
Hg,2,242.7142,24
Cs,3,242.7173,32
Ar,3,242.7200,29
In,2,242.7206,17
Fe,2,242.7282,15
Mn,2,242.7379,54
Ba,1,242.7410,26
W,2,242.7490,93
Ar,3,242.7490,52
Ir,1,242.7610,73
Ir,2,242.7614,42
Ta,1,242.7640,80
W,3,242.7652,44
Cs,3,242.7654,78
Eu,3,242.7670,89
Rh,1,242.7680,62
Mn,2,242.7719,83
Al,2,242.7742,56
Cl,2,242.7790,2
Os,2,242.7900,28
Mn,2,242.7939,72
Au,1,242.7950,98
Pt,1,242.8033,59
Pt,2,242.8081,16
Ag,2,242.8084,78
Sr,1,242.8095,26
Pt,1,242.8203,67
Ne,3,242.8276,39
Co,2,242.8291,20
Fe,2,242.8292,31
Kr,2,242.8333,21
Fe,2,242.8363,82
Si,2,242.8450,4
Sr,3,242.8518,42
In,2,242.8530,62
Re,1,242.8580,94
Ce,3,242.8640,56
Hf,1,242.8740,69
Fe,2,242.8800,32
Cu,2,242.8927,50
Hf,2,242.8990,25
Fe,2,242.9036,32
Pt,1,242.9097,40
Fe,2,242.9154,27
Yb,3,242.9180,5
Eu,3,242.9320,89
Pt,2,242.9348,74
Fe,2,242.9386,43
W,2,242.9397,50
W,2,242.9487,39
Sn,1,242.9495,99
Ag,2,242.9513,93
Kr,3,242.9520,46
Rh,1,242.9520,72
Rb,3,242.9626,34
Eu,3,242.9660,18
Ta,2,242.9710,61
W,3,242.9787,93
In,1,242.9864,53
Co,2,242.9929,58
Ar,2,243.0034,45
Eu,3,243.0040,19
Fe,2,243.0078,85
Hf,1,243.0144,46
Ce,3,243.0240,75
Lu,2,243.0260,27
Pr,3,243.0320,14
Ba,3,243.0462,55
C,2,243.0780,52
Zn,1,243.0790,5
Pd,2,243.0925,59
In,1,243.0986,44
Ta,2,243.1060,31
Ca,3,243.1082,72
Os,1,243.1190,54
Ir,1,243.1240,73
W,2,243.1371,48
Ce,3,243.1450,80
Eu,3,243.1490,19
Er,3,243.1510,48
Re,1,243.1540,74
Os,1,243.1610,54
Hg,3,243.1650,45
W,2,243.1703,21
Eu,3,243.1760,19
Rh,2,243.1850,24
Ir,1,243.1940,87
C,2,243.2120,32
Re,1,243.2180,72
Co,1,243.2210,83
Fe,2,243.2261,79
Ir,1,243.2360,36
Ba,3,243.2393,69
Co,2,243.2514,95
Ba,1,243.2519,46
Eu,3,243.2550,20
Ir,1,243.2580,21
Co,2,243.2603,43
Rh,1,243.2660,25
Ta,2,243.2700,72
Xe,2,243.2720,17
Cs,2,243.2728,39
Fe,2,243.2873,69
C,2,243.2900,32
Ru,1,243.2930,2
Pd,2,243.3102,61
Pt,2,243.3306,80
Ca,3,243.3325,66
Yb,3,243.3430,25
Sn,1,243.3477,55
Sn,2,243.3480,27
C,2,243.3490,32
O,2,243.3534,89
Hf,2,243.3570,28
Ta,2,243.3590,16
Ne,3,243.3601,75
Eu,3,243.3650,20
Nb,2,243.3800,9
W,2,243.3983,58
Fe,2,243.4059,54
Cl,2,243.4070,12
Rb,2,243.4167,74
Pr,3,243.4180,14
Eu,3,243.4190,21
Fe,2,243.4237,59
C,2,243.4240,65
Ba,3,243.4243,55
W,2,243.4243,33
Pr,3,243.4390,14
Pt,2,243.4461,86
Fe,2,243.4649,23
Fe,2,243.4729,59
Hf,2,243.4740,10
C,2,243.4810,52
Kr,3,243.4860,73
I,3,243.4880,48
Fe,2,243.4952,69
Fe,2,243.4998,54
W,2,243.5003,81
Eu,3,243.5140,96
Ir,1,243.5140,55
Si,1,243.5150,91
Tm,3,243.5310,65
Pd,2,243.5321,62
W,2,243.5437,25
Pr,3,243.5910,14
Nb,2,243.5950,2
W,1,243.5957,40
Mo,2,243.5960,31
Hg,2,243.6004,27
O,2,243.6051,59
Ir,2,243.6234,40
Nb,1,243.6330,1
Eu,3,243.6390,63
Ge,1,243.6412,66
Te,2,243.6470,67
Ag,2,243.6476,67
Rb,3,243.6485,11
Xe,3,243.6491,47
Ta,2,243.6510,17
Fe,2,243.6622,63
Co,1,243.6660,80
Pt,1,243.6689,87
Eu,3,243.6770,21
Pr,3,243.6890,15
Co,2,243.6979,30
Ta,1,243.7070,41
Rh,1,243.7080,6
Fe,2,243.7204,51
Kr,3,243.7320,63
Mn,2,243.7366,72
Bi,3,243.7390,14
Nb,2,243.7420,4
Bi,3,243.7580,60
Nb,3,243.7740,13
Ag,2,243.7783,97
Mn,2,243.7844,54
Ni,2,243.7890,28
Rh,1,243.7900,58
La,2,243.8010,9
Mn,2,243.8187,17
Yb,3,243.8270,63
Zr,3,243.8624,77
Pr,3,243.8630,15
Ta,2,243.8640,10
Te,2,243.8690,85
Si,1,243.8770,42
Co,3,243.8800,47
Ba,1,243.8809,26
Eu,3,243.8830,22
O,3,243.8830,6
Co,1,243.9050,75
Na,2,243.9144,50
Kr,3,243.9210,38
Ne,3,243.9294,66
Fe,2,243.9301,90
Yb,3,243.9310,26
Ce,3,243.9800,87
Sr,3,243.9817,48
Dy,2,243.9840,43
Ta,1,243.9910,62
Ar,2,244.0028,25
Kr,3,244.0050,38
Pt,1,244.0061,96
Zn,1,244.0110,32
Ir,2,244.0193,55
Eu,3,244.0260,22
Mo,2,244.0280,31
Rh,1,244.0340,78
Fe,2,244.0424,55
Yb,3,244.0430,26
W,2,244.0434,8
Eu,3,244.0670,93
Hf,1,244.0814,31
Kr,3,244.0890,32
Hg,1,244.1030,56
Sr,3,244.1080,49
Fe,2,244.1129,25
Co,2,244.1201,9
Ar,3,244.1231,60
Re,1,244.1470,64
Na,2,244.1495,60
Xe,3,244.1523,38
Ce,3,244.1550,57
Cu,1,244.1637,47
Co,2,244.1710,42
Ne,3,244.1830,62
Hf,1,244.1920,66
Nb,2,244.2140,2
Ta,1,244.2390,48
Co,3,244.2462,37
In,2,244.2471,3
Re,1,244.2510,44
Na,2,244.2513,8
Ca,3,244.2551,79
Kr,3,244.2560,77
S,3,244.2581,7
Co,2,244.2617,92
Pt,2,244.2627,77
In,2,244.2634,22
Cu,2,244.2665,63
Nb,2,244.2680,0
Sn,2,244.2700,97
Rb,2,244.3068,45
Pt,2,244.3092,29
Cs,2,244.3250,16
Bi,3,244.3300,51
Cu,2,244.3326,52
Si,1,244.3360,43
Ar,3,244.3624,41
Co,2,244.3776,77
Pb,1,244.3829,64
W,1,244.4056,11
Ag,2,244.4099,91
Ta,2,244.4130,7
O,2,244.4248,74
Rh,1,244.4270,33
Eu,3,244.4380,98
Cu,3,244.4440,99
Fe,2,244.4515,90
W,3,244.4530,18
Zr,3,244.4602,91
Ba,1,244.4642,38
Ce,3,244.4780,45
Pr,3,244.4930,15
Re,1,244.4940,50
W,3,244.4943,88
Hf,1,244.4994,82
Fe,2,244.5106,75
Pt,2,244.5336,20
Ir,1,244.5340,52
Tm,2,244.5470,38
Pr,3,244.5490,16
Sb,1,244.5510,82
O,2,244.5538,95
Fe,2,244.5573,81
Fe,2,244.5795,43
Ir,2,244.5840,40
Eu,3,244.5990,100
Co,2,244.6017,96
Os,1,244.6020,51
Fe,2,244.6110,51
Pb,1,244.6181,66
Pd,2,244.6189,76
Ag,2,244.6211,74
W,2,244.6386,92
Er,2,244.6390,28
Fe,2,244.6408,32
Eu,3,244.6430,84
Kr,2,244.6440,13
Nb,3,244.6450,38
Fe,2,244.6471,32
Xe,3,244.6503,3
Pd,2,244.6713,45
Pr,3,244.6770,16
Hg,1,244.6895,78
198Hg,1,244.6900,21
Re,1,244.6980,79
Xe,3,244.7083,26
Kr,3,244.7100,51
Cl,3,244.7140,42
Ta,1,244.7170,34
Fe,2,244.7204,43
Hf,2,244.7250,75
Yb,2,244.7260,20
Sr,3,244.7288,71
Fe,2,244.7327,19
Fe,3,244.7374,1
Ar,3,244.7430,2
Co,2,244.7711,93
Fe,2,244.7755,33
Ir,1,244.7760,52
Co,2,244.7826,83
In,2,244.7886,45
Ag,2,244.7896,94
Pd,1,244.7906,61
W,2,244.7993,35
Rb,3,244.7999,49
Pd,2,244.8159,49
Pr,3,244.8160,16
Cu,2,244.8214,53
W,2,244.8225,84
Ir,1,244.8230,39
Rb,3,244.8370,41
Eu,3,244.8570,63
Cl,3,244.8580,44
Ge,2,244.8678,7
Na,2,244.8715,50
Rh,1,244.8840,43
Zr,3,244.8886,95
Sn,2,244.8908,94
Re,2,244.9030,21
Rh,1,244.9040,33
Kr,3,244.9050,64
Co,2,244.9160,15
Hf,2,244.9440,33
Si,3,244.9480,73
Re,2,244.9520,22
Ir,2,244.9590,38
Mg,2,244.9590,37
Re,1,244.9710,80
Zn,1,244.9720,6
Zr,2,244.9850,19
Fe,2,244.9965,33
Co,2,245.0002,80
Fe,2,245.0032,33
Hf,1,245.0080,8
Po,1,245.0080,93
Fe,2,245.0205,33
Ti,2,245.0435,3
Pt,2,245.0439,93
Rb,2,245.0439,56
Rh,1,245.0560,48
Os,1,245.0740,78
Pt,1,245.0967,70
In,2,245.1121,91
Pt,2,245.1128,13
Eu,3,245.1240,64
Cs,3,245.1449,0
W,2,245.1477,81
W,1,245.1484,34
Kr,3,245.1520,22
Rb,2,245.1554,43
Eu,3,245.1730,22
Os,1,245.1730,65
Tl,2,245.1830,23
Nb,2,245.1870,6
Hf,1,245.1885,46
W,1,245.1996,57
Pr,3,245.2020,16
F,3,245.2070,6
Si,1,245.2120,45
Na,2,245.2180,51
Rb,2,245.2199,14
Co,3,245.2203,31
Ir,2,245.2251,43
Kr,3,245.2290,64
Hf,2,245.2300,9
Ba,1,245.2378,5
Pd,3,245.2420,11
Rb,3,245.2446,42
Mn,2,245.2486,72
Al,2,245.2584,48
Xe,3,245.2644,39
Na,2,245.2657,23
Ir,1,245.2810,83
Pr,3,245.2810,17
Pr,3,245.2850,17
Pt,2,245.2901,13
In,2,245.2910,87
Hf,1,245.3013,66
Kr,3,245.3080,75
Mn,2,245.3133,18
Fe,2,245.3155,15
Ag,2,245.3217,89
In,2,245.3229,13
Kr,3,245.3280,51
W,3,245.3317,18
Hf,2,245.3340,20
V,2,245.3346,7
Al,2,245.3423,71
Be,2,245.3844,70
In,2,245.3856,14
Os,1,245.3900,65
Nb,2,245.3950,7
Fe,2,245.3976,44
Ni,1,245.3990,47
Sr,3,245.4022,96
Kr,3,245.4120,8
Ag,2,245.4164,34
Ar,2,245.4262,86
Ce,3,245.4320,80
Ta,1,245.4480,35
Fe,2,245.4578,34
Pr,3,245.4600,17
Ar,3,245.4630,52
Pr,3,245.4820,18
Os,2,245.4910,43
Ru,1,245.4920,2
Ne,3,245.4926,75
W,1,245.4978,41
O,3,245.4990,77
Ar,2,245.5067,32
Rb,3,245.5084,60
Dy,2,245.5150,21
Al,2,245.5177,80
Eu,3,245.5220,84
Sn,1,245.5252,68
W,1,245.5506,41
Sc,3,245.5520,6
Ru,2,245.5531,79
Kr,3,245.5560,64
Ir,1,245.5610,87
Rh,2,245.5700,15
Fe,2,245.5711,19
Cs,3,245.5809,99
Re,2,245.5830,62
W,2,245.5859,46
Ir,1,245.5870,50
Fe,2,245.5898,34
Kr,3,245.6060,75
Hf,1,245.6061,67
Ru,2,245.6439,71
Os,1,245.6460,65
As,1,245.6530,70
W,1,245.6534,77
Ru,2,245.6569,95
Cr,3,245.6830,24
Nb,3,245.6990,96
Ir,1,245.7030,45
Fe,2,245.7102,2
W,2,245.7158,25
Al,2,245.7187,71
Ir,1,245.7230,46
Pd,2,245.7257,64
Zr,2,245.7440,1
W,3,245.7441,69
Ne,3,245.7519,66
Ir,2,245.7578,39
Fe,2,245.7579,51
Pd,2,245.7734,32
Pd,2,245.7791,34
Zn,1,245.7800,7
Tm,3,245.7860,66
Hf,1,245.7871,29
Ge,2,245.7881,11
Ir,2,245.8030,40
Al,2,245.8037,84
Nb,2,245.8090,6
Rb,3,245.8321,20
Ru,1,245.8620,2
Yb,3,245.8640,5
Hf,1,245.8653,67
Ta,1,245.8680,35
Fe,2,245.8784,85
Hg,2,245.8807,17
Cs,3,245.8825,24
Al,2,245.8880,13
Rh,2,245.8900,53
Fe,2,245.8973,51
Rb,2,245.9142,82
Cs,3,245.9244,78
W,1,245.9300,76
Na,3,245.9306,98
Co,2,245.9453,53
Rb,2,245.9533,45
Kr,3,245.9630,32
Lu,2,245.9640,42
B,2,245.9690,92
Pr,3,245.9770,18
Al,2,245.9809,90
Al,1,245.9830,55
W,2,245.9869,33
B,2,245.9895,93
Ar,2,245.9952,24
Dy,2,245.9990,24
In,1,246.0079,78
Ag,2,246.0165,81
In,2,246.0188,93
Yb,2,246.0250,23
Nb,3,246.0340,15
Fe,2,246.0440,87
Nb,3,246.0450,16
Hf,2,246.0490,77
S,3,246.0496,27
Ra,2,246.0550,62
Ta,1,246.0550,35
Y,2,246.0555,28
Ti,2,246.0647,36
Pr,3,246.0720,18
Ne,3,246.0725,47
Rh,2,246.1040,69
Ag,2,246.1141,58
Re,1,246.1200,70
N,2,246.1270,21
Fe,2,246.1283,81
Os,1,246.1420,87
Pt,2,246.1617,10
Hf,3,246.1740,84
Eu,3,246.1790,23
Mo,2,246.1810,8
Re,2,246.1840,88
Fe,2,246.1861,85
Cs,3,246.2111,34
Ag,2,246.2128,81
Pr,3,246.2180,18
Ne,3,246.2287,78
Fe,2,246.2318,11
W,3,246.2380,19
Br,3,246.2390,15
I,3,246.2500,18
Cu,2,246.2614,9
Cm,2,246.2760,2
Kr,3,246.2760,8
W,1,246.2793,57
Nb,1,246.2890,16
Pr,3,246.2900,19
Xe,3,246.3061,26
Rb,3,246.3270,66
Fe,2,246.3281,55
Eu,3,246.3300,85
Ne,3,246.3315,62
Zn,1,246.3470,34
Xe,3,246.3557,26
Rh,1,246.3610,19
Nb,3,246.3720,18
Ta,2,246.3820,26
Hf,2,246.3970,14
Fe,2,246.4010,63
Hg,1,246.4057,75
198Hg,1,246.4064,13
Hf,2,246.4190,76
Co,2,246.4199,72
Ar,3,246.4255,41
W,1,246.4305,11
Hg,2,246.4357,75
Ir,2,246.4415,95
Sr,3,246.4416,9
Eu,3,246.4470,85
Yb,1,246.4500,89
Yb,3,246.4590,6
Er,3,246.4600,56
W,2,246.4618,22
Ar,3,246.4620,42
Ru,1,246.4700,7
Kr,2,246.4770,73
F,3,246.4850,33
Kr,3,246.4900,75
Fe,2,246.4905,60
Rb,2,246.4941,29
Kr,3,246.5050,58
Hf,2,246.5060,16
Ir,1,246.5090,26
Fe,2,246.5200,63
Ir,2,246.5202,53
V,2,246.5270,10
W,2,246.5657,49
Hf,1,246.5676,62
Al,1,246.5740,44
Kr,3,246.5800,81
Fe,2,246.5913,63
Rb,2,246.5946,43
W,2,246.5957,62
Ar,3,246.6084,2
Mn,2,246.6214,18
Al,2,246.6280,14
Cs,3,246.6324,21
Cr,2,246.6450,12
Fe,2,246.6498,20
W,2,246.6523,95
Hf,1,246.6665,5
Fe,2,246.6671,69
Mo,2,246.6680,20
I,3,246.6690,50
Nb,1,246.6730,1
Fe,2,246.6767,15
Fe,2,246.6819,77
Gd,3,246.6840,41
W,1,246.6848,57
Kr,3,246.6880,77
Cs,3,246.6921,14
Mo,2,246.6970,20
I,3,246.6990,52
Ta,2,246.6990,18
Co,2,246.7052,85
Ar,3,246.7100,18
Ir,1,246.7300,82
Ir,2,246.7302,55
Ta,2,246.7370,18
Pt,1,246.7401,92
Pt,1,246.7482,76
Re,2,246.7570,63
Pt,2,246.7595,71
Hg,2,246.7603,76
Cr,2,246.7696,36
Mg,3,246.7751,96
Rb,2,246.7836,5
Re,2,246.7850,29
Hf,2,246.7970,34
Ti,2,246.7977,3
In,1,246.8023,61
Cs,3,246.8082,14
Ne,3,246.8125,66
Pr,3,246.8200,19
Gd,2,246.8220,17
Ar,3,246.8300,9
Cu,2,246.8348,47
Hf,1,246.8378,28
W,2,246.8397,50
Cu,3,246.8410,63
Kr,3,246.8430,38
Cu,2,246.8500,68
Ar,3,246.8673,76
Nb,3,246.8720,65
Mo,2,246.8780,21
Na,3,246.8854,96
Os,2,246.8900,46
Pr,3,246.8970,19
Tl,2,246.9030,9
Hg,2,246.9035,63
Nb,1,246.9080,16
Gd,3,246.9140,21
Hf,2,246.9180,54
Pd,2,246.9252,78
Lu,2,246.9270,33
Re,2,246.9360,44
Cr,2,246.9366,46
Zn,1,246.9380,14
Nb,3,246.9390,40
Ir,2,246.9513,66
Fe,2,246.9514,64
Ag,3,246.9620,17
Cd,2,246.9733,46
W,2,246.9875,25
Ce,3,246.9950,81
Hf,1,246.9965,28
Pd,2,247.0006,51
Mo,2,247.0040,4
F,3,247.0290,35
Ca,3,247.0292,76
Rh,1,247.0390,48
Fe,2,247.0409,24
Eu,3,247.0510,90
Re,2,247.0610,31
Rh,3,247.0650,5
Fe,2,247.0669,81
Fe,2,247.0765,2
W,2,247.0802,65
Ta,2,247.0900,62
Hf,1,247.0998,43
Pt,1,247.1007,57
Re,2,247.1050,13
Pd,2,247.1152,66
Hf,1,247.1210,5
Tm,3,247.1230,66
Xe,3,247.1319,26
Ta,1,247.1380,45
Dy,2,247.1400,21
Rh,1,247.1470,54
Gd,2,247.1580,6
Sr,2,247.1597,12
Ce,3,247.1660,57
W,3,247.1661,19
W,2,247.1738,65
Ne,3,247.1828,62
Pt,2,247.1842,66
La,2,247.1900,34
Ar,3,247.1920,52
Mo,1,247.1971,28
Ni,1,247.2060,60
Ta,1,247.2130,46
Rb,2,247.2200,100
Hg,2,247.2223,56
Os,1,247.2280,38
Fe,2,247.2428,55
La,2,247.2440,16
Pd,2,247.2502,16
W,1,247.2506,35
Rh,1,247.2510,19
Ca,3,247.2541,79
Fe,2,247.2605,75
Ag,2,247.2796,65
Cr,3,247.2880,85
Ar,3,247.2945,88
Al,2,247.3008,47
Fe,2,247.3031,11
Rh,1,247.3090,62
Ta,1,247.3130,55
Sr,3,247.3169,56
Ta,2,247.3310,11
Fe,2,247.3321,64
Cu,2,247.3333,78
Ne,3,247.3386,86
Pr,3,247.3420,20
Re,2,247.3720,46
Ag,2,247.3790,91
Hf,2,247.3920,17
W,3,247.3950,57
Kr,3,247.3960,23
Ar,2,247.3997,38
Pt,2,247.4058,25
W,1,247.4149,76
Ta,1,247.4620,91
Na,3,247.4732,97
Fe,2,247.4765,55
Os,1,247.4780,38
Cr,2,247.4873,17
Kr,3,247.4900,9
Eu,3,247.4940,23
B,3,247.5040,41
Li,1,247.5060,29
Fe,2,247.5117,73
Ir,1,247.5120,95
Re,2,247.5170,51
Ar,3,247.5212,10
Al,2,247.5252,98
Co,2,247.5302,55
Ta,1,247.5330,46
I,3,247.5360,94
Ru,1,247.5410,12
S,2,247.5417,20
Ar,2,247.5460,35
Ra,2,247.5500,71
Fe,2,247.5541,70
Ba,3,247.5621,88
Rh,2,247.5640,2
Nb,3,247.5870,66
Xe,2,247.5890,63
Rb,3,247.5902,29
Cs,3,247.6079,34
Ag,2,247.6090,54
Ir,2,247.6090,38
Ar,3,247.6100,61
Eu,3,247.6240,24
W,3,247.6264,6
Al,2,247.6322,85
Pb,1,247.6378,61
Sn,1,247.6401,39
Pd,1,247.6413,70
Cu,2,247.6444,23
Eu,3,247.6450,64
Rb,3,247.6494,26
Ar,3,247.6529,76
La,3,247.6600,65
Ag,2,247.6610,62
Ta,2,247.6670,34
Ba,3,247.6732,91
Os,1,247.6840,78
Ni,1,247.6870,47
Ru,1,247.6880,9
Cr,2,247.6913,17
Ag,2,247.7128,88
Sr,3,247.7196,42
Ce,3,247.7250,76
Co,2,247.7306,71
Fe,2,247.7343,17
Nb,2,247.7380,15
Re,2,247.7430,15
Rh,2,247.7540,5
Mo,2,247.7570,39
Cs,3,247.7571,99
Eu,3,247.7780,24
Sr,3,247.7783,75
W,2,247.7795,99
Kr,3,247.7810,38
Sr,3,247.8060,57
Ir,1,247.8110,46
Rb,3,247.8174,27
Co,2,247.8197,67
Ta,1,247.8220,55
Nb,2,247.8290,8
Co,2,247.8295,31
Pr,3,247.8320,20
Sb,1,247.8320,83
C,1,247.8561,99
Fe,2,247.8572,73
Hg,1,247.8650,20
La,3,247.8650,51
Ge,2,247.8659,75
F,3,247.8730,7
Ar,3,247.8762,53
Ru,2,247.8924,88
Pt,2,247.8945,87
Re,1,247.9020,29
V,2,247.9040,38
Co,2,247.9054,62
Ar,2,247.9056,48
Ag,2,247.9225,46
Hf,1,247.9428,43
Ce,3,247.9440,78
Ce,3,247.9510,58
V,2,247.9517,47
Zn,1,247.9740,37
Cu,1,247.9754,13
Ar,3,247.9760,19
Cr,3,247.9770,86
Ba,3,247.9776,55
La,2,247.9850,17
Xe,3,247.9876,3
Nb,2,247.9940,8
Pr,3,247.9980,20
Eu,3,248.0020,64
Ra,2,248.0110,46
B,3,248.0130,29
Tm,2,248.0130,81
W,1,248.0130,58
Fe,2,248.0157,84
Ag,2,248.0282,78
Pt,2,248.0342,68
Sb,1,248.0440,55
Sb,2,248.0460,8
Ar,2,248.0463,10
Hg,3,248.0560,18
Cs,2,248.0695,34
Rb,2,248.0815,5
Ar,2,248.0853,72
Dy,2,248.0930,24
W,1,248.0955,11
Pr,3,248.1020,20
Ru,2,248.1113,8
Tm,2,248.1150,39
Ir,1,248.1180,91
Hg,2,248.1218,76
Be,1,248.1319,62
Rb,2,248.1437,32
Hf,2,248.1440,12
W,1,248.1440,77
Ar,2,248.1474,42
W,2,248.1541,41
Lu,2,248.1720,14
Ta,2,248.1860,12
198Hg,1,248.1999,61
Hg,1,248.2001,90
Hf,1,248.2010,42
Pt,2,248.2037,30
Rh,1,248.2040,14
W,3,248.2091,70
Ta,1,248.2100,35
Fe,2,248.2117,60
Ar,2,248.2150,21
V,2,248.2307,40
Fe,2,248.2326,2
Cu,3,248.2360,93
Os,1,248.2430,51
Mo,2,248.2570,31
Ta,2,248.2580,8
Br,3,248.2600,16
W,3,248.2600,57
Kr,3,248.2630,39
Hf,1,248.2647,75
Fe,2,248.2657,75
198Hg,1,248.2713,48
Hg,1,248.2716,86
Fe,2,248.2867,8
Hf,1,248.2934,27
Cr,3,248.3060,88
V,2,248.3062,24
Cs,3,248.3063,15
Si,3,248.3200,16
Fe,1,248.3271,41
Eu,3,248.3290,65
Pr,3,248.3300,21
Rh,1,248.3330,33
Pt,1,248.3367,48
Sn,1,248.3410,85
Cr,2,248.3738,74
Hg,1,248.3815,89
Ce,3,248.3820,82
198Hg,1,248.3821,56
Nb,2,248.3880,1
Re,1,248.3920,89
Po,1,248.3940,82
Pr,3,248.3990,21
Ta,2,248.4040,8
Ar,3,248.4104,42
P,2,248.4190,2
Fe,2,248.4244,56
Ir,2,248.4250,67
F,3,248.4370,75
W,2,248.4398,78
Fe,2,248.4442,52
Hg,3,248.4500,40
Rb,2,248.4558,69
Pr,3,248.4600,21
Rb,2,248.4701,80
W,1,248.4741,41
Mo,2,248.4750,9
Ar,3,248.4870,10
Yb,2,248.4890,3
Ta,1,248.4950,88
Pr,3,248.5160,22
Rb,3,248.5335,60
Al,2,248.5350,19
Co,2,248.5359,24
Ir,1,248.5380,21
Cr,2,248.5393,36
Cs,3,248.5446,94
Hf,1,248.5555,42
Ar,3,248.5630,10
Ag,2,248.5651,64
Rb,2,248.5766,44
Cu,2,248.5792,83
Re,1,248.5810,71
Nb,3,248.6020,20
In,2,248.6152,35
Mn,2,248.6158,18
Os,2,248.6240,80
Fe,2,248.6351,78
W,2,248.6422,15
Co,2,248.6441,68
Cu,3,248.6460,87
Pt,2,248.6514,11
Sr,3,248.6520,99
Pd,2,248.6526,95
Ag,2,248.6556,59
Sn,2,248.6600,89
Ta,1,248.6700,46
Xe,3,248.6727,19
Rb,3,248.6840,62
Cl,3,248.6910,17
Eu,3,248.6920,25
Sn,2,248.6967,96
Pt,2,248.6983,86
Cr,2,248.7001,6
Hf,1,248.7153,84
Co,2,248.7154,66
Pt,1,248.7169,97
W,3,248.7257,7
Zr,2,248.7290,6
Re,1,248.7330,88
Gd,2,248.7460,14
Rh,1,248.7470,67
Tm,2,248.7520,37
Ir,2,248.7550,34
La,2,248.7590,34
Co,2,248.7906,35
Cd,2,248.7928,39
S,2,248.7966,6
Rb,3,248.8068,12
W,2,248.8111,58
Cr,2,248.8127,7
Cr,3,248.8260,36
Ir,2,248.8281,56
W,3,248.8401,35
Br,2,248.8500,1
Os,1,248.8550,94
In,2,248.8618,26
Ta,2,248.8700,78
Gd,2,248.8720,19
Pr,3,248.8720,22
Pt,1,248.8732,41
Nb,3,248.8740,41
W,2,248.8769,97
Ar,3,248.8858,84
Pt,2,248.8875,85
Eu,3,248.8910,25
Pd,2,248.8915,99
Kr,3,248.8940,82
In,2,248.8953,22
Xe,2,248.9110,48
W,2,248.9231,100
Hf,1,248.9236,26
I,3,248.9270,80
Cr,2,248.9287,25
Kr,2,248.9390,13
Tm,3,248.9440,100
Ir,2,248.9450,31
Fe,2,248.9483,56
S,3,248.9566,44
Rb,3,248.9578,28
Pd,2,248.9603,47
Kr,3,248.9640,58
Cu,2,248.9652,80
Fe,2,248.9830,85
Pt,1,249.0127,88
Re,2,249.0160,17
Ba,3,249.0224,36
Co,2,249.0398,71
Y,1,249.0403,34
Yb,3,249.0420,75
Ta,1,249.0460,88
S,3,249.0488,45
Eu,3,249.0500,26
Po,1,249.0530,85
Mg,3,249.0534,85
Dy,2,249.0610,31
Fe,1,249.0644,9
Fe,2,249.0706,80
W,2,249.0714,22
Xe,2,249.0760,25
Rh,2,249.0770,73
Fe,2,249.0858,73
C,2,249.0870,63
Cd,1,249.0998,1
Os,1,249.1020,39
Ar,2,249.1034,22
Eu,3,249.1080,26
C,2,249.1370,63
Fe,2,249.1396,60
Zn,1,249.1480,56
Tm,2,249.1600,52
Os,1,249.1690,39
Sr,3,249.1690,71
Yb,3,249.1690,27
Sn,1,249.1699,36
Pr,3,249.1970,22
Ar,2,249.2015,8
Er,3,249.2040,8
Hg,2,249.2064,89
Cu,1,249.2146,94
Rh,1,249.2300,19
Fe,2,249.2344,5
Os,1,249.2420,51
Eu,3,249.2480,26
Re,1,249.2840,29
As,1,249.2910,6
Ne,3,249.2910,0
W,2,249.2926,76
Ar,3,249.2950,19
Nb,3,249.3020,43
Cr,2,249.3042,13
Ir,1,249.3080,77
Na,2,249.3149,93
Fe,2,249.3184,88
I,3,249.3210,20
Fe,2,249.3224,34
Hg,2,249.3252,48
Fe,2,249.3263,93
Gd,2,249.3290,6
Zn,1,249.3320,39
Ca,3,249.3517,76
Ru,2,249.3694,36
Fe,2,249.3877,27
Kr,3,249.4010,91
Ru,1,249.4020,7
Pr,3,249.4200,23
I,3,249.4270,21
Kr,3,249.4390,76
Ru,2,249.4479,27
Be,1,249.4543,83
Be,1,249.4583,89
Kr,3,249.4610,51
Na,2,249.4661,29
Be,1,249.4728,94
I,2,249.4738,7
Ne,3,249.4778,3
Ir,2,249.4840,33
Ar,3,249.4852,42
Cu,1,249.4890,14
Cs,3,249.5074,88
Hf,3,249.5160,98
I,3,249.5160,53
Br,2,249.5220,2
Ir,2,249.5225,25
W,2,249.5260,8
W,1,249.5264,58
Pr,3,249.5370,23
Pr,3,249.5510,23
Cd,2,249.5584,40
Ru,2,249.5683,47
Sn,1,249.5724,81
Pt,1,249.5813,85
Fe,2,249.5868,34
Re,1,249.6040,68
Hf,1,249.6058,74
I,3,249.6070,23
S,3,249.6239,90
Mo,2,249.6240,1
Tm,3,249.6250,29
Ir,1,249.6270,46
In,2,249.6318,10
Rb,2,249.6383,90
Ar,3,249.6400,43
Co,2,249.6460,8
Zr,2,249.6480,3
Ru,1,249.6560,3
W,2,249.6636,89
W,2,249.6671,31
10B,1,249.6760,56
B,1,249.6769,89
Tc,2,249.6770,66
11B,1,249.6771,75
Cr,2,249.6787,36
Hf,1,249.6818,59
N,2,249.6830,6
Ir,2,249.6910,31
Eu,3,249.6920,27
Cs,3,249.6954,38
N,2,249.6970,2
Hf,2,249.6990,65
Na,3,249.7022,99
W,2,249.7479,92
Co,2,249.7484,60
Ce,3,249.7500,82
Kr,3,249.7710,77
10B,1,249.7714,94
B,1,249.7722,98
11B,1,249.7724,95
Ca,3,249.7736,89
Fe,2,249.7819,64
Na,2,249.7840,29
Al,2,249.7886,35
Ba,3,249.7925,69
Ir,2,249.7954,37
Ge,1,249.7962,72
Ir,2,249.8020,33
Re,1,249.8220,29
Mo,2,249.8280,48
Rb,2,249.8402,44
Os,1,249.8410,91
Ru,2,249.8415,62
Ba,3,249.8426,67
Hg,2,249.8459,17
Pt,1,249.8499,93
Cl,2,249.8530,8
Ru,2,249.8571,64
In,2,249.8591,15
Pt,2,249.8680,84
Kr,3,249.8770,9
Pd,2,249.8777,91
Co,2,249.8821,89
Fe,2,249.8897,86
Bi,3,249.8900,35
Fe,2,249.8968,2
Mn,2,249.9003,84
Rh,1,249.9020,1
S,3,249.9030,64
Gd,2,249.9040,4
Eu,3,249.9170,27
Pt,2,249.9209,2
W,2,249.9220,29
Br,3,249.9250,39
Hg,2,249.9338,70
Eu,2,249.9390,1
Gd,3,249.9530,31
Tm,2,249.9540,33
In,2,249.9600,22
W,2,249.9683,87
Nb,3,249.9730,98
Ru,1,249.9784,7
Cd,3,249.9810,76
Hf,1,249.9825,41
Os,1,249.9920,48
Ar,3,249.9960,3
Pr,3,249.9970,23
W,2,250.0102,86
Ar,2,250.0395,47
Mo,2,250.0440,9
Rb,2,250.0499,56
Ge,2,250.0536,93
Kr,3,250.0640,52
Fe,2,250.0923,35
Ge,2,250.0955,12
Bi,2,250.1000,1
In,2,250.1002,4
Xe,3,250.1037,48
Hf,1,250.1130,41
W,2,250.1342,22
Ac,2,250.1391,52
I,3,250.1410,55
V,1,250.1614,23
Re,1,250.1720,68
Ar,2,250.1836,2
Zn,2,250.1995,97
Yb,2,250.2020,63
Pm,2,250.2120,0
Cs,3,250.2254,35
Os,1,250.2290,48
Re,2,250.2350,83
Fe,2,250.2393,75
Rh,1,250.2460,63
W,3,250.2494,19
Ir,1,250.2630,52
Hf,1,250.2663,79
Rb,2,250.2672,62
Cl,2,250.2740,19
Rb,3,250.2752,13
Na,2,250.2839,65
Mo,2,250.2840,32
Ho,2,250.2910,34
Ir,1,250.2980,96
Ar,3,250.3016,3
Rb,2,250.3317,58
Fe,2,250.3326,52
Ce,3,250.3560,58
Fe,2,250.3565,11
Sr,3,250.3594,97
Kr,3,250.3630,58
Rh,2,250.3840,8
Fe,2,250.3874,70
Ag,2,250.3901,71
Pt,1,250.4040,8
Al,2,250.4250,19
Rh,2,250.4290,95
Cr,1,250.4306,7
Ir,1,250.4370,36
Ir,2,250.4371,86
Ar,3,250.4388,61
Os,1,250.4390,63
Ce,3,250.4430,45
Ta,1,250.4450,91
Os,1,250.4510,35
Co,1,250.4520,32
K,2,250.4600,18
Re,2,250.4600,69
Nb,1,250.4650,27
W,1,250.4698,11
Tm,3,250.4710,89
Xe,3,250.4907,39
W,3,250.4995,19
Ba,3,250.5067,92
Rb,2,250.5072,53
Rh,2,250.5100,27
Rb,2,250.5261,50
S,2,250.5348,50
Yb,2,250.5480,24
Kr,3,250.5540,47
Rh,1,250.5670,67
Pd,2,250.5729,80
Ir,1,250.5740,26
Pt,1,250.5923,48
Re,1,250.5940,54
W,2,250.6049,79
Fe,2,250.6093,64
Mo,3,250.6190,95
V,2,250.6221,3
Yb,3,250.6250,46
Cu,2,250.6273,83
Na,2,250.6301,74
Cr,3,250.6410,50
Co,2,250.6464,88
Kr,3,250.6530,73
Ag,2,250.6593,84
Ag,2,250.6629,57
Ar,3,250.6658,53
Fe,2,250.6797,44
Kr,3,250.6860,32
Co,1,250.6880,31
Si,1,250.6900,96
V,1,250.6906,27
Ag,2,250.6910,24
Ru,2,250.7012,86
Ne,3,250.7037,78
Ag,2,250.7091,68
Tm,2,250.7150,37
Os,2,250.7180,9
Be,2,250.7429,60
Ta,1,250.7450,92
W,3,250.7593,70
Fe,2,250.7594,3
Mn,2,250.7598,73
Ir,1,250.7630,27
Sb,3,250.7710,36
V,1,250.7786,48
Tl,1,250.7940,5
Co,2,250.7963,38
Yb,2,250.8070,2
S,3,250.8097,65
Tl,1,250.8200,7
Ru,1,250.8270,23
Fe,2,250.8341,44
Cu,3,250.8490,64
Pt,1,250.8497,69
Ho,2,250.8530,15
Nb,3,250.8530,45
Er,3,250.8590,70
Cd,1,250.8908,14
Ar,3,250.8910,19
Ba,3,250.8953,89
Re,1,250.8990,92
S,2,250.9030,37
Ru,1,250.9066,12
Tm,2,250.9080,87
Cd,2,250.9107,47
C,2,250.9121,98
Rh,1,250.9700,79
Rb,2,250.9704,58
Ir,1,250.9710,36
Os,2,250.9710,30
W,2,250.9948,11
W,3,250.9989,8
Sc,2,251.0000,20
Co,2,251.0072,16
Ba,3,251.0088,89
Ar,3,251.0104,3
Na,3,251.0264,94
Dy,2,251.0310,21
W,2,251.0470,88
Sb,1,251.0540,39
Co,2,251.0548,19
Mn,2,251.0655,54
Rh,2,251.0660,44
Ni,2,251.0870,29
W,3,251.0965,20
Nb,2,251.1000,16
Rh,2,251.1030,98
Co,2,251.1160,99
Cs,3,251.1557,30
V,1,251.1652,33
C,2,251.1734,95
Fe,2,251.1760,83
Mo,2,251.1800,21
Ir,1,251.1940,37
V,1,251.1946,34
Nb,3,251.1950,21
Yb,2,251.2060,80
Co,2,251.2063,59
C,2,251.2065,99
Ir,2,251.2101,84
Cs,3,251.2204,18
In,2,251.2274,16
Ba,3,251.2284,98
Cs,2,251.2286,8
Rb,3,251.2348,21
Co,2,251.2390,3
Ir,2,251.2580,84
Ta,1,251.2650,70
Hf,2,251.2690,83
Ru,1,251.2810,12
Os,1,251.2870,73
Kr,3,251.2920,39
Hf,2,251.3030,84
Al,2,251.3145,44
Os,1,251.3250,90
Al,1,251.3305,56
Ru,2,251.3322,55
Rh,2,251.3360,60
W,2,251.3420,15
La,3,251.3430,3
Hg,2,251.3493,11
Ga,2,251.3536,29
Dy,2,251.3550,32
Ho,2,251.3550,21
Cr,2,251.3634,70
Ir,1,251.3710,46
Eu,3,251.3760,99
Tm,1,251.3778,74
Pt,2,251.3888,91
Ga,2,251.4033,18
Pt,1,251.4070,49
Rb,2,251.4177,65
Mn,2,251.4200,18
Si,1,251.4320,94
Fe,2,251.4383,60
Pd,2,251.4474,18
W,2,251.4516,5
V,2,251.4637,18
Hg,2,251.4762,77
Cr,2,251.5027,78
Pt,1,251.5031,59
Os,1,251.5040,74
Mo,2,251.5080,32
Hf,3,251.5160,95
Ar,2,251.5274,10
Ir,1,251.5360,27
Kr,3,251.5420,64
Na,2,251.5455,82
Hf,2,251.5480,29
Pt,1,251.5577,90
Ar,2,251.5593,39
Bi,1,251.5633,35
Rh,1,251.5750,71
Zn,1,251.5807,60
Pt,2,251.5866,38
Ti,3,251.6053,100
Si,1,251.6113,99
Ba,3,251.6124,75
V,3,251.6140,85
Pt,2,251.6183,22
Cd,2,251.6224,32
Yb,2,251.6350,8
W,3,251.6548,44
Cr,2,251.6555,41
Mn,2,251.6599,54
Mn,2,251.6742,73
Ar,2,251.6789,69
Kr,3,251.6810,76
I,3,251.6820,25
Yb,3,251.6820,79
Hf,2,251.6880,92
Fe,2,251.7131,44
V,1,251.7149,34
W,3,251.7245,79
Ru,2,251.7317,56
Co,2,251.7348,10
W,2,251.7397,35
Ti,2,251.7431,39
Co,2,251.7436,38
Hf,1,251.7520,23
Dy,2,251.7610,32
Kr,3,251.7830,76
Hf,1,251.7858,59
Co,1,251.7870,36
Os,1,251.7920,63
Eu,3,251.7940,65
Ir,2,251.7940,67
O,2,251.7974,42
W,2,251.8142,59
Mn,2,251.8180,19
Ar,3,251.8260,11
Cr,2,251.8261,84
S,2,251.8404,38
Os,1,251.8440,74
Cd,1,251.8588,18
Mg,3,251.8635,4
W,3,251.8715,93
Ho,2,251.8730,17
Cr,2,251.8817,31
Cu,2,251.8948,47
W,3,251.8990,7
Fe,2,251.9047,70
Si,1,251.9202,93
Al,1,251.9222,45
B,2,251.9257,52
Kr,3,251.9290,39
Os,1,251.9290,20
Al,1,251.9514,5
Cr,1,251.9518,17
V,1,251.9623,49
I,3,251.9750,96
Ne,2,251.9752,1
Tm,3,251.9780,92
Ba,3,251.9783,13
Os,1,251.9790,48
Co,2,251.9823,81
Re,1,252.0010,78
Ba,3,252.0124,76
W,3,252.0210,57
N,2,252.0220,7
Gd,3,252.0380,48
Mn,2,252.0518,19
Rh,2,252.0530,82
Al,2,252.0579,54
W,3,252.0785,20
N,2,252.0790,22
Tm,2,252.0870,43
Fe,2,252.1091,56
V,3,252.1160,22
Kr,3,252.1270,23
W,1,252.1323,58
Co,1,252.1360,86
V,2,252.1367,21
In,1,252.1371,81
Nb,2,252.1400,16
Re,1,252.1500,75
V,3,252.1550,25
Mn,2,252.1665,55
Hg,2,252.1678,51
Br,2,252.1700,82
I,3,252.1720,82
Fe,2,252.1815,45
W,2,252.1975,8
Ne,3,252.2025,0
W,2,252.2041,93
Yb,3,252.2070,16
Eu,3,252.2140,98
Tm,2,252.2170,52
N,2,252.2230,32
Cu,3,252.2380,66
W,3,252.2412,44
Yb,2,252.2440,45
Ar,2,252.2499,16
Sr,3,252.2609,64
Sn,2,252.2690,85
W,3,252.2855,7
Fe,2,252.2892,52
Co,2,252.2956,83
In,1,252.2985,46
Mn,2,252.3013,19
Cr,2,252.3232,88
Hg,2,252.3324,70
Hg,2,252.3360,19
W,1,252.3410,12
Rb,3,252.3528,30
Cr,2,252.3607,54
Ir,2,252.3610,35
Ba,3,252.3825,98
Ir,2,252.3870,31
Sn,1,252.3907,65
V,2,252.3951,13
Si,1,252.4108,97
Tm,2,252.4110,42
Rb,2,252.4236,83
Pt,1,252.4307,71
Ar,3,252.4480,4
Bi,1,252.4491,46
Co,2,252.4634,73
Ti,2,252.4639,47
Hf,1,252.4640,38
Co,2,252.4677,25
Pt,2,252.4734,28
Hg,1,252.4780,2
Kr,3,252.4970,65
Co,2,252.4974,86
Ir,1,252.5050,37
Co,2,252.5082,62
Cd,1,252.5196,22
Cs,3,252.5243,77
Fe,2,252.5388,87
Ar,2,252.5485,36
Ti,2,252.5603,88
Cs,3,252.5671,98
Pt,2,252.5821,51
Fe,2,252.5919,28
Cs,3,252.5944,26
Fe,2,252.6075,21
V,1,252.6221,67
Fe,2,252.6294,91
Ta,1,252.6350,96
Al,2,252.6486,97
Cu,2,252.6592,77
Pb,2,252.6690,38
Xe,2,252.6790,17
O,2,252.6869,30
Xe,2,252.6980,17
Tm,1,252.7022,80
Fe,2,252.7104,35
Cr,1,252.7117,9
Mo,2,252.7140,39
In,3,252.7410,60
Tm,2,252.7420,34
Fe,2,252.7455,65
Fe,2,252.7705,35
Ti,3,252.7840,99
Tm,1,252.7850,53
V,2,252.7904,82
Zn,2,252.7960,19
Mn,2,252.8011,19
Co,2,252.8224,70
Ar,2,252.8313,53
Ir,2,252.8387,67
Ba,2,252.8408,66
V,2,252.8466,74
Si,1,252.8509,98
Sb,1,252.8520,98
Sb,2,252.8535,35
Co,2,252.8615,92
Ar,2,252.8683,13
Pt,2,252.8734,91
V,2,252.8835,77
Cs,3,252.8896,32
Co,1,252.8970,81
Fe,2,252.9077,7
Pt,2,252.9081,37
Yb,3,252.9140,27
Mg,3,252.9190,86
Fe,2,252.9228,35
Ba,3,252.9276,27
Cu,2,252.9304,82
Tc,2,252.9340,59
Pt,1,252.9410,27
Br,3,252.9490,41
Fe,2,252.9545,88
Fe,2,252.9559,76
Ti,2,252.9748,38
Ge,2,252.9837,38
Cr,2,252.9891,92
Cr,2,253.0046,7
Co,2,253.0080,94
Zn,1,253.0090,17
Fe,2,253.0100,21
Fe,2,253.0109,70
Hg,2,253.0113,19
Co,1,253.0130,34
Cr,2,253.0177,56
V,1,253.0185,49
Na,3,253.0249,92
O,2,253.0274,52
Mo,2,253.0340,22
Ir,2,253.0407,68
Ag,2,253.0487,56
Mn,2,253.0725,55
Te,1,253.0740,89
Tl,2,253.0860,81
Ba,3,253.0919,92
W,2,253.0969,53
Cr,3,253.0990,51
Er,3,253.1030,9
Sn,1,253.1097,55
Hf,2,253.1190,71
Ti,2,253.1252,83
Kr,3,253.1290,58
Na,2,253.1538,82
Co,2,253.1667,6
Mn,2,253.1799,55
V,2,253.1884,37
Mn,2,253.1892,20
Ce,3,253.1990,87
I,3,253.1990,56
Al,2,253.2092,56
Ta,2,253.2120,79
Co,1,253.2180,36
Mo,2,253.2310,40
Er,3,253.2360,70
Si,1,253.2381,72
Os,1,253.2440,21
Zr,2,253.2460,29
Cl,3,253.2480,19
Ir,1,253.2520,27
Hf,1,253.2578,56
Ag,2,253.2604,60
Al,2,253.2629,85
Mn,2,253.2781,84
Hf,1,253.2940,57
Mn,1,253.3060,43
Al,2,253.3117,20
Ir,1,253.3130,84
La,2,253.3140,25
Al,2,253.3170,54
Ge,1,253.3230,68
Mn,2,253.3329,84
Cs,3,253.3447,64
Au,2,253.3520,69
I,2,253.3605,8
Fe,2,253.3627,84
Ho,1,253.3800,68
Co,2,253.3801,84
Co,2,253.3855,77
Ar,3,253.3920,20
P,1,253.3976,83
Mn,2,253.4098,73
Re,2,253.4100,47
Gd,3,253.4110,48
W,2,253.4139,44
Mn,2,253.4221,91
I,2,253.4272,11
Hf,3,253.4330,19
Fe,2,253.4418,79
Ir,1,253.4460,85
Pd,2,253.4600,53
Ti,2,253.4619,75
Ar,2,253.4709,75
198Hg,1,253.4769,83
Hg,1,253.4772,96
Re,1,253.4800,68
W,2,253.4822,86
Ac,2,253.4851,63
Po,1,253.4950,26
Co,3,253.5020,19
Ag,2,253.5070,27
Ar,2,253.5251,12
Ag,2,253.5308,72
Kr,3,253.5420,39
Fe,2,253.5485,65
Ru,2,253.5590,73
P,1,253.5603,87
Mn,2,253.5658,92
B,3,253.5800,49
Ti,2,253.5870,64
Co,1,253.5960,81
Mn,2,253.5977,73
W,2,253.5994,53
Mn,2,253.6000,20
Ar,2,253.6015,58
Gd,3,253.6100,32
Ir,2,253.6409,28
Ir,2,253.6421,34
Co,1,253.6490,37
Pt,1,253.6493,44
198Hg,1,253.6507,99
Hg,1,253.6521,100
Sr,3,253.6628,26
In,2,253.6671,64
Fe,2,253.6672,61
Rb,2,253.6758,6
Er,3,253.6760,25
Fe,2,253.6805,79
Fe,2,253.6845,56
Ho,2,253.6860,26
Lu,2,253.6950,53
Er,2,253.7020,20
Rh,2,253.7040,79
Fe,2,253.7138,65
Ir,1,253.7220,75
Hf,2,253.7330,52
Co,2,253.7450,12
I,3,253.7560,26
Kr,3,253.7570,40
Yb,2,253.7650,61
Ir,1,253.7680,37
Cr,3,253.7730,53
Mn,2,253.7919,93
Os,2,253.8000,86
Mn,2,253.8041,84
Os,1,253.8100,30
Tl,1,253.8180,12
Fe,2,253.8204,45
Cr,2,253.8248,94
Ar,3,253.8297,4
Cr,2,253.8439,46
Mo,2,253.8460,84
Fe,2,253.8500,36
Cu,3,253.8660,67
Yb,2,253.8670,92
Fe,2,253.8679,16
Cs,3,253.8703,38
Fe,2,253.8798,78
Fe,2,253.8909,71
Sn,2,253.8950,86
C,2,253.8980,62
Fe,2,253.8993,84
Cs,2,253.9126,40
Eu,3,253.9140,28
V,2,253.9194,48
Pt,1,253.9207,88
Ce,3,253.9270,59
W,2,253.9310,45
Pd,2,253.9330,20
Mo,2,253.9440,22
Zr,1,253.9650,40
W,2,253.9910,30
Ti,3,254.0057,99
Al,2,254.0179,78
Mn,2,254.0191,20
C,2,254.0390,71
Mo,1,254.0456,10
Re,1,254.0510,78
Cs,3,254.0528,15
Co,2,254.0623,85
Fe,2,254.0661,71
Fe,2,254.0676,36
Al,2,254.0706,71
Mn,2,254.0749,55
Sc,2,254.0824,20
C,2,254.0880,44
Er,3,254.0910,63
W,2,254.1050,8
Fe,2,254.1101,61
Mn,2,254.1112,85
Mn,2,254.1163,56
Br,2,254.1480,63
Ir,1,254.1480,21
Ca,3,254.1498,95
W,3,254.1637,57
Si,3,254.1820,95
Fe,2,254.1835,52
Co,2,254.1953,84
Ir,1,254.2020,75
Zr,2,254.2100,43
Zn,1,254.2320,62
V,2,254.2430,51
Ti,3,254.2444,59
Os,1,254.2510,80
Mn,2,254.2651,20
Tm,2,254.2660,36
Mo,2,254.2670,80
V,2,254.2709,7
Fe,2,254.2736,36
F,3,254.2770,9
Ti,2,254.2775,21
Na,3,254.2791,85
Mn,2,254.2923,92
Mn,2,254.2979,56
Tc,2,254.3230,81
Ru,2,254.3249,38
Er,3,254.3310,15
Ba,3,254.3339,70
Fe,2,254.3378,53
Fe,2,254.3431,45
C,2,254.3450,74
Mn,2,254.3454,93
Mo,2,254.3610,10
Dy,2,254.3810,29
Cs,2,254.3926,67
In,2,254.3953,18
Ir,1,254.3970,99
W,3,254.4023,20
Cs,2,254.4064,50
Au,1,254.4180,28
Ru,1,254.4220,50
Co,1,254.4250,66
Ba,3,254.4283,46
Mn,2,254.4304,21
Cr,3,254.4370,54
Bi,2,254.4500,51
Co,2,254.4542,14
Cd,1,254.4613,39
Ar,2,254.4684,49
Kr,3,254.4720,9
Re,1,254.4740,84
Nb,2,254.4800,74
Cu,2,254.4805,85
Tc,2,254.4810,51
Fe,2,254.4973,36
Co,2,254.5040,21
Dy,2,254.5120,22
Mn,2,254.5155,56
Cr,3,254.5170,25
Sc,2,254.5196,63
Fe,2,254.5220,37
Hf,1,254.5330,81
Hg,2,254.5334,67
Re,1,254.5480,69
Ta,2,254.5490,45
Ir,1,254.5540,32
Al,2,254.5606,89
Nb,3,254.5640,99
Rh,1,254.5700,79
I,3,254.5710,99
In,2,254.5747,69
Er,3,254.5950,35
Cs,2,254.5973,21
Ir,1,254.6030,81
Si,3,254.6090,69
Cs,3,254.6241,10
W,2,254.6279,28
Hg,2,254.6445,30
Sn,1,254.6549,85
Fe,2,254.6670,65
Ru,1,254.6670,18
Co,2,254.6738,97
Ba,3,254.6754,76
Ta,1,254.6800,70
C,2,254.6810,60
Lu,2,254.6870,23
Cl,2,254.6960,5
W,1,254.7136,58
Ir,1,254.7200,27
Hg,2,254.7217,41
Er,2,254.7280,22
C,2,254.7350,44
Cu,1,254.7480,14
Cr,2,254.7482,36
Ir,1,254.7690,28
Tc,2,254.7920,39
Se,1,254.8000,79
Ti,3,254.8010,17
Hf,2,254.8200,20
V,3,254.8210,28
Ir,2,254.8211,42
Mo,1,254.8224,68
Mn,2,254.8257,56
Eu,3,254.8300,28
Co,1,254.8340,29
Cr,2,254.8404,18
Cr,2,254.8576,18
Ti,3,254.8588,41
Fe,2,254.8589,16
Eu,3,254.8590,66
Kr,3,254.8600,23
Ti,2,254.8637,14
Fe,2,254.8744,66
Mn,2,254.8750,93
Ti,3,254.8765,32
Os,2,254.8830,4
Fe,2,254.9083,57
W,2,254.9097,62
V,2,254.9277,49
Al,2,254.9314,78
Fe,2,254.9394,66
Lu,1,254.9440,16
Fe,2,254.9461,66
Pt,1,254.9469,37
Ru,1,254.9480,50
Ru,1,254.9580,71
Lu,1,254.9720,16
Tm,1,254.9810,58
Cl,2,254.9880,20
In,2,254.9978,54
K,3,255.0020,67
Fe,2,255.0027,71
Yb,2,255.0060,3
Re,2,255.0090,53
Fe,2,255.0151,20
Al,2,255.0217,89
Mn,2,255.0326,21
W,1,255.0378,12
Yb,3,255.0390,46
Zr,1,255.0510,23
Ba,3,255.0591,70
Co,3,255.0637,11
Fe,2,255.0683,61
Zr,2,255.0740,44
Mo,1,255.0850,10
Ta,1,255.1070,86
Br,3,255.1090,42
Cs,3,255.1140,32
Ga,2,255.1260,19
W,1,255.1349,86
Nb,2,255.1380,17
Hf,2,255.1400,69
Ir,1,255.1400,47
W,2,255.1432,42
Gd,3,255.1560,49
Li,2,255.1700,94
Pd,2,255.1845,82
Mn,2,255.1851,85
Cd,2,255.1976,48
Re,1,255.2020,58
Al,2,255.2109,90
Yb,2,255.2150,64
Pt,1,255.2249,49
Dy,2,255.2290,31
W,2,255.2341,61
Sc,2,255.2350,74
Co,2,255.2391,17
Tm,3,255.2460,98
V,1,255.2655,14
Au,2,255.2670,62
Yb,2,255.2700,54
Tm,1,255.2764,92
Cd,2,255.2827,16
Hg,2,255.2835,67
Ga,2,255.2870,30
V,2,255.2962,13
Ge,2,255.3071,39
Kr,3,255.3160,52
W,2,255.3164,56
W,1,255.3168,35
Mg,1,255.3250,33
P,1,255.3262,84
Mn,2,255.3267,74
Cu,2,255.3343,20
Co,1,255.3370,27
Ag,2,255.3402,52
Cd,1,255.3465,24
Na,3,255.3540,19
Re,2,255.3590,49
Ir,2,255.3820,43
W,1,255.3824,59
V,2,255.3894,4
Gd,3,255.3900,86
V,2,255.4036,69
Gd,3,255.4040,81
V,3,255.4220,15
Kr,3,255.4250,52
Ir,1,255.4400,40
In,2,255.4436,84
Os,1,255.4460,43
C,2,255.4478,72
Eu,3,255.4500,29
Mg,1,255.4580,0
Ta,2,255.4620,69
Re,2,255.4630,76
W,2,255.4649,76
S,2,255.4701,17
Eu,2,255.4780,3
Cs,3,255.4832,33
W,2,255.4853,91
P,1,255.4915,75
Ta,1,255.5050,70
Fe,2,255.5067,17
Co,1,255.5070,28
W,2,255.5095,96
Kr,3,255.5130,65
Ga,2,255.5280,40
Yb,3,255.5290,79
Ir,1,255.5350,47
Rh,1,255.5360,85
Mo,2,255.5420,33
Cr,2,255.5440,42
Fe,2,255.5453,14
S,3,255.5472,22
C,2,255.5660,45
Sc,2,255.5789,63
Ir,1,255.5880,37
Ti,2,255.5987,63
Al,2,255.6007,57
F,2,255.6110,2
C,2,255.6120,30
Ge,1,255.6298,0
Zr,1,255.6430,23
Re,1,255.6510,88
Ti,3,255.6567,32
Mn,2,255.6573,93
Mo,2,255.6750,10
Al,2,255.6793,85
Ho,1,255.6840,53
Mn,2,255.6894,74
Br,2,255.6920,64
Hf,1,255.6924,35
Nb,2,255.6940,28
Ti,2,255.7060,5
Er,3,255.7220,52
Po,1,255.7330,28
Co,2,255.7345,33
Ir,2,255.7400,28
Ag,2,255.7488,85
Ce,3,255.7490,59
Bi,3,255.7510,11
Mn,2,255.7543,85
Mn,2,255.7594,21
W,3,255.7621,7
Al,2,255.7707,91
Hg,2,255.7724,67
Tm,3,255.7900,67
Dy,2,255.7940,33
Nb,3,255.7940,68
Zn,2,255.7946,99
Kr,3,255.8000,32
Po,1,255.8010,96
O,3,255.8060,79
Eu,3,255.8070,29
Sn,1,255.8094,43
Mn,2,255.8304,21
Mn,2,255.8605,97
Tc,2,255.8610,41
Rh,1,255.8620,14
Mn,2,255.8863,22
Mo,2,255.8880,44
Hf,1,255.9018,81
Re,1,255.9080,50
Kr,2,255.9100,13
Eu,2,255.9180,3
Hf,2,255.9190,29
Si,3,255.9210,79
Co,2,255.9405,80
Mn,2,255.9413,74
Ta,1,255.9430,97
W,2,255.9490,32
Ba,3,255.9535,99
Rb,3,255.9540,61
Al,2,255.9627,97
Mn,2,255.9679,22
Cr,2,255.9695,54
Fe,2,255.9771,5
Co,2,256.0031,94
In,1,256.0150,89
Dy,2,256.0210,22
Sc,2,256.0232,74
Ru,1,256.0260,23
Fe,2,256.0282,57
Eu,3,256.0360,29
La,2,256.0370,26
Cs,3,256.0375,71
Yb,3,256.0560,63
Cr,1,256.0692,19
Sr,3,256.0706,2
Hf,3,256.0740,88
Ru,1,256.0845,18
Ba,3,256.1141,46
Hf,1,256.1300,34
Tm,2,256.1650,74
Yb,3,256.1660,6
Zn,1,256.1740,24
Ir,2,256.1779,65
Lu,2,256.1800,17
Ne,2,256.1801,1
Rb,3,256.1863,91
W,1,256.1968,59
Ne,2,256.2062,1
Mo,2,256.2080,33
Fe,2,256.2092,45
Ta,1,256.2100,86
Ne,2,256.2123,21
V,1,256.2128,41
Kr,3,256.2130,33
Co,1,256.2150,44
Mg,1,256.2259,1
Li,1,256.2310,48
Cr,2,256.2339,55
Nb,2,256.2410,29
Mn,2,256.2483,57
Sn,3,256.2510,48
Fe,2,256.2535,95
W,3,256.2700,58
Ag,3,256.2870,20
Be,2,256.2900,8
Ir,2,256.2902,68
Ru,1,256.3150,13
W,2,256.3156,95
Os,2,256.3160,70
Cu,1,256.3167,14
Sc,2,256.3192,63
Kr,3,256.3250,88
Ir,1,256.3280,32
V,2,256.3288,14
Ar,3,256.3290,43
Na,3,256.3320,20
V,3,256.3320,18
Gd,3,256.3330,90
Ti,3,256.3436,100
Sn,3,256.3460,52
Fe,2,256.3475,87
Lu,3,256.3510,64
Hf,2,256.3610,62
Mn,2,256.3642,97
Si,1,256.3679,4
Hg,1,256.3855,81
Tm,2,256.3860,40
198Hg,1,256.3861,31
W,2,256.3904,15
Co,2,256.4034,87
Eu,2,256.4170,71
S,3,256.4171,13
Ir,1,256.4180,84
Re,1,256.4190,64
Ag,2,256.4233,68
Mo,2,256.4340,49
Hg,2,256.4385,43
Ti,2,256.4399,53
Gd,3,256.4460,81
Cr,3,256.4760,56
Ba,3,256.4835,76
V,1,256.4840,4
Cl,2,256.4840,17
S,2,256.4893,26
Sn,3,256.4930,78
Mg,1,256.4937,1
Gd,3,256.5040,17
Hf,1,256.5194,19
Mn,2,256.5219,74
Rb,2,256.5302,58
Nb,1,256.5410,34
U,2,256.5410,55
Ti,3,256.5423,99
Pd,2,256.5505,84
Yb,2,256.5570,14
Al,2,256.5694,78
Cd,1,256.5789,2
Rh,1,256.5790,33
Ne,2,256.5858,2
Ni,2,256.5920,31
Gd,3,256.5950,88
Rh,1,256.6040,28
Fe,2,256.6220,11
I,2,256.6242,60
Cr,2,256.6242,13
Dy,2,256.6250,22
Mo,2,256.6260,11
Cu,3,256.6370,52
Ar,3,256.6379,67
V,2,256.6391,21
Os,1,256.6490,70
Yb,3,256.6780,64
Ba,3,256.6864,78
Os,1,256.6880,39
Fe,2,256.6912,66
Rh,2,256.6920,11
Ag,2,256.7005,60
Tc,2,256.7010,44
Mo,1,256.7049,56
Ne,2,256.7124,43
Rb,3,256.7292,52
Co,1,256.7350,48
Ne,2,256.7382,2
Hf,1,256.7418,33
Nb,3,256.7440,23
Zr,1,256.7450,30
Hf,3,256.7460,81
Ti,3,256.7556,98
Yb,3,256.7610,96
Zr,2,256.7640,71
Ho,2,256.7730,15
Sb,2,256.7754,11
Zn,2,256.7795,21
Zn,1,256.7800,67
Te,2,256.7820,64
Hf,1,256.7950,19
Zn,2,256.7975,22
Al,1,256.7984,86
Eu,2,256.8170,58
Cs,2,256.8191,1
Fe,2,256.8410,37
Cr,2,256.8481,61
Mn,2,256.8515,22
Pt,2,256.8575,13
Re,2,256.8640,81
Si,1,256.8641,54
Cs,3,256.8712,26
Ru,1,256.8770,29
Xe,3,256.8810,19
Os,1,256.8830,60
W,2,256.8842,57
Zr,2,256.8870,96
Nb,1,256.9030,26
Gd,3,256.9270,62
W,2,256.9289,74
Cr,2,256.9376,37
Sr,1,256.9469,4
Pd,2,256.9544,68
U,2,256.9710,28
Hf,1,256.9860,32
Zn,1,256.9870,77
Ir,1,256.9880,47
Cu,1,256.9888,14
Sn,3,256.9950,67
W,3,257.0196,45
Ar,2,257.0411,10
Ba,3,257.0480,92
Kr,3,257.0480,65
Fe,2,257.0527,37
C,2,257.0570,60
Ir,1,257.0620,22
Zn,2,257.0652,3
Er,3,257.0740,64
Cu,1,257.0800,15
Br,3,257.0830,44
Ba,3,257.0833,37
Fe,2,257.0849,57
Ru,1,257.0973,9
Ti,2,257.1032,58
V,2,257.1048,55
Kr,3,257.1190,40
Lu,2,257.1230,59
Nb,2,257.1330,18
Yb,2,257.1360,24
Zr,2,257.1390,97
Cs,3,257.1411,19
W,2,257.1444,99
Mo,2,257.1450,0
O,2,257.1454,30
Ta,2,257.1510,59
Sn,1,257.1594,92
In,2,257.1603,34
W,2,257.1619,22
Hf,2,257.1670,92
Cr,1,257.1742,33
Cu,2,257.1755,71
C,2,257.1760,45
Os,1,257.1780,49
Re,2,257.1810,78
Mn,2,257.1892,22
Kr,2,257.2030,22
Cr,1,257.2147,2
W,2,257.2229,83
Mg,1,257.2248,2
Mo,1,257.2345,64
W,2,257.2348,63
W,3,257.2580,79
Pt,2,257.2612,64
Ir,1,257.2700,50
Mn,1,257.2760,85
Hf,1,257.2775,51
Ir,2,257.2900,51
Ne,2,257.2900,2
Cd,2,257.2943,90
Fe,2,257.2968,20
Cs,3,257.3047,89
Yb,2,257.3150,2
Br,3,257.3170,18
In,2,257.3200,15
Rb,2,257.3328,35
Cu,3,257.3330,54
Ta,1,257.3540,84
Gd,3,257.3570,62
Ti,2,257.3650,62
Rb,3,257.3711,70
Ge,2,257.3785,13
Ta,1,257.3790,83
Hf,2,257.3900,69
V,1,257.4019,47
Sb,1,257.4060,56
Ne,2,257.4130,2
Zn,1,257.4270,25
Co,1,257.4350,45
Fe,2,257.4366,84
Mo,2,257.4420,23
Tm,3,257.4520,82
Ir,2,257.4673,35
S,2,257.4691,16
Eu,2,257.4760,4
C,2,257.4830,92
Hg,2,257.4841,79
Co,2,257.4862,59
Hf,1,257.4896,75
Mg,1,257.4945,11
Te,2,257.4960,38
Tm,3,257.4980,67
Tc,2,257.5060,24
Al,1,257.5094,87
O,2,257.5271,52
Al,1,257.5393,31
Co,2,257.5455,56
Mn,1,257.5510,82
Ag,1,257.5630,67
Rh,1,257.5750,14
Gd,3,257.6060,75
Te,2,257.6100,23
Mn,2,257.6104,100
Gd,3,257.6150,33
W,2,257.6158,38
Tc,2,257.6280,61
Hg,1,257.6285,87
198Hg,1,257.6290,49
W,2,257.6359,39
Ar,3,257.6388,43
Ti,3,257.6470,92
Mo,2,257.6560,11
Pb,2,257.6600,40
Cs,2,257.6771,13
W,3,257.6790,93
Hf,2,257.6820,69
Fe,2,257.6864,37
Xe,2,257.6970,19
Rb,3,257.7071,71
Eu,2,257.7140,76
Si,1,257.7151,26
Pb,1,257.7260,56
Ir,1,257.7260,80
Ta,2,257.7370,79
Hg,2,257.7408,11
He,1,257.7600,78
Cr,1,257.7653,28
Ce,3,257.7670,65
Tb,2,257.7730,4
Ta,1,257.7780,79
Tc,2,257.7860,31
Fe,2,257.7922,71
Gd,3,257.8130,37
Hf,2,257.8140,67
Pr,1,257.8270,65
Ce,3,257.8300,46
Os,2,257.8320,57
Mo,2,257.8360,12
Xe,3,257.8370,55
Pt,2,257.8386,22
Rb,2,257.8544,58
Ru,1,257.8570,9
Xe,3,257.8620,19
Cr,2,257.8651,18
Ir,1,257.8710,22
Nb,1,257.8740,52
Gd,3,257.8760,50
Lu,2,257.8790,69
Tc,1,257.8791,32
Mn,2,257.8811,57
S,2,257.8820,15
Hg,1,257.8912,57
Fe,2,257.9116,21
Sn,2,257.9150,32
Cr,1,257.9155,26
Te,2,257.9240,88
W,2,257.9252,89
Cu,1,257.9290,34
Pr,1,257.9310,68
W,2,257.9381,28
Mn,2,257.9420,23
W,2,257.9483,82
Ir,2,257.9487,69
Ru,1,257.9530,9
W,2,257.9531,88
W,3,257.9570,99
Yb,3,257.9570,92
Ar,3,257.9640,94
Er,3,258.0020,49
Os,2,258.0030,54
F,3,258.0040,10
Cd,1,258.0106,41
Tl,1,258.0140,82
Ta,1,258.0160,64
Ar,3,258.0170,11
Cr,2,258.0291,26
Co,2,258.0326,98
Ti,3,258.0456,93
W,1,258.0487,75
Ge,2,258.0491,14
Ag,2,258.0574,86
Mg,1,258.0587,3
Cl,3,258.0670,46
W,2,258.0687,5
Pt,2,258.0810,95
Hf,1,258.0820,31
La,2,258.0820,7
Ir,2,258.0903,64
S,2,258.1011,36
Fe,2,258.1039,16
Os,1,258.1050,52
W,2,258.1121,19
W,2,258.1199,51
Co,2,258.1232,35
Tm,3,258.1840,6
Eu,2,258.1860,4
Os,1,258.1960,75
Lu,2,258.2130,34
Mo,1,258.2160,56
Co,2,258.2209,40
Co,2,258.2239,90
Zn,1,258.2434,89
Zn,1,258.2490,65
Hf,2,258.2540,70
La,2,258.2560,11
Fe,2,258.2583,78
I,2,258.2794,81
Kr,3,258.2830,9
C,1,258.2901,96
Mn,2,258.2972,23
Co,2,258.3167,84
Ar,3,258.3390,20
Zr,2,258.3400,7
Tm,1,258.3420,53
In,2,258.3523,45
Gd,3,258.3620,58
Rb,2,258.3637,24
Ir,2,258.3720,29
Rb,3,258.3746,21
F,3,258.3810,36
Nb,2,258.3990,75
Ta,2,258.4030,59
Ag,2,258.4092,41
S,2,258.4206,44
Mg,1,258.4216,3
Kr,3,258.4260,23
Mn,1,258.4310,84
W,1,258.4386,35
Mn,2,258.4510,23
Tb,2,258.4610,25
Cr,1,258.4657,17
Ce,3,258.4710,46
Cr,2,258.4788,31
Cd,1,258.4870,4
Ar,3,258.4877,83
Br,3,258.4990,66
Co,2,258.5171,11
S,2,258.5211,45
Dy,1,258.5300,68
Kr,3,258.5370,10
Mn,2,258.5444,23
Tm,3,258.5480,7
Mg,1,258.5558,12
Fe,2,258.5876,95
Mn,2,258.5890,24
W,2,258.5916,53
Mo,2,258.5950,5
Ir,2,258.6060,92
Hf,1,258.6118,51
Na,2,258.6308,79
Ho,1,258.6520,53
Ra,2,258.6610,64
Er,2,258.6730,48
Kr,3,258.6780,10
Re,1,258.6790,69
Al,2,258.6829,79
Rb,3,258.6833,84
Co,2,258.6850,36
Er,2,258.7040,23
S,2,258.7055,34
Ir,2,258.7060,30
Co,2,258.7073,56
Ca,3,258.7153,82
Co,2,258.7219,89
Ag,2,258.7240,38
Rh,2,258.7290,31
Sn,3,258.7380,55
Co,2,258.7524,32
Mn,2,258.7598,24
Po,1,258.7640,47
Pr,3,258.7710,24
Cr,2,258.7900,51
Fe,2,258.7949,46
Cr,1,258.8203,36
Gd,3,258.8210,76
Tm,2,258.8270,69
Mg,1,258.8285,24
Gd,3,258.8460,77
Yb,3,258.8620,64
Sn,3,258.8720,65
Mo,2,258.8780,34
La,3,258.8870,17
Co,2,258.8904,3
Mn,2,258.8972,75
Zr,2,258.9070,15
Hg,2,258.9071,12
Br,3,258.9140,87
W,2,258.9160,98
Ge,1,258.9188,62
Tm,3,258.9200,44
Au,1,258.9250,30
Cs,3,258.9278,22
Kr,3,258.9470,10
Hf,1,258.9472,16
Er,3,258.9550,10
Ru,1,258.9570,10
Zr,1,258.9650,7
Mn,2,258.9727,85
Hg,2,258.9833,13
Tc,1,258.9861,9
Ne,3,258.9997,100
Au,1,259.0040,32
Cs,2,259.0093,20
Sb,3,259.0130,53
Mn,2,259.0150,57
Ge,2,259.0221,19
Tb,2,259.0310,4
Cr,2,259.0331,46
Ca,3,259.0411,76
Xe,3,259.0420,48
Cu,2,259.0528,76
Er,3,259.0720,65
Os,1,259.0760,81
N,2,259.0940,9
Nb,2,259.0940,76
Ir,2,259.1039,61
Ho,2,259.1050,12
Ru,1,259.1120,31
Te,2,259.1120,39
Cs,3,259.1157,17
Xe,3,259.1240,3
U,2,259.1250,28
Hf,2,259.1330,30
C,2,259.1410,72
Tb,2,259.1420,4
Mn,2,259.1429,24
Ar,3,259.1498,54
Fe,2,259.1543,76
Dy,2,259.1560,22
Er,3,259.1560,40
Xe,3,259.1690,27
Mo,2,259.1770,12
Er,3,259.1830,79
C,2,259.1845,84
Cr,1,259.1847,54
In,2,259.1946,46
W,3,259.1968,45
Os,1,259.1980,21
Ru,1,259.2020,19
Cd,1,259.2026,31
Ir,1,259.2060,80
Nb,1,259.2200,65
Sn,2,259.2300,67
Kr,2,259.2480,64
Ge,1,259.2534,88
Dy,2,259.2540,18
Er,2,259.2570,26
Ti,2,259.2605,69
Tb,2,259.2640,0
Yb,3,259.2690,28
C,2,259.2710,41
Sn,2,259.2720,80
Fe,2,259.2784,67
Te,2,259.2850,39
Mn,1,259.2940,71
Ho,1,259.2990,57
V,3,259.3050,32
Ta,1,259.3080,84
F,3,259.3230,12
Mg,1,259.3231,4
Pd,2,259.3236,36
Mn,2,259.3301,70
Kr,3,259.3350,52
Hg,1,259.3410,2
I,2,259.3458,22
Ne,3,259.3555,99
Ta,2,259.3660,62
Zr,3,259.3691,95
Mo,2,259.3700,75
Ru,1,259.3700,10
Mn,2,259.3721,94
Fe,2,259.3728,53
Nb,3,259.3750,46
S,3,259.3804,14
Ge,2,259.4102,21
Hf,1,259.4131,75
Ta,2,259.4250,54
Ar,3,259.4410,4
Sn,1,259.4421,80
Br,3,259.4480,20
Rb,2,259.4563,62
Eu,3,259.4710,30
Mn,2,259.4733,24
Eu,3,259.4760,66
Ru,1,259.4850,13
Na,2,259.4958,82
Er,2,259.5030,25
V,3,259.5100,35
Ra,2,259.5150,18
Ne,1,259.5210,3
Ta,1,259.5260,90
Pt,2,259.5381,16
Mo,1,259.5400,5
Ag,2,259.5495,62
F,3,259.5530,38
S,2,259.5606,52
Ne,3,259.5650,97
Mn,1,259.5760,72
Cr,2,259.5810,0
Gd,3,259.5810,33
Ir,2,259.5829,81
Cs,2,259.5896,10
Mg,1,259.5973,13
Br,3,259.5980,68
Pt,1,259.5999,46
Os,2,259.6000,62
Cr,2,259.6023,18
La,2,259.6090,17
Yb,2,259.6160,8
Yb,2,259.6320,24
Eu,3,259.6340,30
Ta,2,259.6450,54
Tm,1,259.6489,84
Ar,3,259.6634,5
Ba,1,259.6636,76
Ag,2,259.6846,75
Cs,3,259.6857,95
Cs,2,259.6990,77
Al,2,259.6992,85
Mo,3,259.7130,59
Tc,2,259.7190,11
Yb,3,259.7230,86
Ar,3,259.7250,21
Ne,3,259.7267,27
Mo,2,259.7380,13
Tb,2,259.7710,19
Kr,2,259.7730,8
Hf,1,259.7811,14
W,2,259.7858,15
Pr,2,259.8040,7
Sb,1,259.8050,97
Sb,1,259.8090,88
Ag,2,259.8360,53
Fe,2,259.8369,95
Er,3,259.8390,40
Hg,2,259.8395,68
W,2,259.8742,66
In,2,259.8754,78
Hg,2,259.8806,12
Cu,2,259.8813,75
Nb,3,259.8860,70
Mn,2,259.8905,86
Ir,1,259.9040,80
Sr,3,259.9103,84
Yb,3,259.9140,91
Pa,2,259.9160,2
Er,3,259.9180,15
Be,2,259.9200,25
F,3,259.9280,49
Fe,2,259.9395,99
Fe,2,259.9471,3
W,2,259.9763,16
Re,1,259.9860,56
Xe,3,260.0120,69
Ta,1,260.0140,67
Dy,2,260.0160,29
Cu,2,260.0270,77
Cs,3,260.0311,82
Zn,1,260.0320,26
Ba,3,260.0361,46
W,3,260.0523,63
Ir,2,260.0740,29
Dy,2,260.0760,29
C,2,260.1050,42
V,2,260.1054,75
Tm,1,260.1092,77
C,2,260.1420,73
W,2,260.1429,19
Mn,2,260.1520,25
In,1,260.1756,85
As,2,260.2000,21
C,2,260.2020,60
Ir,1,260.2040,32
Cd,1,260.2048,26
Kr,2,260.2110,8
Ar,3,260.2120,5
Mn,1,260.2140,17
C,2,260.2390,73
Cs,3,260.2469,19
Mg,1,260.2495,13
W,2,260.2506,77
Hf,1,260.2663,78
Mn,2,260.2725,75
Mo,2,260.2800,75
Hf,1,260.2863,51
Cr,2,260.2892,7
Tb,2,260.2930,11
W,2,260.3017,88
Hg,2,260.3096,81
Pt,1,260.3137,71
Co,2,260.3138,15
C,2,260.3161,77
Cl,2,260.3310,6
Rh,2,260.3320,18
Lu,3,260.3350,99
V,2,260.3354,76
W,3,260.3413,20
Ta,2,260.3490,80
Na,2,260.3563,29
Cr,1,260.3570,32
Ce,3,260.3590,83
Cl,3,260.3590,21
Er,3,260.3620,71
Cs,3,260.3707,33
C,2,260.3720,42
Mn,2,260.3720,75
Mg,1,260.3854,34
Re,1,260.3890,57
In,2,260.4046,73
Ir,2,260.4110,40
Kr,3,260.4350,53
In,2,260.4413,35
Eu,3,260.4440,31
Ir,1,260.4550,40
Eu,1,260.4608,24
Rb,3,260.4646,13
La,3,260.4830,5
C,2,260.4863,83
Er,3,260.4910,50
Mo,2,260.5080,13
Sr,3,260.5131,20
Cs,3,260.5206,15
Fe,2,260.5310,17
Fe,2,260.5425,25
Cs,3,260.5444,84
Xe,2,260.5540,48
C,2,260.5620,42
Mn,2,260.5680,94
Co,2,260.5719,80
Te,2,260.5720,40
W,3,260.5775,58
Ho,2,260.5860,37
Co,2,260.5903,60
Mo,2,260.5930,14
Ag,2,260.5976,75
Ge,2,260.6010,32
Hf,1,260.6018,29
Tm,2,260.6020,48
P,2,260.6060,27
Br,3,260.6200,77
Ni,2,260.6260,32
W,2,260.6269,39
Hf,2,260.6370,75
Rh,2,260.6440,63
W,2,260.6465,68
Fe,2,260.6516,46
Ir,2,260.6557,46
Mg,1,260.6621,38
Rb,2,260.6932,46
Hf,2,260.7030,78
Tm,2,260.7060,82
Fe,2,260.7087,96
Pt,2,260.7100,24
Mo,1,260.7370,56
Na,2,260.7393,8
Ir,1,260.7520,40
Cr,2,260.7896,0
S,3,260.7918,8
V,2,260.7959,75
Ce,3,260.7960,47
W,3,260.8050,58
Ti,2,260.8112,55
Br,3,260.8150,46
Pm,2,260.8240,1
Ir,1,260.8250,78
Eu,3,260.8340,86
Pb,2,260.8380,1
Hf,1,260.8450,78
Re,2,260.8500,87
Zn,1,260.8558,95
Tb,2,260.8570,25
Hf,1,260.8628,52
Ta,1,260.8630,98
Zn,1,260.8644,72
Dy,2,260.8690,18
Zn,1,260.8700,15
Sn,2,260.8740,36
Mn,2,260.8814,25
Tc,1,260.8855,49
Tm,3,260.8960,68
Tl,1,260.8990,65
Ta,1,260.9000,64
Ru,1,260.9060,61
Yb,3,260.9140,40
Os,1,260.9200,22
W,2,260.9243,37
Cu,3,260.9320,69
Cs,2,260.9426,74
Zr,1,260.9430,24
Mn,2,260.9558,25
Os,1,260.9560,54
Tm,3,260.9660,45
Gd,3,260.9770,63
Tl,1,260.9770,33
Ba,3,260.9931,56
Ni,2,260.9940,34
Hf,1,260.9959,62
Tc,2,260.9990,91
Ne,3,261.0007,97
Eu,3,261.0090,86
Cs,3,261.0123,86
Mn,2,261.0200,100
La,2,261.0340,80
Ho,2,261.0510,21
Ir,2,261.0510,26
V,2,261.0570,29
Cr,2,261.0688,58
Os,1,261.0780,56
Cr,2,261.0801,61
Co,2,261.0808,1
Kr,2,261.0980,22
Fe,2,261.1073,5
P,3,261.1147,27
Sc,2,261.1194,58
V,2,261.1195,64
Mo,1,261.1201,39
Ir,1,261.1300,89
Hf,1,261.1340,52
Ta,1,261.1340,76
Ne,3,261.1409,89
V,2,261.1449,74
Re,1,261.1540,80
Sr,3,261.1667,57
Na,2,261.1812,89
Fe,2,261.1873,97
Ru,1,261.2070,84
Cs,2,261.2114,32
Sb,1,261.2310,78
Cr,2,261.2312,13
C,2,261.2450,58
Ne,3,261.2484,15
Co,2,261.2503,18
Hf,1,261.2585,62
Os,1,261.2630,59
S,2,261.2664,10
Hg,3,261.2920,1
Os,1,261.3060,87
W,1,261.3076,41
Mo,1,261.3084,62
Br,3,261.3130,89
Sr,3,261.3336,42
Mg,1,261.3357,4
Lu,2,261.3400,70
Ne,3,261.3416,97
Ar,3,261.3440,21
Co,2,261.3491,65
Hf,2,261.3600,58
Pb,1,261.3655,76
Fe,2,261.3824,90
Cr,1,261.3825,10
S,2,261.3833,10
V,2,261.3838,11
Ar,3,261.3950,21
Ho,2,261.3990,17
Pb,1,261.4175,82
Sb,3,261.4200,2
Tc,1,261.4233,82
Co,2,261.4353,63
Ag,2,261.4398,73
Cu,2,261.4413,23
Ne,3,261.4473,92
Er,3,261.4530,43
Cr,2,261.4547,64
Cs,3,261.4669,35
Mg,1,261.4726,14
In,2,261.4755,36
Ir,1,261.4980,48
Ni,2,261.5060,36
Ru,1,261.5090,10
Kr,3,261.5190,10
Yb,2,261.5260,14
V,2,261.5366,81
Mo,1,261.5390,19
Lu,2,261.5420,99
W,2,261.5443,74
Ta,1,261.5460,79
Ta,1,261.5660,77
Ce,3,261.5790,47
Ne,3,261.5850,94
Tc,1,261.5873,69
Eu,3,261.6110,93
Cr,2,261.6153,65
Br,3,261.6260,47
Eu,3,261.6260,67
Cs,3,261.6284,53
Eu,3,261.6330,31
Eu,3,261.6350,32
Au,2,261.6400,66
Nb,1,261.6480,34
Cr,3,261.6500,57
Mn,2,261.6521,25
Hf,1,261.6606,85
V,2,261.6627,77
Kr,2,261.6710,22
Re,2,261.6720,54
Pt,2,261.6747,55
Mo,1,261.6786,73
Ag,2,261.7002,54
Yb,2,261.7010,73
V,2,261.7040,66
Ir,2,261.7076,57
Fe,3,261.7148,4
Cm,2,261.7170,5
Sb,3,261.7170,50
Tm,3,261.7220,69
Ar,3,261.7260,5
Mn,2,261.7456,26
Mg,1,261.7513,24
Fe,2,261.7617,86
Sb,3,261.7630,5
Er,3,261.7640,45
Ir,1,261.7780,60
Hg,3,261.7970,13
Be,2,261.7985,50
Mg,3,261.8011,69
Be,2,261.8133,71
Mn,2,261.8148,99
Cr,1,261.8269,4
Cu,1,261.8366,97
Er,3,261.8400,10
Cr,2,261.8620,46
Sn,3,261.8680,54
Tm,3,261.8780,69
Cd,3,261.8810,63
Co,2,261.8892,40
Er,3,261.8940,11
Fe,2,261.9074,8
Cs,3,261.9231,19
Lu,2,261.9260,71
Eu,1,261.9268,6
Mo,2,261.9340,40
Gd,3,261.9400,26
Cr,2,261.9560,84
Pt,1,261.9567,57
Co,2,261.9801,68
Xe,3,261.9850,4
Ir,1,261.9880,48
Os,1,261.9940,77
Ba,3,262.0172,37
W,2,262.0196,70
C,2,262.0200,70
Kr,2,262.0440,54
Cr,2,262.0451,66
Cr,1,262.0478,18
Zr,3,262.0571,100
Hf,1,262.0590,27
Os,1,262.0620,24
Cu,2,262.0666,58
Fe,2,262.0695,18
W,2,262.0739,19
Eu,3,262.0790,32
Ca,3,262.0817,92
Co,2,262.0836,14
Mo,1,262.1063,24
Yb,3,262.1110,88
Tm,3,262.1120,83
Cs,2,262.1124,8
Zr,3,262.1239,91
Ti,2,262.1253,15
Tm,3,262.1350,55
Gd,3,262.1520,27
Fe,2,262.1669,67
Os,1,262.1820,65
Te,2,262.1920,8
Co,2,262.1925,1
Tm,1,262.1936,41
Rb,3,262.2051,35
Tm,3,262.2310,56
S,3,262.2382,1
Tm,1,262.2467,58
Rh,1,262.2580,67
Sr,3,262.2686,91
V,2,262.2713,79
Hf,2,262.2740,78
Re,1,262.2760,30
Cr,1,262.2867,65
C,2,262.2900,58
Mn,1,262.2900,55
Al,2,262.2926,41
Cr,2,262.2977,23
Pt,2,262.3019,18
W,2,262.3105,16
Ne,2,262.3107,21
Cr,2,262.3190,72
In,2,262.3282,65
Hf,1,262.3318,63
Eu,3,262.3330,67
In,2,262.3435,66
Nb,1,262.3510,34
Gd,3,262.3520,37
Dy,1,262.3690,75
Rb,2,262.3763,74
Zn,1,262.3790,11
Mn,1,262.4040,57
Er,2,262.4180,28
Tm,2,262.4330,80
Hf,1,262.4790,76
V,2,262.4842,69
Te,2,262.4860,36
Pr,3,262.4910,26
Ag,2,262.4947,1
F,3,262.5010,40
S,2,262.5056,43
Er,3,262.5190,25
Hg,1,262.5192,75
Ho,2,262.5200,13
W,1,262.5220,12
Ir,1,262.5320,53
Cr,1,262.5322,24
Pt,2,262.5327,68
Rb,2,262.5423,33
Gd,3,262.5480,38
Fe,2,262.5489,72
Ag,2,262.5516,62
Mn,2,262.5606,98
Fe,2,262.5667,91
Rh,1,262.5880,73
Cr,3,262.6080,89
P,2,262.6180,4
Er,3,262.6370,41
Ac,3,262.6440,94
Fe,2,262.6500,9
Br,3,262.6520,91
Cr,1,262.6599,37
Mn,1,262.6640,48
Hg,2,262.6646,8
Cu,1,262.6678,15
Cr,2,262.6684,49
Ir,1,262.6760,22
Eu,3,262.6980,33
Au,2,262.7020,19
Yb,3,262.7070,80
Tm,3,262.7090,7
Sc,3,262.7334,8
Cu,1,262.7365,34
Pt,1,262.7388,4
Na,2,262.7414,66
Nb,1,262.7440,34
Mo,1,262.7550,64
Al,2,262.7597,87
Kr,2,262.7750,8
Hg,2,262.7851,13
Bi,1,262.7904,83
Cr,2,262.7910,74
Cs,2,262.7934,20
Te,2,262.7970,62
Pt,1,262.8027,97
Kr,3,262.8080,40
Gd,3,262.8100,77
Pd,2,262.8241,22
Zr,3,262.8260,93
S,3,262.8261,15
Pb,1,262.8262,67
Fe,2,262.8293,89
C,2,262.8460,42
Eu,3,262.8460,67
Os,1,262.8480,54
Nb,1,262.8490,35
Ti,2,262.8657,30
Mg,1,262.8664,25
Nb,3,262.8670,24
W,3,262.8686,58
Tb,2,262.8690,30
V,2,262.8707,83
Mo,1,262.8740,32
Co,2,262.8816,44
Eu,3,262.8820,33
Ba,3,262.8827,79
Tm,3,262.8830,8
Cs,2,262.8857,60
Kr,3,262.8900,86
Cd,1,262.8979,42
W,2,262.8987,11
Gd,3,262.8990,34
S,2,262.9110,9
Br,3,262.9230,49
Sr,3,262.9286,27
Rb,3,262.9524,22
Fe,2,262.9588,57
V,2,262.9676,90
F,3,262.9700,51
Ne,2,262.9721,3
S,2,262.9751,9
Cr,1,262.9823,9
Gd,3,262.9830,89
Mo,1,262.9849,75
Ne,2,262.9886,21
Cu,1,263.0004,34
Mg,1,263.0053,44
Fe,2,263.0071,46
Ti,2,263.0084,27
Ac,2,263.0192,89
Mn,1,263.0260,12
Rh,1,263.0420,57
Cs,3,263.0510,100
Cd,3,263.0560,20
Mn,1,263.0570,32
Kr,3,263.0660,78
V,2,263.0664,55
Hf,1,263.0907,89
Zr,2,263.0910,19
Fe,2,263.1010,61
Fe,2,263.1047,94
Os,2,263.1220,1
Ti,2,263.1241,43
Si,1,263.1282,87
Ru,1,263.1300,41
Fe,2,263.1323,94
Al,2,263.1546,72
Fe,2,263.1608,67
Rb,3,263.1752,99
Sn,3,263.1810,39
Na,2,263.1812,66
Ar,3,263.1864,54
Eu,3,263.1980,33
Pm,2,263.2000,30
Mn,2,263.2006,57
Cd,1,263.2190,38
Co,2,263.2246,48
Gd,3,263.2300,82
Mn,2,263.2354,97
Ar,3,263.2400,30
Cl,3,263.2670,22
W,1,263.2695,42
P,3,263.2713,70
Ti,2,263.2807,37
Rb,2,263.2844,46
Mg,1,263.2873,53
Ir,2,263.3020,27
W,1,263.3129,78
Nb,3,263.3170,71
Cl,3,263.3180,24
Pd,3,263.3220,18
Gd,3,263.3320,63
Rb,2,263.3664,14
Al,1,263.3950,19
Ca,3,263.4139,93
Ir,1,263.4170,79
Xe,3,263.4210,56
Cs,3,263.4214,57
Cr,2,263.4240,37
Hf,1,263.4248,46
Pb,2,263.4256,15
Yb,2,263.4310,54
Hf,1,263.4425,26
Tm,3,263.4660,45
S,2,263.4727,33
Ba,2,263.4780,74
Dy,2,263.4800,62
Tc,2,263.4910,76
Co,2,263.4922,65
Cu,1,263.4933,42
Rh,1,263.4990,25
Al,2,263.5020,82
K,3,263.5110,48
Ir,1,263.5270,38
Yb,3,263.5370,41
V,2,263.5391,61
Zr,1,263.5420,35
Ti,2,263.5448,69
Eu,2,263.5500,6
U,2,263.5530,79
Hf,1,263.5570,63
Ta,2,263.5580,92
Rb,3,263.5601,30
Gd,3,263.5710,38
Ne,3,263.5723,67
Re,2,263.5830,71
Ru,1,263.5860,41
Cs,2,263.5895,49
Pd,2,263.5933,38
Al,1,263.6030,20
Cs,3,263.6052,5
Co,2,263.6067,70
Ne,2,263.6069,43
S,2,263.6247,51
Cm,2,263.6280,8
Al,1,263.6320,6
Gd,3,263.6440,50
Re,1,263.6640,76
Mo,2,263.6670,81
Ru,1,263.6670,32
Ta,1,263.6670,86
Tm,3,263.6680,29
Al,2,263.6724,91
P,2,263.6760,1
Rb,3,263.6830,92
S,3,263.6872,18
Ta,1,263.6900,95
Sn,1,263.6992,42
Hf,1,263.6997,71
Re,2,263.7010,60
Os,1,263.7130,94
Gd,3,263.7150,59
Tm,3,263.7300,30
Na,2,263.7505,18
Er,3,263.7520,18
Fe,2,263.7643,21
Al,2,263.7689,100
Er,3,263.7770,80
Hf,1,263.7853,10
Sr,3,263.7865,72
Mn,2,263.7889,26
Gd,3,263.7970,83
Gd,3,263.8060,83
Yb,3,263.8060,86
Ne,2,263.8096,3
Mn,2,263.8173,94
Al,2,263.8178,97
Al,2,263.8255,99
Ne,2,263.8288,22
Mo,1,263.8305,57
Ba,3,263.8425,77
Pm,2,263.8460,4
Ne,2,263.8558,3
Ti,2,263.8564,80
Al,2,263.8627,91
Ne,3,263.8642,86
Al,2,263.8690,99
Ne,3,263.8695,36
Pt,2,263.8708,16
Hf,2,263.8710,95
Ne,3,263.8711,94
Rh,2,263.8740,21
Mo,2,263.8760,88
Eu,2,263.8770,92
Cr,2,263.9017,19
S,2,263.9086,33
Zr,2,263.9090,39
Ne,3,263.9130,80
Xe,3,263.9150,19
Ne,3,263.9167,87
Hf,1,263.9183,63
Pt,1,263.9345,82
Cd,1,263.9420,56
Ir,1,263.9420,53
Yb,2,263.9450,39
Sc,3,263.9546,28
Br,3,263.9600,51
Ir,1,263.9710,95
Kr,3,263.9760,95
Hg,1,263.9780,57
198Hg,1,263.9790,3
Mn,2,263.9849,75
Ho,1,264.0090,54
Sn,3,264.0180,72
Cs,3,264.0263,50
Ho,2,264.0300,15
Tm,3,264.0320,8
Ru,1,264.0330,13
Al,2,264.0408,89
Yb,3,264.0480,80
Gd,3,264.0530,87
Ne,3,264.0559,93
C,2,264.0560,91
Cr,3,264.0730,91
Tm,2,264.0760,45
I,3,264.0770,83
Si,3,264.0790,74
V,2,264.0819,93
C,2,264.0894,90
Mo,1,264.0984,74
Kr,3,264.1000,24
Re,2,264.1020,24
Ne,3,264.1083,95
Eu,2,264.1270,84
Cr,2,264.1282,37
Ba,2,264.1371,41
Hf,2,264.1410,95
C,2,264.1430,95
Au,1,264.1480,81
Ir,2,264.1520,26
Ne,2,264.1528,3
Fe,2,264.1644,46
Gd,3,264.1650,51
Te,2,264.1890,65
Yb,2,264.1890,69
Ti,2,264.2027,87
Hf,1,264.2076,76
I,3,264.2110,85
Dy,1,264.2150,61
V,2,264.2206,33
Ne,3,264.2219,55
Nb,2,264.2240,46
Eu,3,264.2270,87
C,2,264.2331,75
Ne,3,264.2402,67
Yb,3,264.2560,93
Cs,3,264.2636,72
Hg,1,264.2750,2
Re,1,264.2750,54
Hf,1,264.2751,84
Sr,3,264.2959,84
Ru,1,264.2960,67
Rh,1,264.3000,49
S,3,264.3015,2
Kr,2,264.3060,35
Zr,2,264.3400,5
C,2,264.3427,75
Sn,3,264.3530,40
Sn,2,264.3560,77
Tm,3,264.3580,70
Yb,3,264.3620,65
Gd,3,264.3710,84
Ra,2,264.3730,72
Zr,3,264.3807,98
Eu,1,264.3815,2
Cu,3,264.3920,34
Ti,2,264.3963,24
Hf,1,264.3999,9
Ne,2,264.4097,22
Os,1,264.4110,87
Ge,1,264.4184,40
Ir,1,264.4190,48
Yb,2,264.4310,77
V,2,264.4332,94
Mo,2,264.4350,86
Mo,1,264.4362,32
Tc,2,264.4500,34
Gd,3,264.4520,52
Pr,3,264.4620,24
Mg,1,264.4801,14
Tm,3,264.5050,9
Eu,3,264.5220,68
V,1,264.5257,28
Hf,1,264.5262,24
Cu,1,264.5303,35
Dy,2,264.5350,24
Po,1,264.5360,31
Pt,1,264.5368,9
Fe,3,264.5390,10
Ar,3,264.5470,11
U,2,264.5470,63
Ne,1,264.5510,3
Rb,2,264.5580,75
Ne,3,264.5650,56
V,2,264.5836,31
Ti,2,264.5865,94
Gd,3,264.6040,64
Sn,3,264.6070,51
Ti,2,264.6074,67
W,1,264.6185,35
Mg,1,264.6206,26
Cs,3,264.6210,41
Ta,1,264.6220,89
Nb,2,264.6260,69
Ta,1,264.6370,92
Co,1,264.6420,28
Yb,2,264.6440,24
Tm,2,264.6450,38
Mo,2,264.6490,81
Ba,1,264.6500,0
W,1,264.6730,42
Gd,3,264.6840,65
Pt,1,264.6880,94
Os,1,264.6890,49
Tc,2,264.7010,94
W,1,264.7091,12
Ar,2,264.7246,12
Ba,2,264.7261,46
Rh,1,264.7280,58
Hf,2,264.7290,86
Ru,1,264.7320,13
Ne,1,264.7420,63
Yb,2,264.7460,25
Ta,1,264.7470,99
Al,1,264.7490,65
Cr,3,264.7500,27
Nb,1,264.7500,71
S,2,264.7642,8
W,2,264.7708,59
Os,1,264.7730,55
Zr,1,264.7780,30
Kr,3,264.8430,24
Re,2,264.8460,6
Te,2,264.8480,61
Sr,3,264.8507,85
Na,2,264.8532,43
Al,1,264.8610,46
Co,1,264.8640,35
Co,2,264.8642,78
Kr,3,264.8690,65
Yb,2,264.8800,25
Mn,2,264.8938,26
Cs,3,264.9040,26
Re,1,264.9050,54
Mg,1,264.9062,34
Tc,1,264.9207,32
Kr,2,264.9270,35
Tm,3,264.9270,30
V,2,264.9325,96
Os,1,264.9340,55
Ce,3,264.9380,48
Ti,2,264.9410,47
Mo,1,264.9458,82
Nb,1,264.9520,61
Te,2,264.9660,91
Ho,2,264.9680,13
Yb,2,264.9790,46
Cu,1,264.9840,42
Ti,2,264.9917,23
Al,2,265.0073,91
Ir,2,265.0130,24
Ne,3,265.0155,33
Tm,2,265.0270,41
Cd,2,265.0293,12
In,2,265.0296,70
Zr,2,265.0380,10
Be,1,265.0454,79
Fe,2,265.0481,38
Be,1,265.0550,73
Be,1,265.0613,80
Be,1,265.0619,88
Be,1,265.0694,74
Rb,3,265.0704,43
Yb,2,265.0730,25
Cs,3,265.0745,60
Ti,2,265.0747,48
Be,1,265.0760,84
Tm,3,265.0820,9
Pt,1,265.0853,99
Eu,3,265.0930,68
Tm,1,265.0950,33
Ce,2,265.1010,40
Ne,1,265.1010,3
Hf,2,265.1160,17
Cm,2,265.1170,11
Ge,1,265.1172,95
Ta,2,265.1220,49
Ne,2,265.1250,4
Ru,1,265.1290,14
Na,2,265.1313,51
Sr,3,265.1333,64
Kr,3,265.1440,11
Gd,3,265.1480,52
Er,3,265.1490,20
La,3,265.1500,92
V,2,265.1535,38
Ge,1,265.1568,89
Cu,1,265.1693,15
Cs,2,265.1726,42
Yb,3,265.1740,93
Ir,2,265.1766,53
Ru,1,265.1840,58
V,1,265.1894,27
Re,1,265.1900,81
Cr,2,265.1974,37
Cs,3,265.2020,69
Hg,1,265.2039,95
198Hg,1,265.2043,81
I,3,265.2250,98
Yb,3,265.2250,90
Tc,2,265.2350,69
Na,2,265.2430,9
Al,1,265.2484,87
Mn,2,265.2497,58
Sb,1,265.2600,63
Rh,1,265.2660,81
V,2,265.2713,45
Hf,1,265.2781,71
Co,2,265.2782,22
Eu,3,265.3190,34
Ta,1,265.3270,100
Ir,2,265.3310,26
Mo,2,265.3350,85
Hg,2,265.3381,74
Rb,3,265.3478,32
W,2,265.3560,84
Cr,2,265.3581,83
Eu,2,265.3610,16
Kr,3,265.3660,24
198Hg,1,265.3683,93
Hg,1,265.3690,98
Co,2,265.3713,12
Yb,2,265.3750,98
Ir,1,265.3760,38
Ar,3,265.3770,30
Cm,2,265.3800,14
Hf,1,265.3826,47
Tm,3,265.4050,10
Re,1,265.4120,71
Nb,1,265.4450,71
Ar,3,265.4549,86
Sr,3,265.4657,91
W,1,265.4659,13
Mo,1,265.5020,79
Eu,3,265.5090,34
198Hg,1,265.5130,63
Hg,1,265.5134,91
Ti,2,265.5177,42
Cr,3,265.5280,1
Ca,3,265.5382,61
Si,3,265.5510,80
Gd,3,265.5590,78
V,2,265.5647,96
Mn,2,265.5924,76
Tb,2,265.5960,19
Rb,3,265.6076,14
Nb,2,265.6080,68
Yb,2,265.6120,31
Ar,3,265.6170,6
Mn,2,265.6170,58
V,1,265.6221,29
Co,2,265.6225,30
Ru,2,265.6245,10
Tm,3,265.6300,10
Co,2,265.6362,12
F,3,265.6440,14
Zr,3,265.6488,95
W,1,265.6540,95
Ag,2,265.6540,50
Gd,3,265.6550,73
Sb,2,265.6550,13
Ta,1,265.6610,99
Rb,3,265.6677,72
Os,1,265.6680,62
Ag,2,265.6809,60
Ir,1,265.6810,22
Pr,3,265.6880,24
Cs,3,265.6887,25
Ne,3,265.6960,88
Pb,1,265.7094,30
Li,2,265.7290,23
Li,2,265.7300,39
W,1,265.7361,13
Al,1,265.7406,32
Ag,2,265.7414,61
Cr,2,265.7458,23
Nb,1,265.7620,45
Te,2,265.7700,72
Lu,2,265.7800,78
Ac,2,265.7809,91
Hf,2,265.7840,42
Nb,3,265.7990,73
W,2,265.8032,88
Mo,1,265.8110,62
Pt,1,265.8169,16
Xe,3,265.8270,20
V,2,265.8454,33
Tm,2,265.8480,43
Sn,3,265.8560,36
Cr,2,265.8588,85
Os,1,265.8600,88
Zr,1,265.8690,33
Pt,1,265.8694,31
Cl,2,265.8720,26
Cs,3,265.8720,33
Pd,2,265.8720,86
Rh,1,265.9010,19
S,3,265.9180,66
Cd,2,265.9226,41
Yb,2,265.9270,14
Al,1,265.9330,33
Eu,1,265.9398,12
Pt,1,265.9451,100
Ru,1,265.9620,65
Ir,2,265.9649,39
Na,2,265.9810,51
Os,1,265.9830,72
Yb,3,265.9980,65
Tm,2,266.0090,53
Sr,3,266.0187,49
Ar,3,266.0220,22
Kr,3,266.0280,40
Cd,1,266.0325,44
Al,1,266.0393,88
Tm,1,266.0417,46
Ag,2,266.0450,76
Mo,2,266.0580,87
Mg,2,266.0755,56
Mg,2,266.0817,57
Gd,3,266.0830,87
Rb,3,266.0871,31
Tc,1,266.0884,2
Kr,2,266.0970,13
Na,2,266.0997,89
Te,2,266.1100,91
Hf,1,266.1150,23
Ru,2,266.1171,6
Os,1,266.1180,55
Cr,2,266.1202,80
Sn,1,266.1244,79
Ir,2,266.1256,51
Ta,1,266.1340,98
Tb,2,266.1400,17
V,1,266.1422,38
V,2,266.1427,31
Tm,3,266.1510,70
Ru,2,266.1609,92
Tb,2,266.1640,0
Cr,2,266.1722,53
Hf,2,266.1880,55
Ir,1,266.1980,89
Eu,3,266.2240,35
Hf,1,266.2396,7
Mn,2,266.2538,58
Ir,1,266.2630,62
In,2,266.2636,84
Pt,2,266.2660,24
S,2,266.2793,59
Ce,3,266.2810,49
W,1,266.2835,86
Hf,1,266.2994,43
Tm,3,266.3000,83
Pb,1,266.3154,81
Ag,2,266.3176,83
V,2,266.3208,97
Cr,2,266.3284,77
Cr,2,266.3419,92
Na,2,266.3460,51
V,2,266.3511,14
Co,2,266.3531,76
Re,1,266.3630,38
Cr,2,266.3674,62
Hg,2,266.3748,74
Sr,3,266.3935,72
Kr,2,266.4000,14
Mn,2,266.4035,26
Zr,3,266.4286,98
Os,2,266.4290,17
W,1,266.4321,42
W,2,266.4336,93
Na,2,266.4358,9
Ir,2,266.4450,64
Fe,2,266.4663,83
Ru,1,266.4760,36
Tm,3,266.4760,71
Ir,1,266.4790,93
Tm,3,266.4880,71
Yb,3,266.4890,56
W,1,266.4966,59
Sn,2,266.4990,76
Yb,2,266.5040,88
Tm,3,266.5050,31
Mo,1,266.5093,11
Nb,2,266.5250,18
S,3,266.5408,45
S,2,266.5409,59
Sn,3,266.5480,49
Cl,3,266.5540,47
Cr,2,266.5548,72
Tl,1,266.5570,67
Ta,2,266.5600,39
Cr,2,266.6014,97
W,2,266.6067,16
Yb,3,266.6130,96
Co,2,266.6158,19
W,3,266.6162,21
Ho,2,266.6240,16
Cu,2,266.6291,72
Cs,2,266.6369,25
Na,2,266.6458,69
W,2,266.6486,23
Nb,2,266.6590,19
Kr,2,266.6610,0
Fe,2,266.6636,82
V,2,266.6751,27
Mn,2,266.6769,76
Eu,3,266.6860,69
Sc,3,266.6907,43
Tm,3,266.6930,84
Yb,3,266.6990,96
Mn,1,266.7000,22
Mn,2,266.7030,76
Fe,2,266.7218,3
Nb,2,266.7300,20
Ru,2,266.7389,14
Na,2,266.7395,18
Pr,3,266.7510,25
Tb,2,266.7640,19
Sc,2,266.7699,21
Zr,2,266.7800,30
Cr,2,266.7877,66
Dy,1,266.7940,61
Xe,3,266.7940,27
Ta,1,266.8070,68
Sn,3,266.8090,62
Mg,1,266.8124,44
Cd,2,266.8195,26
Tm,2,266.8200,38
Eu,3,266.8210,69
Hf,1,266.8290,86
Nb,1,266.8290,35
Eu,2,266.8340,89
In,2,266.8421,34
Tm,3,266.8590,31
Ta,1,266.8620,92
In,2,266.8658,78
Tm,3,266.8660,11
Hg,2,266.8682,13
Pt,2,266.8704,70
Cr,2,266.8709,87
Yb,2,266.8750,55
Cs,3,266.8801,6
Tb,2,266.8860,17
Ir,1,266.8990,30
Xe,3,266.9010,89
Al,2,266.9157,99
U,2,266.9170,29
Tm,3,266.9180,32
Ag,2,266.9199,47
W,2,266.9236,16
Tb,2,266.9290,32
Cr,1,266.9368,32
Sb,3,266.9390,64
Zr,2,266.9490,4
B,2,266.9498,30
Mg,1,266.9553,54
Ba,3,266.9713,37
Co,2,266.9773,18
Cs,3,266.9793,22
Ir,1,266.9910,71
C,2,266.9960,70
Na,2,267.0027,23
Cr,2,267.0067,19
S,2,267.0070,39
Er,2,267.0260,71
Sr,3,267.0372,43
W,2,267.0381,54
Na,2,267.0406,30
Hg,3,267.0490,4
Zn,1,267.0528,59
Ne,2,267.0613,4
S,2,267.0615,19
Sb,1,267.0640,79
Kr,3,267.0670,82
Zr,2,267.0960,14
Hg,2,267.0967,19
Pm,2,267.1050,6
Rh,1,267.1060,20
Cu,1,267.1204,35
Tm,3,267.1420,12
W,1,267.1472,86
Sr,3,267.1484,27
Br,3,267.1530,53
Po,1,267.1670,4
Cs,3,267.1694,48
Hf,1,267.1721,60
Cr,2,267.1807,93
Al,2,267.1811,55
Na,2,267.1826,93
Mo,2,267.1830,27
Ir,1,267.1840,72
Nb,2,267.1930,78
Yb,1,267.1960,86
Cr,1,267.1981,56
Co,2,267.1993,22
V,2,267.2000,78
In,2,267.2175,61
Er,2,267.2250,56
Mg,1,267.2460,61
Mn,2,267.2581,94
Cd,2,267.2624,49
Yb,2,267.2660,95
Kr,3,267.2790,11
Cr,2,267.2828,89
Mo,2,267.2840,89
La,2,267.2910,32
V,2,267.3209,72
Mo,2,267.3270,76
Yb,3,267.3330,41
Mn,2,267.3379,58
Eu,2,267.3420,58
In,2,267.3508,12
Nb,2,267.3570,46
W,2,267.3587,54
Ir,1,267.3610,61
Cr,1,267.3654,37
Ar,3,267.3963,76
Na,2,267.4035,52
Tb,2,267.4130,12
Pt,2,267.4312,20
Re,1,267.4340,87
Mn,2,267.4440,86
In,2,267.4565,79
Os,1,267.4570,68
Pt,1,267.4570,70
Cs,3,267.4631,15
Tb,2,267.4690,12
Mn,2,267.4756,27
In,2,267.4797,12
Os,1,267.4880,56
Hg,1,267.4908,57
198Hg,1,267.4917,4
Mn,2,267.4985,59
B,3,267.5160,27
S,2,267.5221,30
Ne,1,267.5275,63
Tm,3,267.5300,12
Er,2,267.5350,21
Ne,1,267.5640,63
Gd,3,267.5750,65
Co,2,267.5854,36
W,1,267.5867,13
Ta,2,267.5900,85
Nb,2,267.5940,47
Au,1,267.5950,99
Hf,1,267.5957,43
Sc,2,267.5958,21
Kr,3,267.6000,53
Eu,3,267.6090,90
Rh,1,267.6110,43
Mn,1,267.6330,12
Cu,1,267.6428,35
Ar,3,267.6460,30
Tm,3,267.6640,84
Ir,1,267.6830,28
Dy,2,267.6840,14
Tm,3,267.6910,72
Cl,2,267.6950,24
Cs,3,267.6984,23
W,3,267.7007,21
Te,1,267.7130,82
He,1,267.7135,1
Pt,1,267.7148,91
Cr,2,267.7158,100
Kr,2,267.7200,0
Mn,2,267.7249,27
Lu,1,267.7250,48
W,1,267.7276,59
Dy,2,267.7340,12
Yb,3,267.7390,87
Cd,1,267.7540,59
Cd,1,267.7748,28
W,2,267.7785,40
V,2,267.7796,77
Mn,2,267.7851,59
Ar,3,267.7870,22
Ne,3,267.7905,99
Ne,3,267.7972,95
Na,2,267.8085,89
Tb,2,267.8150,4
Cr,1,267.8163,71
In,2,267.8201,41
Tm,3,267.8280,13
Eu,2,267.8290,78
Ar,3,267.8354,81
Kr,3,267.8370,11
V,2,267.8564,64
Cs,3,267.8593,2
Zr,2,267.8630,96
Ne,3,267.8691,98
Sc,3,267.8725,55
Ru,2,267.8755,97
Cr,2,267.8791,93
W,1,267.8878,78
Cs,3,267.8992,54
Pt,2,267.9127,36
Mn,2,267.9166,59
Na,2,267.9252,42
V,2,267.9316,86
Gd,3,267.9440,66
Pr,3,267.9470,34
Sc,3,267.9493,9
Tm,2,267.9570,58
Kr,3,267.9620,78
W,2,267.9627,30
W,2,267.9737,12
Mo,1,267.9854,90
Mn,2,267.9947,27
W,1,268.0046,13
Ta,2,268.0060,49
P,3,268.0133,30
Rh,1,268.0280,14
Kr,3,268.0320,88
Mn,2,268.0338,86
Cr,1,268.0340,51
Ir,2,268.0390,49
Yb,2,268.0400,15
Tm,3,268.0490,13
S,3,268.0549,30
Gd,3,268.0630,60
Rh,1,268.0630,57
Sc,2,268.0653,6
Ta,2,268.0660,40
Mn,2,268.0681,76
Fe,2,268.0703,5
Kr,3,268.0720,47
Sr,3,268.0792,15
Ti,2,268.0931,45
Kr,3,268.1190,91
Tc,2,268.1190,64
Ag,2,268.1198,75
Cs,3,268.1233,35
Mn,2,268.1252,77
Mo,2,268.1360,51
W,1,268.1422,98
Y,1,268.1664,26
Mn,1,268.1720,17
Zr,2,268.1760,3
Rh,1,268.1780,20
Ba,3,268.1891,99
Cs,3,268.2020,54
Hf,1,268.2180,57
N,3,268.2180,93
Zr,3,268.2182,99
Si,2,268.2210,5
Tm,3,268.2320,97
La,3,268.2340,66
Gd,3,268.2520,67
Eu,1,268.2582,5
Tm,3,268.2640,46
Ir,2,268.2681,24
Sb,1,268.2760,64
V,2,268.2814,7
V,2,268.2865,60
Ac,3,268.2900,19
Mn,1,268.3020,22
V,1,268.3080,50
V,2,268.3080,65
Er,3,268.3100,44
In,2,268.3118,94
Eu,3,268.3210,70
W,2,268.3215,69
Mo,2,268.3230,88
Hf,1,268.3269,83
Al,2,268.3274,92
U,2,268.3280,63
W,1,268.3347,60
Hf,2,268.3350,65
Yb,2,268.3420,3
Kr,2,268.3550,29
Mn,1,268.3750,9
Mn,2,268.3833,27
Gd,3,268.3910,42
Tb,2,268.3970,12
Ir,1,268.4040,24
Ba,3,268.4053,77
Sc,2,268.4089,6
Rb,2,268.4102,84
Mo,2,268.4140,90
In,2,268.4158,42
Zn,1,268.4159,74
Mo,1,268.4160,73
Sc,2,268.4219,43
Ta,1,268.4280,92
S,3,268.4305,15
Co,2,268.4414,48
Mn,2,268.4539,77
Yb,2,268.4750,64
Fe,2,268.4753,79
La,3,268.4760,76
Lu,1,268.5080,81
Ta,2,268.5170,98
Pr,2,268.5190,0
Lu,1,268.5540,49
Ar,3,268.5583,44
Eu,2,268.5660,78
Pr,2,268.5700,11
Mn,2,268.5883,28
Eu,3,268.6130,70
Ne,3,268.6140,39
Ru,1,268.6290,41
Zr,3,268.6312,96
Hf,1,268.6360,22
Cs,3,268.6613,49
Ca,3,268.6722,76
Cr,2,268.7088,84
Tm,3,268.7140,47
Nb,1,268.7150,35
Hf,3,268.7220,64
W,1,268.7369,42
Ru,2,268.7494,12
O,3,268.7530,9
Au,2,268.7630,21
Eu,3,268.7740,71
Zr,1,268.7750,40
Ca,3,268.7764,96
Tb,2,268.7820,10
V,2,268.7952,96
Yb,2,268.7980,20
Mo,2,268.7990,86
Rb,3,268.8004,43
Cl,2,268.8040,34
Cr,1,268.8041,81
Sr,3,268.8100,15
Au,2,268.8160,22
Ag,2,268.8198,48
S,2,268.8208,4
Mn,2,268.8247,59
Cr,2,268.8294,65
Hf,1,268.8360,67
S,2,268.8413,19
Cr,2,268.8415,47
Re,1,268.8530,39
V,2,268.8709,66
V,1,268.8709,52
Au,1,268.8710,33
Al,2,268.8743,92
I,2,268.8981,12
Ho,2,268.9030,14
N,3,268.9200,13
Cr,2,268.9205,13
Cu,2,268.9299,75
Dy,2,268.9310,19
Cs,3,268.9408,22
Mn,2,268.9787,28
Os,1,268.9820,89
V,2,268.9874,63
K,3,268.9900,52
Br,2,269.0170,43
Kr,3,269.0230,78
V,2,269.0241,79
Cr,1,269.0253,60
Cr,2,269.0309,1
Zr,3,269.0526,96
V,2,269.0782,77
B,2,269.0790,19
Sr,3,269.0871,65
Mn,2,269.0978,28
Hg,2,269.1001,33
Yb,3,269.1010,87
Cr,2,269.1038,90
U,2,269.1040,18
W,1,269.1094,60
In,2,269.1132,76
W,1,269.1289,36
Ta,1,269.1310,79
Ge,1,269.1341,90
Cd,2,269.1386,0
Xe,3,269.1440,48
S,3,269.1713,46
Nb,2,269.1770,39
Tb,2,269.1900,17
Mn,2,269.1981,60
Eu,2,269.2030,87
Ru,2,269.2114,94
Ti,3,269.2158,77
Pt,2,269.2228,35
Sb,1,269.2250,46
Pt,2,269.2312,8
Ir,1,269.2340,55
Ta,1,269.2400,73
Pt,2,269.2426,35
Mn,2,269.2450,28
Kr,3,269.2510,41
Pt,2,269.2515,29
Sc,2,269.2579,6
Zr,2,269.2600,7
Fe,2,269.2602,81
Mo,2,269.2610,5
Hg,2,269.2649,9
Mn,1,269.2660,46
Ar,3,269.2751,31
Sc,1,269.2774,58
Gd,3,269.2780,53
Dy,2,269.2830,20
Gd,3,269.2860,73
Zr,1,269.2920,7
Bi,2,269.3000,19
Tb,2,269.3050,10
Mn,2,269.3192,86
Ir,2,269.3259,23
Ne,2,269.3356,4
Tb,2,269.3410,19
Eu,3,269.3510,91
Cr,2,269.3529,59
Zr,2,269.3530,25
Mn,2,269.3570,29
Mg,1,269.3723,26
Rb,2,269.3836,59
In,2,269.3883,75
Zr,2,269.4060,30
Mn,2,269.4102,29
Y,1,269.4200,53
Ir,1,269.4230,94
Fe,2,269.4249,26
Rh,1,269.4310,34
Ar,3,269.4320,6
Es,2,269.4320,21
W,2,269.4374,51
Gd,3,269.4430,42
Ta,2,269.4520,70
Co,2,269.4679,50
Eu,3,269.4800,35
Kr,3,269.4810,82
Sr,3,269.4937,27
Fe,3,269.5150,62
Mg,1,269.5181,39
Mo,2,269.5220,27
Fe,3,269.5314,51
Mn,2,269.5365,87
Y,1,269.5381,34
Yb,2,269.5430,26
Zr,2,269.5430,6
Tb,2,269.5460,10
La,2,269.5470,33
O,3,269.5490,45
W,1,269.5670,78
Tm,3,269.5690,47
Kr,2,269.5700,45
He,1,269.6119,4
Hf,1,269.6180,81
Cu,3,269.6380,36
Ni,1,269.6490,35
Xe,3,269.6510,69
Cr,1,269.6542,1
Kr,3,269.6590,87
Yb,2,269.6620,4
Bi,1,269.6748,66
Ta,1,269.6810,71
Mo,2,269.6830,6
Tb,2,269.6830,17
Fe,3,269.6905,30
Pt,2,269.6984,13
Nb,2,269.7060,92
Hg,1,269.7300,3
Kr,3,269.7300,87
Gd,3,269.7390,93
Be,2,269.7455,51
Tm,2,269.7500,42
Ba,3,269.7502,47
W,1,269.7514,14
Cr,2,269.7515,26
Pb,1,269.7541,31
Be,2,269.7585,72
W,2,269.7710,94
C,3,269.7750,6
Cr,2,269.7905,69
Kr,3,269.8070,11
Ti,2,269.8107,10
Mg,1,269.8145,45
Tm,3,269.8210,56
Ta,1,269.8300,96
Zr,3,269.8327,97
Ti,2,269.8348,55
Hg,2,269.8374,20
Cr,2,269.8407,84
Fe,3,269.8414,30
Pt,1,269.8425,83
Rb,2,269.8425,36
Ti,2,269.8445,48
Cr,2,269.8684,86
Hg,1,269.8828,90
198Hg,1,269.8831,60
Cr,2,269.8843,19
W,1,269.8844,43
Nb,2,269.8860,70
Pr,2,269.8920,16
Mn,2,269.8989,77
Sc,1,269.9016,58
Sc,3,269.9067,99
Cs,2,269.9183,70
Pa,2,269.9220,5
Hg,1,269.9376,87
198Hg,1,269.9378,51
Mo,2,269.9410,28
Tm,3,269.9490,85
Os,1,269.9590,63
W,1,269.9594,78
Zr,2,269.9600,8
Ne,3,269.9610,56
Hf,1,269.9632,77
Tm,3,269.9800,85
Eu,3,269.9870,71
W,1,270.0012,60
Fe,3,270.0045,41
Zr,2,270.0130,79
Cs,3,270.0315,85
Pr,2,270.0380,23
Ga,2,270.0493,71
Cr,1,270.0595,33
Ne,3,270.0685,27
Cs,3,270.0723,77
Eu,3,270.0780,71
Yb,2,270.0800,8
Sc,2,270.0828,32
Au,1,270.0890,60
V,2,270.0927,92
Cu,2,270.0962,77
Mn,2,270.1024,77
Mo,1,270.1026,24
Ar,3,270.1079,44
Cr,2,270.1103,23
Fe,3,270.1128,19
Eu,2,270.1140,90
Cs,2,270.1156,31
Mn,2,270.1170,87
Cs,3,270.1198,94
Kr,2,270.1340,29
Ru,1,270.1340,14
Mo,2,270.1420,85
W,2,270.1475,25
Mn,2,270.1698,97
Lu,2,270.1710,86
Mo,2,270.1870,6
Eu,2,270.1900,91
Ti,3,270.1956,86
Cr,1,270.1992,86
W,2,270.2107,95
V,2,270.2177,85
Nb,2,270.2200,70
Pr,2,270.2250,0
Pt,1,270.2399,98
Hg,2,270.2445,68
Ti,2,270.2510,45
Nb,2,270.2520,36
Cr,1,270.2531,6
Ba,1,270.2633,70
Cu,1,270.2650,15
S,3,270.2816,30
Ru,1,270.2830,14
Gd,3,270.2910,43
Tc,2,270.2960,36
W,2,270.3053,50
Cu,2,270.3184,77
Gd,3,270.3280,94
Xe,2,270.3440,8
W,2,270.3456,80
Cr,1,270.3480,58
Cr,2,270.3565,73
Tm,3,270.3630,14
Tm,3,270.3680,33
Rh,1,270.3730,82
Cr,2,270.3852,14
Ne,3,270.3958,3
Mn,2,270.3980,95
Fe,2,270.3989,80
Ge,2,270.4024,86
Ir,1,270.4030,24
Tb,2,270.4070,37
In,2,270.4484,75
Gd,3,270.4530,54
Ne,3,270.4708,21
Ca,3,270.4859,93
Ir,2,270.4930,39
Mo,2,270.4930,6
Tm,3,270.4930,14
In,2,270.5011,31
Fe,3,270.5117,26
W,1,270.5174,14
Ir,2,270.5197,62
Eu,2,270.5280,77
Hg,2,270.5319,64
Cs,3,270.5336,31
Mn,2,270.5561,60
Ac,2,270.5609,59
Hf,1,270.5612,86
Rh,2,270.5630,34
Mn,2,270.5732,95
Al,2,270.5770,57
Pt,1,270.5893,96
Cr,2,270.6021,1
Mo,1,270.6114,1
V,2,270.6156,89
Am,2,270.6350,1
Al,2,270.6435,86
Sn,1,270.6505,95
W,1,270.6579,60
Co,2,270.6606,61
Mn,2,270.6631,60
Ta,1,270.6690,86
V,2,270.6690,65
Os,1,270.6700,69
Hf,2,270.6730,21
Sc,1,270.6737,58
Cs,3,270.6807,83
U,2,270.6950,40
Cd,2,270.7003,50
B,3,270.7010,11
Tm,3,270.7030,90
Fe,2,270.7133,7
Tm,3,270.7190,48
Rh,1,270.7230,25
Co,2,270.7343,50
Pr,2,270.7370,29
Tm,3,270.7440,33
Al,2,270.7452,92
Mn,2,270.7544,87
Tm,3,270.7600,72
V,2,270.7860,29
W,1,270.7877,43
Tc,2,270.7900,71
Sc,1,270.7926,59
Yb,3,270.8040,42
Eu,3,270.8250,36
Ar,2,270.8268,58
C,2,270.8400,39
Xe,3,270.8450,48
Mn,2,270.8452,95
Ba,3,270.8550,47
W,1,270.8592,61
Es,2,270.8660,62
Ir,2,270.8672,60
B,2,270.8730,58
Tc,1,270.8785,70
Cr,2,270.8791,65
Mn,2,270.8814,60
Eu,3,270.8840,72
Yb,2,270.8840,15
W,1,270.8927,43
Ra,2,270.8960,84
B,2,270.8993,59
Dy,2,270.9010,15
Fe,2,270.9056,38
S,3,270.9076,9
Zr,3,270.9083,81
Ru,1,270.9200,32
Tl,1,270.9230,78
Ta,2,270.9270,55
Cr,2,270.9309,56
W,2,270.9573,51
Al,2,270.9593,97
Ge,1,270.9624,94
Tm,3,270.9740,86
N,2,270.9840,24
Mn,2,270.9970,78
Eu,1,270.9981,87
Ta,1,271.0130,97
Mo,2,271.0190,14
In,1,271.0265,92
Pr,3,271.0300,27
Y,3,271.0300,20
Mn,2,271.0336,95
Cl,3,271.0370,65
Mn,2,271.0392,61
Hg,2,271.0431,44
Sr,3,271.0516,9
Y,3,271.0540,19
Yb,2,271.0540,61
C,2,271.0590,39
Mn,2,271.0629,61
Tl,1,271.0670,63
Tm,3,271.0790,34
Cr,2,271.0932,38
Ag,2,271.1078,64
Sc,1,271.1338,59
Mo,2,271.1490,7
Zr,2,271.1510,47
Mn,2,271.1568,29
Te,2,271.1574,93
Mn,2,271.1630,96
V,2,271.1730,43
Rb,2,271.1763,84
Yb,2,271.1780,20
Hf,1,271.1823,57
Fe,2,271.1841,53
Sn,2,271.1860,38
Cu,2,271.1865,30
Ag,2,271.1873,87
Eu,3,271.2080,36
V,2,271.2138,34
Cr,2,271.2306,76
C,2,271.2320,28
Yb,3,271.2320,83
Mo,2,271.2350,23
Kr,2,271.2400,69
Ru,2,271.2405,84
Hf,2,271.2420,55
Zr,2,271.2420,16
Zn,1,271.2486,79
Ac,2,271.2502,87
Cd,1,271.2505,58
Ne,3,271.2520,1
Yb,2,271.2660,55
Ir,1,271.2740,33
S,2,271.3116,3
Pt,1,271.3125,57
Ba,3,271.3136,37
Bi,2,271.3300,53
S,3,271.3334,9
Tm,3,271.3380,86
Xe,3,271.3390,27
Cu,2,271.3508,75
Mo,2,271.3510,68
Ho,2,271.3650,43
Ac,2,271.3718,84
Br,2,271.3770,65
Hf,1,271.3837,67
Rb,3,271.3861,72
In,1,271.3936,87
Ir,2,271.4090,60
V,2,271.4197,27
Zr,2,271.4260,17
Rh,1,271.4410,49
Fe,2,271.4413,86
Os,1,271.4640,92
Ta,1,271.4670,100
In,2,271.4900,28
Kr,3,271.5190,47
Rh,2,271.5310,76
W,2,271.5337,60
Os,1,271.5360,69
Cu,2,271.5404,7
Sr,3,271.5464,10
Re,1,271.5470,90
W,1,271.5503,37
Cu,1,271.5543,35
V,2,271.5655,85
Zr,3,271.5807,91
Tm,3,271.5810,34
Pt,2,271.5814,59
Lu,1,271.5910,50
Cs,2,271.5959,8
Co,1,271.5990,25
Es,2,271.6020,4
Kr,2,271.6160,22
Cr,1,271.6180,54
S,2,271.6215,4
Fe,2,271.6217,76
Ti,2,271.6248,2
W,2,271.6311,66
Rb,3,271.6478,53
Fe,2,271.6564,38
Nb,2,271.6620,82
Mn,2,271.6796,78
Eu,2,271.6980,90
Ta,1,271.7180,71
Gd,3,271.7350,67
Mo,2,271.7350,78
Xe,3,271.7350,99
Cr,2,271.7508,24
Rh,1,271.7510,49
Mn,2,271.7527,78
Tm,3,271.7560,48
Pt,2,271.7620,42
Ti,2,271.7842,22
Fe,2,271.7874,22
Tm,3,271.8020,15
W,2,271.8033,80
Cr,2,271.8309,26
Yb,2,271.8350,84
Cr,2,271.8418,43
Hf,1,271.8445,40
Rh,1,271.8540,69
Hf,1,271.8593,63
Pr,3,271.8650,25
Kr,3,271.8730,12
Cu,2,271.8777,76
S,3,271.8882,34
Sb,1,271.8900,58
W,1,271.8906,92
Fe,2,271.9002,27
Mn,2,271.9012,78
Pt,1,271.9031,95
Lu,1,271.9090,65
Cu,1,271.9097,30
Cs,2,271.9136,31
Ce,3,271.9300,60
Mn,2,271.9307,61
Tm,3,271.9470,92
Ru,1,271.9520,78
Pt,2,271.9524,97
Ga,1,271.9664,33
Mn,2,271.9743,87
Al,2,271.9884,87
Mn,2,271.9895,29
Mn,2,272.0003,61
Os,1,272.0040,85
Cr,2,272.0069,53
Zr,3,272.0113,92
Rh,1,272.0140,44
Pr,2,272.0170,23
Cu,1,272.0199,30
Gd,2,272.0500,14
Rh,1,272.0520,20
Eu,3,272.0670,94
Co,2,272.0697,5
Ta,1,272.0760,87
Co,2,272.1026,5
Tm,2,272.1190,75
S,3,272.1444,28
Ca,1,272.1650,17
Lu,3,272.1650,53
Cu,2,272.1676,74
Ag,1,272.1770,68
Os,1,272.1860,77
Pr,2,272.1900,1
Nb,2,272.1980,83
Mn,2,272.2097,79
Yb,2,272.2200,15
Sr,3,272.2474,92
V,1,272.2554,9
Zr,2,272.2610,93
Ru,1,272.2650,24
Ba,3,272.2656,61
Cr,2,272.2747,75
W,2,272.2800,52
Y,1,272.2992,68
Al,2,272.3098,93
He,1,272.3191,7
Er,3,272.3290,84
V,2,272.3449,21
Cr,2,272.3643,59
Cu,1,272.3953,42
Eu,1,272.3954,59
Pr,3,272.4030,44
Cr,2,272.4047,65
W,2,272.4069,67
Sc,2,272.4140,7
Cs,2,272.4203,40
W,1,272.4352,95
Mo,1,272.4410,11
Hg,3,272.4430,91
Tm,3,272.4440,93
Mn,2,272.4465,79
V,2,272.4568,34
Es,2,272.4570,29
Ar,3,272.4788,85
C,3,272.4850,2
Fe,2,272.4884,38
S,2,272.4969,3
W,1,272.5033,14
W,1,272.5062,14
Mo,1,272.5146,36
C,3,272.5300,10
Hg,2,272.5310,13
Ru,2,272.5462,66
Zr,1,272.5470,53
In,3,272.5520,50
Eu,3,272.5540,72
La,1,272.5580,63
Cm,2,272.5680,17
C,3,272.5900,13
Mn,2,272.5932,62
In,3,272.6150,56
Ac,2,272.6232,85
Pt,2,272.6412,6
Zr,2,272.6490,84
Pr,2,272.6500,17
Cr,1,272.6514,74
Ba,3,272.6691,38
Tc,1,272.6691,70
Hf,1,272.6700,72
S,3,272.6852,47
Mo,2,272.6970,49
Dy,2,272.7170,15
Xe,3,272.7200,39
Cr,2,272.7256,70
C,2,272.7360,56
Fe,2,272.7383,47
Ta,2,272.7440,71
Fe,2,272.7539,86
Tm,3,272.7560,94
Mn,2,272.7584,62
Sn,2,272.7760,52
Eu,2,272.7780,96
Ta,1,272.7780,83
Gd,3,272.7890,92
Ne,3,272.7899,67
Tm,3,272.8130,35
Xe,3,272.8200,20
Li,2,272.8290,65
Li,2,272.8320,25
Ar,3,272.8562,44
Mn,2,272.8617,79
V,2,272.8637,79
Am,2,272.8690,2
C,2,272.8707,75
Ag,2,272.8730,33
Be,2,272.8877,73
Rh,1,272.8940,68
Lu,1,272.8950,77
Co,2,272.9058,6
Hf,1,272.9098,52
C,2,272.9213,56
Eu,2,272.9330,73
Eu,2,272.9440,85
Kr,2,272.9460,45
Hg,2,272.9481,41
Dy,2,272.9500,20
Sc,2,272.9539,32
W,2,272.9617,68
Mo,2,272.9680,62
Ac,2,272.9740,70
Ge,2,272.9770,89
Kr,3,272.9880,12
Pt,1,272.9912,76
Ce,3,273.0040,49
Cs,2,273.0074,41
Y,1,273.0087,29
I,2,273.0124,35
Mo,2,273.0200,44
S,2,273.0290,18
Kr,3,273.0410,33
Hg,2,273.0417,8
Li,2,273.0470,42
Bi,1,273.0492,48
Tc,1,273.0529,49
Li,2,273.0550,1
V,2,273.0578,7
Ge,2,273.0591,41
C,2,273.0610,40
Os,1,273.0610,69
Hf,1,273.0700,64
Fe,2,273.0734,62
Ti,2,273.0842,43
Hf,1,273.0860,72
Ba,3,273.0998,70
S,3,273.1103,59
Ir,2,273.1230,21
V,1,273.1341,23
Os,2,273.1360,20
Eu,1,273.1365,45
Tm,3,273.1380,87
Ba,3,273.1387,80
Re,2,273.1560,65
Cr,1,273.1909,74
Mg,1,273.1993,54
Ti,2,273.2052,23
Tm,3,273.2110,49
Re,1,273.2210,39
Ar,2,273.2337,28
Ar,2,273.2502,25
Eu,1,273.2598,34
Hg,2,273.2602,34
Zr,2,273.2720,66
Yb,2,273.2740,78
Os,1,273.2800,69
Tc,1,273.2872,32
Mo,2,273.2880,81
Re,2,273.3040,85
Xe,2,273.3150,35
Kr,2,273.3260,58
Nb,2,273.3260,68
O,2,273.3289,78
Mo,1,273.3387,57
Ir,2,273.3411,27
Mg,1,273.3493,62
Rb,3,273.3579,44
Pt,1,273.3686,37
Cd,1,273.3820,46
Cs,2,273.3885,45
Ho,2,273.3950,46
Pt,1,273.3957,98
U,2,273.3970,41
Sc,3,273.4048,97
Yb,2,273.4090,16
Xe,2,273.4140,49
V,2,273.4210,11
Pr,2,273.4300,17
Ru,2,273.4347,90
In,2,273.4450,28
Pt,1,273.4493,41
Y,2,273.4827,13
Cu,1,273.4858,16
Zr,2,273.4860,95
Eu,1,273.5248,65
Sc,2,273.5568,33
Ru,1,273.5720,92
Dy,1,273.5790,45
Zr,3,273.5806,97
Br,3,273.5830,54
Ba,3,273.5929,81
Hf,1,273.6024,16
V,2,273.6077,52
Tc,1,273.6231,2
Tb,2,273.6240,30
Ta,2,273.6250,56
Cr,1,273.6474,69
Mg,1,273.6542,69
Rh,1,273.6760,25
Tc,2,273.6830,54
Cm,2,273.6890,20
K,3,273.6960,2
Mo,2,273.6960,65
Fe,2,273.6966,78
Xe,3,273.6990,62
Nb,2,273.7090,20
Zn,1,273.7200,29
Sr,3,273.7204,16
Cu,2,273.7341,54
Hf,1,273.7816,64
Mo,2,273.7880,45
Tm,3,273.7980,57
Ne,3,273.7991,48
Be,1,273.8050,63
Lu,2,273.8170,30
Pt,1,273.8483,59
Er,3,273.8530,72
Ne,3,273.8540,3
Eu,1,273.8568,12
Ti,2,273.8584,51
Mo,2,273.8600,24
Hf,2,273.8760,87
Sr,3,273.8780,28
Tc,2,273.8830,14
Mn,1,273.8860,12
Ru,1,273.9220,32
Ba,1,273.9236,61
Ta,2,273.9260,36
Er,3,273.9270,86
Dy,2,273.9300,8
Er,2,273.9310,44
Cr,1,273.9386,51
Fe,2,273.9547,99
V,2,273.9707,56
Cu,2,273.9766,62
Cr,2,274.0095,1
Pt,2,274.0294,7
Ir,2,274.0322,48
Ge,1,274.0426,67
Zr,2,274.0510,10
Eu,2,274.0620,71
Dy,2,274.0700,20
Cs,3,274.0748,42
Xe,3,274.0780,75
Mn,2,274.0786,30
W,2,274.0791,74
Ne,3,274.0950,3
V,2,274.0961,56
Al,1,274.0980,46
Rb,2,274.1006,65
S,3,274.1027,23
Cr,1,274.1068,58
Li,1,274.1200,13
Mo,2,274.1320,15
Er,3,274.1410,26
Zr,2,274.1550,17
Ne,3,274.1570,48
Mo,2,274.1620,28
Yb,2,274.1710,55
Rh,1,274.1750,49
Cr,2,274.1995,1
Cr,2,274.2033,70
Kr,3,274.2050,33
Hf,1,274.2091,14
Pr,2,274.2120,7
Ti,2,274.2147,64
Cr,1,274.2173,62
V,2,274.2416,18
Y,1,274.2502,59
Kr,2,274.2560,54
Zr,2,274.2560,90
Hg,2,274.2801,4
Kr,3,274.3030,12
Th,2,274.3064,35
Mo,1,274.3065,53
Hg,2,274.3193,7
Fe,2,274.3197,96
Eu,1,274.3286,59
Pt,2,274.3294,96
K,2,274.3550,33
Ta,1,274.3590,64
Hf,1,274.3637,84
Cr,2,274.3642,80
Ce,3,274.3710,61
Mo,1,274.3712,2
Ag,2,274.3770,57
Ir,2,274.3793,23
Ar,3,274.3890,22
Ag,2,274.3898,39
Eu,3,274.3940,36
Sr,3,274.3972,31
Ir,1,274.4000,30
Tm,2,274.4080,44
Eu,2,274.4260,59
Ru,1,274.4450,24
Cr,2,274.4596,47
Tm,3,274.4740,79
Ar,2,274.4793,50
Mn,2,274.4902,0
Cr,2,274.4976,38
As,1,274.5000,8
Co,1,274.5100,25
Cu,2,274.5271,66
Cu,1,274.5452,36
Rb,2,274.5541,53
Sr,3,274.5583,0
Eu,1,274.5609,34
Ba,3,274.5783,95
Zr,2,274.5860,75
Tm,3,274.5990,57
Er,3,274.6030,65
Ne,3,274.6100,48
Cr,2,274.6219,41
Mo,2,274.6300,79
Sc,2,274.6363,44
Fe,2,274.6483,98
C,2,274.6488,96
Br,2,274.6520,44
Ti,2,274.6542,60
Hf,1,274.6606,52
Ta,1,274.6680,89
Pt,2,274.6710,55
Cu,1,274.6713,36
Na,2,274.6770,30
Nb,1,274.6910,53
Fe,2,274.6982,96
Fe,1,274.6982,5
Fe,2,274.7122,16
Ir,2,274.7281,45
C,2,274.7282,97
Eu,2,274.7290,44
V,2,274.7300,54
Mn,2,274.7320,0
O,2,274.7367,66
Yb,2,274.7580,56
Pt,1,274.7602,55
Eu,1,274.7830,65
Xe,3,274.7860,62
Ru,2,274.7970,16
Kr,3,274.7990,77
Bk,2,274.8020,1
Cm,2,274.8040,23
Yb,2,274.8040,8
Ti,2,274.8065,33
Al,1,274.8065,33
Cs,3,274.8230,65
Au,1,274.8250,96
Cr,1,274.8254,47
Cr,1,274.8331,60
Cd,2,274.8556,97
Yb,2,274.8660,90
Au,2,274.8710,24
Ta,1,274.8780,97
W,1,274.8844,43
Nb,1,274.8850,53
Ce,3,274.8900,66
Al,2,274.8925,79
Cr,2,274.8984,89
Fe,2,274.9181,87
Fe,2,274.9321,98
V,2,274.9456,72
Fe,2,274.9486,72
Th,2,274.9531,11
Na,2,274.9649,30
In,2,274.9746,97
Hg,2,274.9803,31
V,2,274.9812,4
Ta,1,274.9830,95
Cs,2,274.9833,29
Yb,3,274.9910,88
V,2,274.9936,73
Mn,2,275.0126,62
Fe,1,275.0140,19
Er,2,275.0190,52
Gd,2,275.0220,56
V,2,275.0225,61
Ho,2,275.0350,50
Kr,3,275.0360,66
Yb,2,275.0480,98
S,2,275.0549,17
Cs,3,275.0640,19
Cr,2,275.0727,91
Cr,1,275.0727,85
Cs,3,275.1138,24
Gd,3,275.1240,9
Cu,1,275.1290,16
Ti,2,275.1306,39
Cu,3,275.1330,1
Yb,2,275.1450,69
Mo,1,275.1467,65
Zn,1,275.1540,28
Ti,2,275.1568,46
Mn,2,275.1597,1
Cr,1,275.1601,8
Ti,2,275.1606,71
Ca,3,275.1798,48
Cu,1,275.1810,16
Hf,2,275.1810,73
Cr,2,275.1866,88
V,2,275.2059,65
Fe,2,275.2150,3
Th,2,275.2167,85
Eu,2,275.2170,51
Ag,2,275.2190,34
Er,3,275.2200,21
Zr,2,275.2210,76
Ru,2,275.2446,40
Tm,3,275.2460,73
Ta,2,275.2490,63
Eu,3,275.2680,37
Ti,2,275.2685,79
Ru,2,275.2761,42
Hg,1,275.2777,91
198Hg,1,275.2783,65
In,2,275.2793,59
Ir,2,275.2867,52
Cr,1,275.2874,72
Nb,1,275.3010,51
Ac,2,275.3150,71
Tm,3,275.3200,58
Fe,2,275.3287,80
V,2,275.3397,62
Rb,2,275.3578,36
Hf,3,275.3600,91
Re,2,275.3640,28
Cd,2,275.3759,20
Pt,1,275.3761,3
Ir,2,275.3848,56
Pt,1,275.3853,65
In,1,275.3878,88
Cr,2,275.3895,24
Ar,3,275.3915,93
U,2,275.4160,63
Lu,2,275.4170,83
Mn,2,275.4203,1
Cr,2,275.4279,26
Ge,1,275.4588,92
Ce,3,275.4870,66
Xe,3,275.4880,56
Fe,2,275.4888,39
Pt,1,275.4912,86
Er,2,275.5010,37
Eu,3,275.5120,73
Cr,1,275.5237,1
F,3,275.5550,41
Er,2,275.5630,80
V,2,275.5679,70
Fe,2,275.5736,99
Dy,2,275.5750,38
Yb,3,275.5940,76
Mo,3,275.6060,27
Mo,2,275.6070,57
Tm,3,275.6150,58
Er,3,275.6200,66
Ag,2,275.6273,82
Cr,2,275.6303,43
V,2,275.6369,39
Zn,1,275.6450,84
Kr,3,275.6530,53
V,2,275.6535,82
Am,2,275.6550,32
Ne,2,275.6618,4
Yb,3,275.6760,76
S,3,275.6878,67
Dy,2,275.7080,15
Cr,1,275.7097,75
Pt,2,275.7279,38
Cs,3,275.7409,39
Ti,2,275.7499,67
Cr,2,275.7722,85
Eu,3,275.7750,37
Xe,2,275.7860,44
Re,1,275.8000,39
Mn,2,275.8076,1
Ti,2,275.8257,54
Ta,1,275.8310,96
Hf,1,275.8314,47
Ac,2,275.8369,52
Mn,2,275.8440,1
V,2,275.8471,37
Nb,1,275.8610,67
Mo,2,275.8630,34
Hf,1,275.8771,78
Ti,2,275.8796,28
Zr,2,275.8810,68
Cr,2,275.8983,74
Yb,2,275.9000,16
Xe,3,275.9190,39
Cr,2,275.9223,7
Er,3,275.9230,85
Ho,2,275.9350,22
Cr,2,275.9389,70
Ge,2,275.9409,22
Tb,2,275.9470,34
V,2,275.9552,89
F,3,275.9630,86
Hg,1,275.9705,69
198Hg,1,275.9710,11
Cr,2,275.9719,51
Y,1,276.0073,78
V,2,276.0122,18
Ac,2,276.0180,81
Eu,3,276.0210,73
Mn,2,276.0310,30
Pr,2,276.0350,23
Th,2,276.0390,33
Cr,2,276.0522,47
Mo,2,276.0530,1
Ir,2,276.0586,32
Th,3,276.0665,28
V,2,276.0693,43
Xe,3,276.0720,56
V,2,276.0729,14
Yb,2,276.0780,61
Al,2,276.0844,93
Mn,2,276.0920,30
Mn,1,276.0930,22
Mn,2,276.1006,30
Rb,3,276.1097,49
V,2,276.1274,40
W,2,276.1285,6
Ti,2,276.1287,1
Yb,2,276.1370,62
Os,1,276.1420,74
Mo,1,276.1531,39
Xe,3,276.1580,69
Hf,1,276.1634,94
Ta,2,276.1680,65
Eu,3,276.1720,38
Cr,1,276.1747,69
Sn,1,276.1780,66
Fe,2,276.1813,14
Er,3,276.1920,75
Po,1,276.1920,69
Hg,2,276.1932,80
Cs,2,276.1955,25
Ti,2,276.2052,21
Mn,2,276.2088,62
Ir,2,276.2120,30
Ar,3,276.2165,90
Ba,3,276.2171,79
Tc,1,276.2337,9
W,1,276.2339,79
Al,2,276.2464,93
Cr,2,276.2589,96
Cr,1,276.2590,89
Er,3,276.2660,57
Hf,1,276.2688,69
Xe,3,276.2730,20
Ti,2,276.2765,1
Al,3,276.2815,68
U,2,276.2850,29
Ne,2,276.2921,22
Ne,3,276.3060,95
Pd,1,276.3090,72
Ir,2,276.3177,62
Pt,2,276.3217,18
Os,1,276.3270,59
Ru,1,276.3420,47
Mo,2,276.3620,71
Re,1,276.3790,37
Cu,1,276.3809,30
Cd,1,276.3893,61
Zn,2,276.3955,4
Gd,2,276.4080,60
Ca,3,276.4095,52
Pt,2,276.4171,64
Co,1,276.4190,26
Be,2,276.4200,4
V,2,276.4230,40
Cd,1,276.4230,48
W,2,276.4261,95
Ne,3,276.4261,83
Cr,1,276.4364,72
Yb,2,276.4410,32
Hg,2,276.4527,17
Ne,3,276.4609,90
Th,2,276.4636,5
Ar,2,276.4646,13
Ba,3,276.4745,81
Ti,2,276.4815,29
Nd,1,276.4980,68
Os,1,276.5040,50
Hf,1,276.5048,12
C,2,276.5120,40
I,2,276.5149,2
Mg,1,276.5222,39
Mn,2,276.5434,31
Ru,2,276.5435,18
Cr,2,276.5455,2
Yb,3,276.5500,66
Ti,2,276.5543,12
Cr,2,276.5615,8
Ne,3,276.5640,15
V,2,276.5641,95
V,2,276.5663,61
Lu,1,276.5740,84
Th,3,276.5807,24
V,2,276.5859,85
Ne,3,276.5973,81
Tm,3,276.5980,79
Cs,2,276.6096,45
C,2,276.6118,56
Xe,3,276.6180,69
Mo,1,276.6249,11
Eu,3,276.6260,38
Cu,1,276.6371,98
Re,1,276.6390,30
V,2,276.6455,49
Dy,2,276.6500,17
Cr,2,276.6537,98
Pt,1,276.6653,4
Co,2,276.6707,3
Ho,2,276.6850,22
Tc,1,276.6886,49
Ne,3,276.6947,95
Hf,1,276.6966,77
Cd,3,276.6990,72
V,2,276.7063,91
Er,3,276.7110,37
Ba,3,276.7200,77
Se,3,276.7200,22
Hg,2,276.7460,57
Fe,2,276.7512,77
Ag,2,276.7527,78
C,2,276.7673,70
Rh,1,276.7730,34
Re,1,276.7740,59
Tl,1,276.7870,90
Ba,3,276.8128,78
Nb,2,276.8130,58
Ce,3,276.8280,67
Mg,1,276.8339,49
Eu,3,276.8380,74
Mn,2,276.8456,79
Gd,2,276.8510,2
Cr,2,276.8539,8
Eu,3,276.8540,39
Kr,3,276.8540,24
V,2,276.8555,56
Cr,2,276.8587,68
V,2,276.8648,49
Er,3,276.8720,73
Zr,2,276.8730,34
Th,2,276.8842,78
Re,1,276.8850,39
V,2,276.8872,34
Cu,1,276.8878,59
Hg,2,276.8897,18
Ru,2,276.8921,49
W,1,276.8982,61
Co,2,276.9064,30
Xe,3,276.9170,27
Hg,3,276.9220,30
Cr,2,276.9249,41
Re,1,276.9320,40
Tb,2,276.9530,54
Pr,2,276.9600,17
Mn,2,276.9640,31
Te,1,276.9650,76
Cu,2,276.9669,74
Eu,3,276.9710,39
Ar,2,276.9739,26
W,1,276.9741,44
Mo,2,276.9760,74
Gd,2,276.9810,49
Pt,1,276.9833,64
Ho,2,276.9890,51
Cr,1,276.9912,77
Tm,3,276.9920,76
Sb,1,276.9950,84
Er,2,277.0020,73
U,2,277.0040,46
Gd,2,277.0170,38
Re,1,277.0420,66
Br,3,277.0500,22
Ne,2,277.0575,5
Ge,2,277.0586,56
Os,1,277.0710,79
Th,2,277.0815,57
Zn,1,277.0854,90
W,1,277.0880,87
Zn,1,277.0974,88
Hg,2,277.1266,24
Ca,3,277.1277,89
Yb,2,277.1320,69
Ba,2,277.1353,54
V,2,277.1359,93
Mn,1,277.1440,13
Rh,1,277.1510,57
Th,2,277.1511,20
Pt,1,277.1660,94
Cr,2,277.1837,58
Cr,1,277.1890,84
Cd,2,277.1923,21
V,2,277.1963,92
Er,3,277.2070,58
Ba,3,277.2140,38
Ge,2,277.2344,66
Xe,3,277.2400,76
Dy,2,277.2420,18
Ir,1,277.2460,61
Lu,3,277.2550,96
Kr,2,277.2600,23
Dy,2,277.2610,24
Tm,3,277.2640,35
Pt,1,277.2825,19
Ho,2,277.2830,22
Eu,1,277.2898,6
Hf,1,277.3021,70
Mn,2,277.3043,2
Nb,1,277.3200,69
Pt,1,277.3237,55
Hg,2,277.3274,18
Fe,3,277.3304,3
Ir,2,277.3328,22
Hf,2,277.3360,94
W,1,277.3702,44
Ti,3,277.3720,17
Rb,3,277.3748,56
Ti,2,277.3771,3
Mo,2,277.3780,66
Se,3,277.3800,2
Th,2,277.3951,19
Pt,1,277.3992,52
W,1,277.3999,87
Hf,2,277.4020,47
Zr,1,277.4040,60
V,2,277.4269,44
Mo,2,277.4390,69
V,2,277.4469,48
W,1,277.4476,95
Cs,3,277.4492,74
V,2,277.4712,27
Ti,2,277.4769,6
Pt,2,277.4784,71
Er,3,277.4800,59
Xe,2,277.4860,20
Cd,1,277.4959,49
Co,2,277.4964,1
Ir,2,277.4965,73
Be,2,277.5000,1
Th,3,277.5044,47
Al,1,277.5190,7
S,3,277.5258,31
Zr,3,277.5284,82
In,1,277.5356,70
Mo,2,277.5400,94
Er,3,277.5550,42
Ir,1,277.5550,53
Mn,2,277.5652,63
Pt,2,277.5668,4
V,2,277.5760,14
Sr,3,277.5787,20
Ta,1,277.5880,94
Pr,2,277.5940,17
Pr,2,277.6030,18
V,2,277.6183,56
Co,2,277.6199,56
Mn,1,277.6230,13
Yb,2,277.6280,84
Cs,3,277.6443,87
W,2,277.6499,52
Mn,2,277.6523,31
Pd,2,277.6660,88
Mg,1,277.6690,81
Ba,3,277.6719,56
Os,1,277.6910,41
Xe,3,277.6960,76
Ho,2,277.7100,28
Rb,2,277.7253,6
V,2,277.7287,27
Tc,2,277.7310,16
Tm,3,277.7430,15
Ne,3,277.7629,99
Al,1,277.7630,20
V,2,277.7739,48
Mo,1,277.7740,20
Mn,2,277.7776,2
Mo,2,277.7860,35
K,2,277.7890,5
Xe,3,277.7940,56
Ir,2,277.8006,54
V,2,277.8028,57
Rh,1,277.8060,34
Cr,2,277.8068,38
Th,3,277.8170,16
Mg,1,277.8270,81
Ti,2,277.8344,37
Ru,2,277.8389,53
Sn,2,277.8400,29
Hg,2,277.8511,44
V,2,277.8539,68
W,2,277.8682,17
Gd,1,277.8760,21
Pr,2,277.8800,7
Tc,1,277.8908,3
Er,2,277.8970,38
Mn,2,277.8996,31
Kr,2,277.9110,35
Gd,2,277.9140,4
Cs,3,277.9178,39
Hf,1,277.9370,91
Rh,1,277.9540,50
Tm,2,277.9550,56
Dy,2,277.9580,8
Xe,3,277.9640,40
Sn,1,277.9811,82
Mg,1,277.9831,86
Ne,3,277.9903,93
Ga,2,277.9974,64
Mn,1,278.0000,14
Mo,2,278.0040,90
Y,3,278.0110,6
V,2,278.0141,44
As,1,278.0220,73
Nb,2,278.0240,61
W,1,278.0285,15
Cr,2,278.0294,64
Cr,2,278.0321,43
Ti,2,278.0382,49
Bi,1,278.0476,68
Eu,3,278.0480,74
Er,3,278.0600,12
Au,1,278.0820,61
Cr,2,278.0892,8
Tm,3,278.1120,59
Lu,3,278.1160,15
Mg,1,278.1288,55
Ir,1,278.1290,72
Zn,1,278.1300,52
V,2,278.1399,62
Gd,2,278.1400,58
Pu,2,278.1400,0
Mg,1,278.1416,82
V,2,278.1492,32
V,2,278.1524,8
Ac,2,278.1560,73
Eu,2,278.1890,86
Hg,2,278.1902,72
Tc,1,278.2052,70
Ti,2,278.2136,33
Mn,2,278.2145,32
Sc,2,278.2306,80
Nb,1,278.2360,35
Os,1,278.2550,75
Cu,1,278.2592,36
V,2,278.2611,40
Sc,2,278.2669,7
Xe,3,278.2690,28
Zn,2,278.2810,6
V,2,278.2882,73
Mg,1,278.2972,83
Ne,3,278.2992,93
Rh,1,278.3030,63
Th,2,278.3049,6
Er,3,278.3110,67
Pr,2,278.3310,18
Xe,3,278.3330,79
Cu,1,278.3551,36
Re,1,278.3570,76
Ar,3,278.3603,77
Ir,2,278.3661,43
V,2,278.3678,67
Hf,1,278.3698,68
Rb,3,278.3786,65
Os,2,278.3880,22
V,2,278.3889,85
Cs,3,278.4165,52
V,2,278.4186,52
Mn,2,278.4208,63
Th,3,278.4341,48
Ne,3,278.4410,21
U,2,278.4450,50
Pu,2,278.4480,1
Tb,2,278.4490,30
Hg,2,278.4597,60
Yb,2,278.4660,73
Cs,2,278.4661,6
Cm,2,278.4830,27
Mo,2,278.4990,83
Sn,1,278.5026,72
Mn,2,278.5043,32
Tm,2,278.5070,63
Y,2,278.5158,19
Ir,1,278.5220,61
Ar,3,278.5230,45
Mn,2,278.5230,32
Ne,3,278.5274,98
Ba,1,278.5278,74
Br,3,278.5280,23
S,3,278.5470,60
Y,2,278.5562,3
Tc,1,278.5586,50
Cr,2,278.5693,73
V,2,278.5765,54
Nd,1,278.5790,65
Ti,2,278.5817,61
Sb,3,278.5870,40
V,2,278.5884,30
Sr,3,278.6003,97
Ne,3,278.6125,90
Ag,2,278.6310,42
Os,1,278.6310,73
Cr,2,278.6468,24
Cu,1,278.6496,16
Ne,3,278.6839,90
Th,2,278.6912,15
V,2,278.6954,82
Cs,3,278.7056,73
Es,2,278.7100,54
Cr,2,278.7123,2
Cr,2,278.7617,67
Gd,1,278.7680,29
Ta,1,278.7690,83
Ne,3,278.7692,96
Pm,2,278.7720,2
Pd,2,278.7753,70
Ru,2,278.7820,58
Ti,2,278.7825,70
Mo,1,278.7830,36
V,2,278.7901,87
Cr,2,278.7914,27
Sn,1,278.7920,52
Yb,2,278.7960,9
F,3,278.8150,15
Yb,3,278.8240,81
Cs,3,278.8258,75
Hg,2,278.8361,75
Lu,3,278.8370,9
Pt,2,278.8618,42
Ac,2,278.8640,57
Pt,2,278.8732,53
Ne,3,278.8860,21
Cs,3,278.8866,44
Pr,2,278.9050,1
Sc,2,278.9151,83
Mn,1,278.9200,26
Tc,1,278.9246,50
Pt,2,278.9262,48
Cr,2,278.9292,42
Cr,2,278.9348,31
Hf,2,278.9500,18
Hf,2,278.9730,34
Cs,2,278.9776,62
Mn,2,278.9982,32
Zr,1,279.0140,63
Sb,3,279.0270,67
Mn,1,279.0360,32
Hg,2,279.0428,32
Ti,2,279.0436,49
Ba,3,279.0647,47
Mg,2,279.0776,68
Mn,1,279.1080,33
Rh,1,279.1160,15
Y,1,279.1194,18
Re,1,279.1290,40
Ba,3,279.1309,81
Cr,2,279.1373,38
Dy,2,279.1440,15
Y,3,279.1440,16
La,2,279.1510,32
Mo,2,279.1540,15
V,2,279.1558,15
Ca,3,279.1590,92
Ag,2,279.1748,38
Cu,2,279.1794,57
Gd,2,279.1960,54
W,1,279.1961,44
Ne,2,279.2016,44
Zr,1,279.2040,49
Cs,3,279.2107,47
Cr,2,279.2155,75
Ba,3,279.2178,56
V,2,279.2399,53
Eu,3,279.2510,74
Pr,2,279.2510,3
Er,3,279.2540,87
W,1,279.2696,15
Ne,3,279.2750,21
Rb,2,279.2920,14
Nb,2,279.3050,21
Pt,1,279.3265,57
Yb,2,279.3280,39
Cs,2,279.3312,58
Ne,3,279.3630,22
Pt,2,279.3701,49
Ir,2,279.3805,58
Ge,1,279.3925,69
U,2,279.3940,89
Os,1,279.3990,24
Os,1,279.4190,24
Pt,2,279.4207,93
Ne,2,279.4219,22
V,2,279.4253,58
Cr,2,279.4357,2
Ho,2,279.4410,28
Yb,2,279.4440,21
Cs,3,279.4465,39
Tm,2,279.4600,79
Sc,2,279.4644,44
Gd,2,279.4660,17
V,2,279.4772,34
Mn,1,279.4820,98
Xe,3,279.4840,62
Ar,3,279.4976,68
V,2,279.4988,24
B,3,279.5010,46
Ne,3,279.5040,34
Yb,2,279.5070,16
Mn,2,279.5163,33
Ra,2,279.5210,74
Yb,2,279.5290,9
Ti,2,279.5317,50
Mg,2,279.5528,94
Yb,3,279.5600,89
V,2,279.5701,69
Tc,2,279.5780,79
Kr,2,279.5810,70
Hg,2,279.6085,51
Es,2,279.6110,38
Mn,2,279.6117,2
Ta,1,279.6340,93
Ca,3,279.6346,64
B,2,279.6550,70
Rb,2,279.6590,15
Lu,2,279.6630,79
Rh,1,279.6630,50
Ar,3,279.6637,80
Os,1,279.6730,66
Zr,2,279.6900,26
Gd,2,279.6930,78
Xe,3,279.7120,49
Ca,3,279.7203,56
Tm,2,279.7270,81
Ir,1,279.7350,74
Hg,2,279.7356,74
S,3,279.7365,16
Ac,2,279.7590,87
C,2,279.7700,36
Ir,1,279.7700,88
Ta,2,279.7760,81
V,2,279.7789,4
Yb,2,279.7800,32
Xe,3,279.7870,20
Mo,1,279.7931,16
Mg,2,279.7998,76
Ac,2,279.8050,55
Ir,1,279.8180,64
Pt,2,279.8188,2
Yb,2,279.8210,74
Mn,1,279.8270,97
Cr,2,279.8461,43
La,2,279.8560,32
Bi,1,279.8649,26
Ni,1,279.8650,57
Zr,3,279.8680,68
Ti,3,279.8720,33
Hg,2,279.8724,57
V,2,279.8754,15
In,2,279.8780,70
Ne,3,279.8839,83
Rb,3,279.8863,94
Ne,3,279.8887,81
Ti,3,279.8910,59
W,2,279.9031,45
C,2,279.9150,36
Zr,2,279.9150,11
Na,2,279.9211,9
N,2,279.9220,10
V,2,279.9278,48
Yb,2,279.9380,40
Ca,3,279.9386,59
V,2,279.9446,21
Ag,2,279.9476,72
Cu,2,279.9528,48
Cu,2,279.9681,7
Pt,2,279.9773,49
Mn,1,279.9840,69
Hg,1,279.9950,3
V,2,279.9983,46
Ho,2,279.9990,18
Yb,2,280.0000,46
Yb,2,280.0060,32
Y,2,280.0099,20
Ne,3,280.0131,90
Xe,3,280.0200,80
Po,1,280.0260,50
Rb,3,280.0270,80
Dy,2,280.0330,28
K,3,280.0400,20
Pd,2,280.0457,3
Ti,2,280.0468,85
Tb,2,280.0510,37
Ir,2,280.0525,47
Dy,2,280.0530,25
Ir,2,280.0630,55
Pd,2,280.0756,1
Cr,2,280.0765,79
Ir,1,280.0820,67
Zn,1,280.0863,93
Lu,3,280.0900,77
V,2,280.0905,86
Au,1,280.0930,33
Zn,1,280.1050,80
Mn,1,280.1060,97
Zn,1,280.1173,41
Al,2,280.1178,94
C,2,280.1210,83
Sc,2,280.1306,68
Dy,2,280.1410,25
Hf,1,280.1426,7
C,2,280.1430,70
Mo,1,280.1468,47
Ag,2,280.1930,27
Zn,2,280.1965,54
Pb,1,280.1995,93
Au,2,280.2040,99
Pr,2,280.2050,18
Ta,1,280.2070,81
S,2,280.2210,11
Ne,3,280.2236,87
C,2,280.2390,24
Hf,1,280.2479,57
Er,2,280.2530,38
Cu,1,280.2556,17
U,2,280.2560,90
Mg,2,280.2704,91
Tb,2,280.2750,50
V,2,280.2792,30
Ru,1,280.2810,27
Tc,1,280.2810,70
Eu,2,280.2840,93
C,2,280.2950,24
Tc,1,280.3018,3
Kr,2,280.3200,36
Pt,1,280.3236,80
Y,3,280.3270,11
Re,2,280.3280,33
Yb,3,280.3320,84
Bi,2,280.3420,40
Yb,3,280.3430,94
C,2,280.3450,25
V,2,280.3462,46
Hg,1,280.3466,89
198Hg,1,280.3470,57
Cu,1,280.3686,17
Bi,2,280.3700,16
Cr,2,280.3918,66
Os,1,280.4070,46
Er,3,280.4100,36
Mn,1,280.4100,40
Br,3,280.4160,25
Ne,3,280.4220,15
Er,2,280.4350,52
Hg,1,280.4434,81
198Hg,1,280.4438,33
B,3,280.4780,73
Ti,2,280.4783,54
Ti,2,280.4820,69
Pt,2,280.5083,58
V,2,280.5182,45
Bi,2,280.5300,20
In,2,280.5337,70
Hg,1,280.5344,30
198Hg,1,280.5347,1
Mn,2,280.5364,33
V,2,280.5502,28
Al,2,280.5518,79
Cd,3,280.5590,80
Ge,2,280.5666,42
Er,3,280.5870,74
W,2,280.5932,56
Kr,3,280.6070,82
Pu,2,280.6110,2
Mn,1,280.6140,33
Ar,2,280.6167,37
Ta,1,280.6300,85
Hg,2,280.6355,91
Ta,1,280.6580,89
V,2,280.6701,60
Ho,2,280.6720,18
Ru,2,280.6737,19
Ac,2,280.6759,86
198Hg,1,280.6765,2
Tm,3,280.6770,90
Hg,1,280.6773,30
Os,1,280.6910,91
Y,3,280.7000,22
Ar,3,280.7020,31
U,2,280.7050,81
Rb,2,280.7161,59
Ne,3,280.7210,28
Xe,3,280.7220,49
Yb,3,280.7220,7
Pd,2,280.7377,24
Br,2,280.7550,3
Rb,3,280.7581,94
Mo,3,280.7740,77
Na,2,280.7750,18
Mo,2,280.7760,84
Th,2,280.7827,11
Sc,2,280.7871,21
Hf,2,280.8000,58
Mn,1,280.8020,27
Pm,2,280.8050,1
Eu,3,280.8090,40
Ti,2,280.8243,35
Tc,1,280.8356,50
Gd,2,280.8380,11
La,2,280.8390,82
Er,3,280.8440,22
Pt,1,280.8503,4
Yb,3,280.8510,52
I,2,280.8594,13
Na,2,280.8706,84
Os,1,280.8940,60
U,2,280.8980,56
K,2,280.8990,18
Xe,3,280.9060,28
Mn,1,280.9110,51
Mn,2,280.9192,33
Tb,2,280.9300,50
Hg,2,280.9417,68
Ne,2,280.9484,63
V,2,280.9512,24
Na,2,280.9520,90
V,2,280.9550,67
Bi,1,280.9615,55
Tc,2,280.9650,46
Gd,2,280.9720,72
V,2,280.9755,35
Mg,1,280.9761,27
Cs,3,280.9930,50
Ho,2,280.9990,31
Cr,2,280.9996,75
Ru,1,281.0030,59
V,2,281.0150,22
Ti,2,281.0229,74
Mn,2,281.0247,2
V,2,281.0263,52
Ti,2,281.0299,18
Ru,1,281.0550,91
Ge,2,281.0568,3
Na,2,281.0640,30
Yb,2,281.0720,4
Cu,2,281.0804,20
Cs,3,281.0872,84
Zr,2,281.0910,30
Gd,2,281.0930,27
Mg,1,281.1112,15
Mn,2,281.1283,3
Th,3,281.1327,29
Ho,2,281.1360,44
Na,2,281.1430,9
Ir,2,281.1440,21
F,3,281.1450,88
Tc,2,281.1610,84
Xe,3,281.1610,4
Cm,2,281.1620,30
Kr,3,281.1670,87
Eu,2,281.1750,75
Co,3,281.1779,48
Mg,1,281.1781,5
Na,2,281.1840,43
Cr,2,281.1999,78
Ho,2,281.2000,36
Ir,2,281.2095,48
Am,2,281.2100,4
Rb,2,281.2146,78
Mn,2,281.2264,33
Hf,1,281.2326,44
Sn,1,281.2557,50
Mo,2,281.2580,3
Mn,2,281.2588,34
Tb,2,281.2640,37
V,2,281.2661,54
Mn,1,281.2840,33
Am,2,281.2920,34
Cu,3,281.2940,17
Pt,1,281.2979,46
Pt,2,281.2979,64
Eu,2,281.3080,6
Fe,3,281.3240,8
Pt,2,281.3375,58
Mn,1,281.3470,41
Ba,3,281.3556,82
Sn,1,281.3582,80
Y,1,281.3657,35
Ra,2,281.3760,89
Os,1,281.3840,56
Hf,2,281.3860,59
Ca,3,281.3877,95
Na,2,281.3900,61
Eu,2,281.3940,95
Kr,3,281.3970,78
Gd,2,281.4010,4
Pt,2,281.4014,40
Ge,2,281.4100,23
Os,1,281.4200,76
Xe,3,281.4460,57
Hf,2,281.4480,45
Kr,3,281.4480,79
Yb,2,281.4530,62
Mo,2,281.4670,2
Re,1,281.4680,40
Ho,2,281.4740,37
Zr,1,281.4900,88
Hg,2,281.4913,54
Mn,2,281.5025,80
Am,2,281.5280,62
Ag,2,281.5331,69
V,2,281.5366,25
S,2,281.5370,29
Ca,3,281.5391,57
Co,1,281.5560,24
Pu,2,281.5770,3
Os,1,281.5780,41
Pt,2,281.5810,28
Hf,1,281.5815,58
Xe,3,281.5920,76
Ba,3,281.5942,89
Am,2,281.5980,5
Mo,2,281.6150,94
Eu,2,281.6180,88
Al,2,281.6185,100
Yb,2,281.6320,26
Mn,2,281.6329,80
Dy,2,281.6390,47
Kr,2,281.6460,65
Rb,3,281.6790,50
Cr,2,281.6840,19
Kr,2,281.6870,46
Cr,2,281.6884,8
Pt,2,281.6902,96
Yb,3,281.6920,89
Cs,2,281.6924,78
Cr,2,281.6959,81
Y,3,281.7040,98
Cs,3,281.7091,79
Ta,2,281.7100,48
Si,3,281.7110,61
Mn,2,281.7320,3
Xe,3,281.7360,4
Mo,2,281.7440,72
Rb,2,281.7490,36
S,2,281.7577,59
Eu,3,281.7580,40
Hf,1,281.7685,80
Hg,2,281.7803,61
Ti,2,281.7814,80
U,2,281.7960,81
Mn,1,281.7970,46
W,1,281.8060,93
He,1,281.8200,46
Ar,3,281.8226,68
Pt,1,281.8245,87
Na,2,281.8288,70
S,3,281.8296,32
Cr,2,281.8354,73
Ru,1,281.8360,60
V,2,281.8461,59
Tm,2,281.8470,53
I,3,281.8480,28
Ca,3,281.8540,57
Yb,3,281.8720,94
Zr,2,281.8740,61
Mn,1,281.8770,17
Ne,3,281.8823,91
Y,1,281.8850,24
Hf,1,281.8942,64
In,2,281.8991,81
Ti,3,281.8992,59
C,2,281.9130,37
Ba,3,281.9478,57
Sc,2,281.9491,68
In,2,281.9527,60
Hf,1,281.9746,80
Re,2,281.9780,19
Au,2,281.9790,91
Ti,2,281.9865,7
Re,1,281.9950,87
C,2,282.0000,37
Pm,2,282.0100,6
Er,2,282.0190,66
Hf,2,282.0220,97
Cs,2,282.0270,4
Ne,3,282.0392,87
Ca,3,282.0573,60
Al,2,282.0646,76
C,2,282.0700,37
Eu,2,282.0780,94
Ne,3,282.0920,22
Kr,3,282.0950,25
Tm,3,282.1120,49
U,2,282.1120,90
Yb,2,282.1150,81
Lu,2,282.1230,18
Ti,2,282.1252,1
Ni,1,282.1290,67
Tc,2,282.1350,74
Sr,3,282.1420,97
Mn,1,282.1450,27
C,2,282.1540,37
V,2,282.1565,11
Ne,3,282.1617,87
Cr,2,282.2011,69
Mo,2,282.2030,24
Ru,1,282.2030,14
S,3,282.2061,35
Pt,2,282.2088,41
V,2,282.2104,55
Sc,2,282.2121,68
V,2,282.2341,15
Cr,2,282.2368,92
V,2,282.2446,39
Pt,2,282.2493,60
Au,2,282.2550,74
Mn,1,282.2550,27
Y,1,282.2566,45
Pb,1,282.2582,57
Kr,3,282.2630,41
Hf,2,282.2680,80
Pa,2,282.2790,8
Pt,2,282.2794,30
V,2,282.2800,30
C,2,282.2812,55
Ne,3,282.2895,98
Pt,2,282.3051,80
Cs,3,282.3063,56
Ne,3,282.3110,56
Au,2,282.3130,42
Ir,1,282.3180,78
Cd,2,282.3189,33
Pb,1,282.3189,87
Ne,3,282.3380,7
Ir,2,282.3590,19
N,2,282.3640,11
Po,1,282.4110,15
Ca,3,282.4116,54
Cs,3,282.4153,72
Cm,2,282.4200,33
Ho,2,282.4200,56
Cu,1,282.4370,86
U,2,282.4370,46
Ag,1,282.4390,83
Ir,1,282.4450,85
Ne,3,282.4461,96
Ge,2,282.4508,43
Th,3,282.4642,65
Ar,3,282.4646,77
Ne,3,282.4749,83
Er,3,282.4750,53
V,2,282.4959,51
Yb,2,282.4970,74
Ne,3,282.5000,56
Ne,3,282.5307,91
Ne,3,282.5347,88
Y,2,282.5362,13
Dy,2,282.5420,29
Au,2,282.5440,76
Sn,2,282.5510,41
Zr,2,282.5560,68
Ne,3,282.5590,75
V,2,282.5795,91
Ne,3,282.5844,96
S,3,282.5933,74
Ne,3,282.5990,7
Xe,3,282.5990,62
Yb,3,282.6010,17
Cr,2,282.6028,9
Tl,1,282.6160,76
Ac,2,282.6270,53
Y,2,282.6316,23
Rh,1,282.6430,67
Mo,1,282.6540,53
Hg,2,282.6572,20
Sc,2,282.6639,74
Ho,2,282.6640,29
Rh,1,282.6680,69
Th,2,282.6855,21
Hg,2,282.6911,41
Tm,2,282.7020,53
Nb,2,282.7080,45
Ti,2,282.7114,23
Rh,1,282.7310,20
Xe,3,282.7460,80
Pt,2,282.7538,41
Bk,2,282.7570,3
Mo,2,282.7740,45
Sc,2,282.7758,21
Ru,1,282.7870,37
Tm,2,282.7920,76
Ne,3,282.7950,67
Ca,3,282.8001,55
Tc,1,282.8042,10
Ti,2,282.8058,86
Th,1,282.8502,5
Ne,3,282.8620,15
Ti,2,282.8645,33
Eu,2,282.8720,85
Be,2,282.8800,2
Ti,2,282.8814,30
Hg,2,282.8841,24
U,2,282.8900,84
Ag,2,282.9000,36
Ge,1,282.9008,71
Cs,2,282.9039,58
Ru,1,282.9160,65
Os,1,282.9270,56
Eu,2,282.9300,60
Kr,3,282.9410,41
Cs,3,282.9450,27
Hg,2,282.9495,48
Na,2,282.9868,83
Ba,3,282.9886,61
W,2,283.0055,23
Pt,1,283.0293,98
Er,3,283.0340,75
As,2,283.0359,1
Cr,2,283.0466,89
Hf,1,283.0511,0
Cr,2,283.0616,31
S,3,283.0618,33
V,2,283.0658,47
Mn,2,283.0720,3
Mn,1,283.0790,43
Ne,3,283.0790,22
Ce,2,283.0900,21
Yb,2,283.0990,87
As,2,283.1164,3
Tc,2,283.1180,56
Am,2,283.1240,7
W,1,283.1379,93
Mo,2,283.1440,16
Si,3,283.1490,29
In,2,283.1539,57
Tm,2,283.1550,44
Ac,2,283.1560,60
Fe,2,283.1561,47
V,2,283.1565,70
Ba,3,283.1610,82
Ho,2,283.1690,51
Sc,3,283.1754,58
Ge,2,283.1843,95
Ba,3,283.1943,82
Er,3,283.1950,1
U,2,283.2060,91
Mo,2,283.2070,7
Ti,2,283.2175,48
Yb,2,283.2200,9
Am,2,283.2260,90
Th,2,283.2315,93
Cr,2,283.2454,51
Ne,3,283.2630,9
Zr,3,283.2829,71
Kr,2,283.3000,73
Au,2,283.3030,44
Er,3,283.3030,27
Ne,3,283.3050,57
Pb,1,283.3053,95
Xe,3,283.3120,4
Ir,2,283.3247,90
Eu,2,283.3260,65
Hf,1,283.3285,89
Sc,2,283.3316,33
Ac,2,283.3472,76
Ne,3,283.3550,22
Cm,2,283.3580,36
W,1,283.3630,71
Gd,2,283.3750,46
Gd,3,283.3830,68
Er,2,283.3910,44
Zr,2,283.3910,11
Am,2,283.3950,8
F,3,283.3990,52
Ru,1,283.4000,24
Ti,2,283.4011,24
Re,1,283.4080,59
Cd,2,283.4081,22
Rh,1,283.4120,50
Hf,1,283.4130,64
Cr,2,283.4231,39
Ge,2,283.4279,57
Cr,2,283.4293,55
Lu,2,283.4350,51
Mo,2,283.4390,46
Pt,1,283.4711,78
Yb,2,283.4970,26
Ho,2,283.4990,43
Tm,1,283.5098,39
V,2,283.5314,63
Mo,2,283.5330,46
Kr,2,283.5350,14
Sr,3,283.5403,32
Rh,1,283.5440,28
F,3,283.5630,77
Cr,2,283.5632,100
W,1,283.5638,15
Hg,2,283.5654,22
Ir,1,283.5660,24
Fe,2,283.5711,4
Ba,3,283.5822,38
Ho,2,283.5850,23
Kr,3,283.5940,41
Th,2,283.6047,23
Na,2,283.6070,10
Zr,3,283.6228,92
Nb,1,283.6240,42
Mn,1,283.6310,10
Ir,1,283.6400,81
Ra,2,283.6460,58
Ti,2,283.6475,25
Cr,2,283.6475,20
V,2,283.6515,4
Th,3,283.6581,24
Rh,1,283.6690,50
C,2,283.6699,99
Ne,3,283.6830,23
Cd,1,283.6900,69
In,1,283.6903,84
Gd,2,283.7000,14
U,2,283.7190,37
Zr,1,283.7230,90
Th,2,283.7295,97
Ir,1,283.7330,34
W,1,283.7345,15
Cu,2,283.7368,67
Ne,3,283.7380,57
Os,1,283.7420,24
Re,1,283.7550,30
Ag,2,283.7570,34
Kr,3,283.7580,47
C,2,283.7596,99
Au,2,283.7850,92
Al,1,283.7856,21
Al,1,283.7963,72
Cs,3,283.8075,69
Os,1,283.8170,60
La,2,283.8450,3
Rb,2,283.8510,72
Os,1,283.8630,95
Er,2,283.8710,63
Cr,2,283.8781,76
Kr,2,283.8790,36
Hg,2,283.9005,10
Ir,1,283.9160,85
Zr,2,283.9340,14
I,3,283.9440,29
Fe,2,283.9513,47
In,2,283.9530,41
Eu,3,283.9560,75
Na,2,283.9564,88
Si,3,283.9620,1
Ti,2,283.9635,26
Ge,2,283.9679,67
Fe,2,283.9799,18
U,2,283.9890,58
Sn,1,283.9977,97
Cr,2,284.0015,86
Al,1,284.0099,72
Ar,3,284.0155,54
Al,1,284.0205,22
Ir,1,284.0220,82
Gd,2,284.0230,66
Kr,3,284.0330,66
Re,1,284.0350,30
Mn,2,284.0355,3
Tc,2,284.0380,49
La,2,284.0510,6
Ru,1,284.0540,28
Pb,2,284.0557,26
Ag,2,284.0638,3
Fe,2,284.0650,39
Ne,3,284.0730,76
Pm,2,284.0820,7
Cu,1,284.0920,17
Nb,1,284.0940,28
Kr,3,284.1000,88
Tm,1,284.1123,70
Nb,2,284.1150,60
Te,2,284.1172,89
Gd,2,284.1330,25
Hf,1,284.1493,70
Ne,3,284.1560,23
W,1,284.1570,44
Os,1,284.1600,76
Ru,2,284.1672,21
Ag,2,284.1704,18
Na,2,284.1724,93
Pm,2,284.1860,31
Rb,2,284.1873,46
Ti,2,284.1935,59
Pr,3,284.1940,25
U,2,284.2090,37
Mo,2,284.2150,66
Ir,1,284.2280,34
Rb,2,284.2333,46
Pt,2,284.2408,75
Yb,2,284.2590,4
Nb,2,284.2650,64
Cr,2,284.2775,9
Th,2,284.2813,64
Ta,1,284.2820,74
Yb,3,284.2960,81
Ar,3,284.2965,91
Pr,1,284.2980,54
Re,1,284.3000,40
Ca,3,284.3169,58
Cr,2,284.3246,99
Rb,2,284.3372,6
Zr,2,284.3520,15
Hf,1,284.3530,25
Mo,2,284.3730,2
V,2,284.3770,74
Eu,2,284.3960,49
V,2,284.4156,59
Cu,1,284.4160,30
Ho,2,284.4180,23
Ta,1,284.4250,93
Mo,1,284.4390,47
Os,1,284.4400,90
Kr,2,284.4460,36
Ta,2,284.4460,50
Cs,3,284.4536,27
Zr,2,284.4580,76
Tm,2,284.4670,58
Ho,2,284.4680,18
Hg,3,284.4760,6
Cu,1,284.4842,17
Eu,3,284.4990,75
Ca,3,284.5058,60
Lu,1,284.5130,71
Er,3,284.5290,28
Be,2,284.5300,6
Ta,1,284.5350,75
Rb,3,284.5444,73
Pt,2,284.5447,11
Ge,2,284.5475,15
Ge,2,284.5527,96
Fe,2,284.5594,77
Cs,3,284.5700,93
Hf,1,284.5832,92
Ti,2,284.5924,30
Mn,2,284.6036,34
Er,3,284.6080,60
Te,2,284.6154,76
Cs,3,284.6159,31
Cs,2,284.6202,44
Nb,2,284.6280,40
Os,1,284.6390,57
Tc,2,284.6390,4
Cr,2,284.6439,62
Cu,1,284.6478,31
Ir,2,284.6480,13
Ne,3,284.6650,16
Mg,1,284.6716,70
Au,2,284.6920,78
Ac,2,284.7160,95
Yb,2,284.7180,90
S,2,284.7364,39
Kr,2,284.7380,43
Bi,3,284.7400,82
Lu,2,284.7510,81
V,2,284.7572,53
Xe,3,284.7670,63
Hg,2,284.7675,99
S,3,284.7696,36
Xe,3,284.7920,28
W,1,284.8022,85
Fe,2,284.8106,6
Cr,2,284.8120,39
Zr,2,284.8190,39
Mo,2,284.8230,95
Os,1,284.8250,57
Fe,2,284.8320,22
Mg,1,284.8342,74
Er,2,284.8370,45
Cr,2,284.8405,20
Ir,2,284.8435,47
Eu,3,284.8440,40
Yb,2,284.8440,74
Cu,2,284.8500,10
Ta,1,284.8520,90
Zr,1,284.8520,76
Cu,2,284.8725,1
Ho,2,284.9100,51
Hf,2,284.9210,64
Yb,2,284.9340,16
Mo,1,284.9380,32
Ce,3,284.9400,61
U,2,284.9480,38
Tm,3,284.9520,36
Ba,3,284.9559,71
Er,3,284.9630,23
Ne,3,284.9690,10
Ir,1,284.9720,96
Tl,2,284.9800,46
Cr,2,284.9835,99
Kr,3,285.0290,12
Eu,3,285.0390,76
Kr,3,285.0460,25
Ta,1,285.0490,98
Sn,1,285.0620,90
Pr,1,285.0620,55
Os,1,285.0760,86
Tc,1,285.0956,3
Hf,1,285.0967,79
Re,1,285.0980,54
Ta,1,285.0980,99
Sb,1,285.1090,47
Ti,2,285.1101,27
Ne,3,285.1130,48
Yb,2,285.1130,94
Kr,3,285.1160,89
Mn,2,285.1185,4
Hf,2,285.1210,48
Cs,3,285.1238,76
Th,2,285.1259,74
Cr,2,285.1353,87
Ag,2,285.1413,28
Nb,1,285.1450,28
Mg,1,285.1660,77
Cu,1,285.1743,31
V,1,285.1751,9
Yb,2,285.1860,56
Zr,2,285.1970,55
Eu,2,285.2050,38
Cu,2,285.2076,15
Mg,1,285.2127,99
Tb,2,285.2140,37
Cr,2,285.2270,20
Hg,2,285.2387,72
Cs,2,285.2412,4
Cs,3,285.2458,6
In,2,285.2579,41
Na,1,285.2811,69
Na,1,285.3013,66
Pt,1,285.3097,31
Mo,2,285.3230,82
Ar,3,285.3309,89
Ir,1,285.3314,81
Yb,2,285.3410,17
Yb,2,285.3680,10
Gd,2,285.3910,2
Ge,2,285.3970,68
Ru,1,285.4070,76
Yb,2,285.4140,56
Tm,1,285.4166,86
Sr,3,285.4203,35
V,2,285.4335,70
Y,2,285.4416,33
Cs,3,285.4480,46
Yb,2,285.4490,40
Xe,2,285.4530,57
Pd,2,285.4578,93
Cr,2,285.4639,56
Cr,2,285.5063,27
V,1,285.5222,47
Ar,3,285.5313,94
Er,2,285.5410,42
Ir,2,285.5415,20
Sr,3,285.5465,76
Bi,3,285.5559,98
Cr,2,285.5673,98
La,2,285.5900,26
Mo,2,285.6000,25
S,3,285.6003,95
W,1,285.6030,79
Ti,2,285.6084,40
Kr,3,285.6090,33
Rh,1,285.6160,34
Y,2,285.6289,16
Cd,2,285.6458,27
Na,2,285.6508,84
Gd,2,285.6520,11
Ac,2,285.6730,72
Au,2,285.6740,79
Cr,2,285.6762,83
Fe,2,285.6909,47
Hg,1,285.6935,76
198Hg,1,285.6939,15
Tc,1,285.7128,50
Ne,3,285.7340,16
Cr,2,285.7399,72
Pm,2,285.7460,41
Ti,2,285.7606,22
Tb,2,285.7680,26
Cu,2,285.7748,32
Cs,3,285.7830,12
Ba,3,285.7849,61
Y,2,285.7868,2
C,2,285.8000,38
W,1,285.8042,16
In,1,285.8130,63
Cu,1,285.8225,48
Te,2,285.8287,98
Yb,2,285.8330,40
Fe,2,285.8340,27
Rb,2,285.8398,24
Ta,2,285.8440,41
Yb,2,285.8460,40
Pt,2,285.8485,23
Cr,2,285.8651,79
Cu,1,285.8734,64
Cr,2,285.8910,93
Kr,3,285.9050,25
Tc,1,285.9110,84
Sc,2,285.9271,33
Cs,3,285.9322,98
Yb,2,285.9390,75
Na,2,285.9488,88
Eu,2,285.9670,79
Ag,2,285.9711,32
Yb,2,285.9800,96
Er,2,285.9840,52
Ne,3,285.9840,39
V,1,285.9970,41
Ru,1,286.0020,33
Co,3,286.0070,8
Tm,2,286.0120,44
F,3,286.0330,78
Yb,2,286.0390,56
As,1,286.0440,30
U,2,286.0470,46
Pt,2,286.0482,67
Hf,1,286.0558,79
Rh,1,286.0680,35
Ne,3,286.0720,10
Cs,3,286.0885,53
Cr,2,286.0931,89
Os,1,286.0960,86
Te,2,286.1000,85
Hf,2,286.1010,90
Na,2,286.1019,70
C,2,286.1060,54
Nb,2,286.1090,59
B,1,286.1100,43
Yb,2,286.1210,81
Ho,2,286.1230,19
Yb,2,286.1340,75
Ce,3,286.1390,50
Ru,1,286.1410,66
Th,2,286.1415,23
Ho,2,286.1490,48
Hf,2,286.1700,90
Tm,2,286.1740,45
Ti,2,286.1844,51
Xe,2,286.1900,25
Am,2,286.1920,10
Ta,1,286.1980,80
Ti,2,286.2319,42
Xe,3,286.2420,96
Cs,3,286.2421,7
Gd,2,286.2480,20
Cr,2,286.2569,96
Eu,2,286.2570,80
Th,2,286.2610,92
Dy,1,286.2700,64
Ho,2,286.2720,30
F,3,286.2860,17
Ba,3,286.2902,39
Rh,1,286.2940,76
La,2,286.2980,12
Mo,2,286.3200,3
Sn,1,286.3315,93
Ga,3,286.3334,21
Os,2,286.3370,12
Hf,1,286.3410,60
S,3,286.3511,61
Sc,2,286.3639,44
Bi,1,286.3787,34
Mo,2,286.3810,82
Ir,1,286.3840,25
Ga,3,286.3860,33
Ni,2,286.4020,38
Ac,2,286.4110,43
Sc,2,286.4114,33
Mo,1,286.4310,32
Nb,1,286.4320,27
V,1,286.4360,54
Rh,1,286.4400,44
Eu,2,286.4420,3
Tc,1,286.4486,51
V,2,286.4514,5
Xe,3,286.4620,5
Mo,1,286.4655,25
Th,2,286.4656,22
I,3,286.4670,87
Xe,2,286.4730,72
Pt,2,286.4843,41
Cs,3,286.5032,54
Gd,2,286.5060,11
Cr,2,286.5104,97
Cr,2,286.5332,81
Ni,1,286.5500,38
Nb,2,286.5610,10
Mo,2,286.5620,16
Pr,2,286.5640,1
Cr,2,286.5679,56
U,2,286.5680,92
In,2,286.5682,67
Sc,2,286.5978,63
Po,1,286.6010,34
W,1,286.6062,87
Am,2,286.6200,11
Gd,2,286.6330,3
Cs,2,286.6355,57
Hf,1,286.6373,99
Ca,3,286.6538,96
In,2,286.6543,63
V,1,286.6592,15
Ru,1,286.6640,71
Sc,2,286.6661,44
Mo,2,286.6690,72
Ne,3,286.6719,100
Cr,2,286.6740,95
Pt,2,286.6898,53
Yb,2,286.7060,88
Cr,2,286.7094,88
Re,1,286.7190,44
In,2,286.7251,79
Cr,2,286.7647,92
Y,3,286.7670,63
Hf,1,286.7700,60
Ne,3,286.7840,16
V,1,286.8100,27
Mo,2,286.8110,17
Cd,1,286.8180,62
Ru,1,286.8310,15
Mo,2,286.8320,17
Cu,1,286.8470,18
Al,2,286.8494,98
Ti,2,286.8503,28
Nb,2,286.8520,86
Sn,2,286.8610,36
Ta,1,286.8650,77
W,2,286.8725,9
Te,2,286.8817,97
Al,1,286.8920,7
Zr,3,286.9124,93
V,2,286.9131,64
Tm,2,286.9230,89
Sr,3,286.9482,76
Er,3,286.9520,2
Rb,3,286.9768,81
Zr,2,286.9810,54
Hf,2,286.9820,30
Ca,3,286.9945,98
Ti,2,286.9966,32
Yb,2,287.0060,21
Mn,2,287.0085,88
Th,2,287.0406,88
Cr,2,287.0432,94
Pt,1,287.0465,16
V,1,287.0546,49
Kr,3,287.0610,93
Sc,2,287.0848,52
Ba,3,287.0898,47
U,2,287.0970,29
Xe,3,287.1100,80
Co,2,287.1216,66
Pd,2,287.1216,72
Xe,3,287.1270,80
Na,2,287.1275,86
Rh,1,287.1350,35
F,2,287.1400,3
Pa,2,287.1420,11
Ta,1,287.1420,87
Mo,2,287.1510,95
Al,1,287.1570,22
Cr,1,287.1632,71
Xe,3,287.1690,96
Th,3,287.1693,30
Gd,2,287.1750,3
Ir,2,287.1940,28
S,3,287.1971,75
Ho,2,287.1990,44
Bk,2,287.2110,5
Cs,3,287.2321,52
Au,1,287.2360,2
Sr,3,287.2490,43
Kr,3,287.2850,34
Mo,2,287.2880,50
Rb,3,287.2920,47
Mn,2,287.2935,80
Na,2,287.2954,84
Hg,2,287.3200,77
Pb,1,287.3311,88
Ta,1,287.3360,75
Fe,2,287.3397,9
Ag,2,287.3419,67
Cr,2,287.3483,75
Yb,1,287.3490,37
Ta,1,287.3560,74
Rh,1,287.3620,21
Hf,1,287.3632,47
Cr,2,287.3814,82
Ir,2,287.3842,49
Rb,2,287.3876,81
Ho,2,287.4060,47
Ce,2,287.4140,16
Ta,1,287.4170,65
Ga,1,287.4235,35
Ho,2,287.4430,31
Ne,3,287.4460,49
Cu,1,287.4560,37
Sr,3,287.4863,85
Pt,2,287.4920,91
Os,1,287.4960,52
Ru,1,287.4980,92
Re,1,287.5280,31
Cs,3,287.5284,9
Nb,2,287.5390,90
Ir,1,287.5600,65
Pt,2,287.5634,99
Cu,1,287.5670,18
Yb,3,287.5860,84
Ir,1,287.5980,65
Zr,1,287.5980,81
Cr,2,287.5990,95
Eu,2,287.6060,38
Cr,2,287.6244,76
Cr,2,287.6295,63
Ne,2,287.6329,23
Hf,2,287.6330,39
Ne,2,287.6467,5
Ar,3,287.6650,6
Rb,3,287.6678,57
Ir,2,287.6865,41
Ba,3,287.6908,84
Nb,2,287.6950,62
Nb,2,287.7030,87
Hf,1,287.7180,72
Pt,2,287.7278,80
K,3,287.7350,5
Ti,2,287.7435,43
Ir,1,287.7680,55
V,2,287.7685,35
Cu,2,287.7700,69
Dy,2,287.7880,33
Pd,2,287.7888,74
Sb,1,287.7920,94
Ag,2,287.7922,55
Cr,2,287.7975,69
Ir,2,287.8181,19
Er,3,287.8240,29
Os,1,287.8400,42
Cr,2,287.8447,32
Bk,2,287.8570,7
I,2,287.8632,79
Rh,1,287.8660,59
Ar,3,287.8764,71
Ag,2,287.8789,65
Eu,1,287.8848,72
Na,2,287.9041,31
Mo,2,287.9050,73
W,1,287.9112,79
V,2,287.9159,5
Cr,1,287.9272,75
Os,2,287.9390,14
W,1,287.9396,76
Ir,1,287.9410,30
Mn,2,287.9482,88
Ru,1,287.9760,41
Mn,2,287.9847,34
Ta,1,288.0020,82
V,2,288.0028,81
Os,2,288.0200,7
Ho,2,288.0260,67
S,2,288.0493,28
La,2,288.0650,43
Nb,2,288.0720,10
Rh,1,288.0760,51
Cd,1,288.0767,71
Cr,2,288.0864,85
Ho,2,288.0980,78
S,3,288.1031,83
Mn,2,288.1122,4
Cr,1,288.1136,4
Na,2,288.1146,91
Cs,3,288.1184,72
Cd,1,288.1225,51
Gd,2,288.1330,60
Al,2,288.1450,94
Si,1,288.1579,100
Pr,1,288.1600,78
Ar,3,288.1605,23
W,1,288.1606,45
Ca,3,288.1782,98
Cr,2,288.1866,14
Ag,2,288.2000,36
Tm,3,288.2020,77
Ru,2,288.2110,32
Gd,2,288.2130,3
Hg,2,288.2228,34
Pr,2,288.2310,1
Rh,1,288.2370,65
V,2,288.2499,84
Hg,2,288.2594,61
Ir,1,288.2640,82
U,2,288.2740,64
Mn,1,288.2900,18
Pt,2,288.2933,61
Cu,1,288.2934,90
Nb,2,288.3180,88
Re,1,288.3440,31
Au,1,288.3450,82
Ru,1,288.3600,24
Xe,2,288.3710,18
Cs,2,288.3728,43
Pt,2,288.3732,4
Mn,2,288.3825,34
Ba,3,288.4041,71
Ti,2,288.4102,49
Al,2,288.4106,35
Mn,2,288.4162,4
Ne,3,288.4190,23
Cu,2,288.4195,52
O,2,288.4214,9
Ar,3,288.4214,96
Na,2,288.4249,19
Dy,2,288.4280,25
Th,2,288.4290,72
As,2,288.4406,5
Cs,3,288.4432,63
Bk,2,288.4770,9
V,2,288.4776,60
C,2,288.4810,79
Pr,2,288.4890,2
Th,2,288.5049,83
Mn,2,288.5131,49
La,2,288.5140,53
Lu,1,288.5140,81
I,3,288.5150,88
N,2,288.5270,25
Pt,2,288.5328,61
Ir,2,288.5340,22
C,2,288.5470,87
Dy,1,288.5530,62
Gd,2,288.5600,23
Es,2,288.5840,12
Rh,1,288.5970,51
Yb,2,288.5970,27
Na,2,288.6257,90
Yb,2,288.6260,64
Tb,2,288.6290,46
Ga,2,288.6410,1
Sr,3,288.6425,28
Co,1,288.6440,26
Y,1,288.6455,69
Ru,1,288.6540,79
Mn,2,288.6671,88
Xe,3,288.6680,49
Zr,3,288.6731,82
Au,1,288.6960,2
Cr,1,288.6993,74
Xe,2,288.7120,8
Hf,1,288.7132,92
Ba,3,288.7146,39
U,2,288.7250,59
Sc,2,288.7283,22
Pb,2,288.7300,9
Ne,3,288.7330,23
Si,2,288.7510,6
Hf,1,288.7542,77
F,3,288.7580,54
Re,1,288.7680,95
Tc,1,288.7734,71
Th,2,288.7817,65
Eu,2,288.7850,50
Mn,2,288.7888,35
Na,2,288.7950,23
Yb,2,288.8040,88
Re,2,288.8060,35
Mo,2,288.8150,35
Pt,1,288.8192,29
V,2,288.8240,49
U,2,288.8260,51
Co,3,288.8341,30
Au,1,288.8400,8
Am,2,288.8510,63
Cr,2,288.8628,71
Cr,2,288.8724,32
Ba,3,288.8830,39
Nb,2,288.8830,64
Na,2,288.8950,10
Th,3,288.8956,31
Cr,2,288.9022,24
Xe,2,288.9070,9
Rh,1,288.9110,51
Th,2,288.9181,27
Cr,2,288.9194,55
Tc,2,288.9200,26
Cr,1,288.9260,86
F,3,288.9450,80
Cr,2,288.9480,57
Pt,2,288.9510,50
Mn,2,288.9520,88
Mn,2,288.9600,89
V,2,288.9619,83
Hf,1,288.9620,96
U,2,288.9620,94
Bk,2,288.9800,11
Cr,2,288.9803,32
Rh,1,288.9840,51
Xe,3,288.9970,5
In,2,289.0171,98
Pt,2,289.0372,31
Cs,3,289.0374,12
Co,2,289.0423,50
Dy,2,289.0740,28
Cu,1,289.0840,48
Tm,2,289.0940,78
Mo,2,289.0990,92
Hf,1,289.1019,37
Cr,2,289.1028,20
Pa,2,289.1140,14
Cr,2,289.1201,14
Th,2,289.1249,35
Mo,2,289.1280,51
Mn,2,289.1332,63
Yb,2,289.1380,99
Cr,1,289.1410,23
Ar,2,289.1612,81
V,2,289.1640,92
Cu,1,289.1640,43
Xe,3,289.1720,83
Cs,3,289.1839,25
Ta,1,289.1840,94
Au,1,289.1960,83
Kr,3,289.2180,97
Zr,1,289.2260,50
Ir,2,289.2261,50
Mn,2,289.2389,89
V,2,289.2441,89
Eu,1,289.2502,88
Ru,1,289.2556,34
Hg,2,289.2559,14
Hf,1,289.2565,58
Eu,3,289.2600,41
V,2,289.2654,96
Mo,2,289.2810,69
Eu,1,289.3013,81
La,2,289.3070,58
Ne,3,289.3108,96
Tc,1,289.3160,10
V,2,289.3211,8
Pt,1,289.3218,39
Mg,3,289.3221,24
Au,2,289.3250,81
Cr,1,289.3250,83
Am,2,289.3290,13
V,2,289.3317,97
Br,2,289.3400,66
Tc,1,289.3448,3
Cr,2,289.3486,58
Ga,2,289.3522,2
198Hg,1,289.3598,72
Hg,1,289.3601,93
Na,1,289.3618,1
Yb,2,289.3620,41
Bk,2,289.3660,14
Kr,3,289.3680,92
Eu,1,289.3838,94
Cs,3,289.3846,80
Pt,1,289.3863,95
Na,2,289.3949,85
Sc,2,289.4122,7
U,2,289.4140,19
Cr,1,289.4170,67
Al,1,289.4228,34
Tc,1,289.4322,10
Mo,2,289.4450,91
Tb,2,289.4450,34
U,2,289.4510,51
Hf,1,289.4840,21
Lu,2,289.4840,94
Mn,2,289.4901,35
Cs,3,289.4978,54
Ho,2,289.4990,66
Ne,3,289.5050,83
Th,2,289.5135,18
Ac,2,289.5200,77
Xe,2,289.5220,72
P,3,289.5241,55
Te,2,289.5407,98
Cs,3,289.5492,44
Ho,2,289.5620,32
W,1,289.6009,79
Re,1,289.6010,74
Os,1,289.6060,35
Sn,3,289.6070,10
V,2,289.6206,78
Ag,2,289.6271,71
Cr,2,289.6307,2
Tc,1,289.6340,71
W,1,289.6442,98
Cr,2,289.6453,49
Sr,3,289.6570,32
Xe,3,289.6650,63
S,3,289.6711,36
Th,3,289.6746,66
Ar,2,289.6746,17
Cr,1,289.6751,75
Ac,2,289.6820,91
Yb,2,289.6900,27
Cr,2,289.6910,14
Er,2,289.6960,53
Mn,2,289.7068,63
Th,2,289.7068,3
Ir,1,289.7150,77
Tb,2,289.7440,62
Er,2,289.7520,64
Mo,2,289.7630,62
Ne,3,289.7660,81
Y,2,289.7664,7
Ne,2,289.7678,23
Cr,2,289.7692,42
Nb,2,289.7810,84
Pt,1,289.7871,90
La,3,289.7880,72
V,2,289.7887,41
Bi,1,289.7964,94
Pu,2,289.7970,3
Be,1,289.8127,38
Ba,3,289.8181,79
Be,1,289.8188,19
Be,1,289.8254,54
Hf,1,289.8256,98
Yb,3,289.8300,90
Ne,3,289.8490,39
Cr,2,289.8532,77
Mn,2,289.8702,89
As,1,289.8710,11
Hf,2,289.8710,31
Y,2,289.8793,4
Tb,2,289.8860,34
K,3,289.8900,8
Th,3,289.8934,94
Pu,2,289.8940,4
Ta,1,289.9040,74
Ne,3,289.9160,40
V,2,289.9163,5
Cr,2,289.9192,9
Cr,1,289.9209,37
Nb,2,289.9240,79
Tm,3,289.9290,16
Pt,2,289.9386,77
Am,2,289.9560,35
V,1,289.9599,19
Pt,2,289.9647,4
Yb,2,289.9700,70
Th,2,289.9720,65
Ca,3,289.9785,100
Cm,2,289.9900,39
Rh,1,289.9960,44
Kr,3,290.0040,83
Mn,2,290.0154,80
Lu,2,290.0300,89
Ag,2,290.0428,0
Mo,2,290.0800,41
Dy,2,290.0820,28
Ho,2,290.0840,34
Na,2,290.1139,91
Tb,2,290.1540,26
Ne,3,290.1770,68
Ag,2,290.1861,70
Ru,1,290.1940,15
Ir,1,290.1950,54
Ta,1,290.2050,91
Al,1,290.2258,23
Zn,2,290.2300,56
Yb,2,290.2410,10
Re,1,290.2480,85
Ne,3,290.2590,40
Hf,1,290.2641,20
Hg,2,290.2646,61
Mn,2,290.2901,35
Ne,3,290.2910,40
Yb,2,290.2920,17
Mg,1,290.2923,16
Lu,1,290.3050,70
Mo,2,290.3070,79
V,2,290.3075,80
K,3,290.3360,42
Rb,3,290.3692,95
Sr,3,290.3842,32
Hg,2,290.4044,48
Rb,3,290.4120,45
Pu,2,290.4250,5
S,3,290.4266,37
Si,2,290.4280,84
Hf,1,290.4412,97
Fe,3,290.4428,9
Er,2,290.4470,90
La,3,290.4580,77
Dy,2,290.4620,25
Na,2,290.4716,88
Gd,3,290.4730,99
Hf,1,290.4760,96
Ir,1,290.4800,54
Rh,1,290.4810,15
Na,2,290.4915,94
Pu,2,290.4940,6
Ir,2,290.5064,10
Zr,2,290.5230,26
Mo,1,290.5266,33
F,3,290.5300,19
Cr,2,290.5344,9
Mg,3,290.5419,4
Cr,1,290.5488,68
Re,1,290.5580,37
V,2,290.5628,44
Ru,1,290.5650,27
Si,2,290.5690,89
C,2,290.5715,38
Au,1,290.5740,3
Ac,2,290.5810,56
Ne,3,290.5890,97
Pt,1,290.5897,61
Au,1,290.5900,34
C,2,290.6011,38
V,1,290.6132,34
Yb,3,290.6310,95
Mg,1,290.6360,35
Dy,2,290.6390,33
V,2,290.6458,95
O,2,290.6553,52
Sr,3,290.6554,10
Xe,3,290.6560,70
Ne,2,290.6592,23
Eu,2,290.6680,95
U,2,290.6800,88
Ne,2,290.6815,23
Yb,2,290.6880,17
Cr,2,290.6967,27
Hf,1,290.7012,21
Au,2,290.7040,82
Al,3,290.7050,75
Ce,3,290.7050,67
C,2,290.7090,34
Mo,2,290.7120,47
Xe,2,290.7180,60
Rh,1,290.7210,68
Mn,1,290.7220,18
Ir,1,290.7240,43
Na,2,290.7400,61
Ni,1,290.7460,41
V,2,290.7471,87
Th,3,290.7487,32
Na,2,290.7520,61
Ba,3,290.7602,84
Ne,3,290.7629,68
Fe,3,290.7699,9
Ca,3,290.7918,86
Ba,3,290.8162,27
Nb,2,290.8240,84
U,2,290.8280,88
Yb,2,290.8330,27
Ne,3,290.8500,57
Na,2,290.8560,43
V,2,290.8817,98
Ru,1,290.8880,61
C,2,290.8960,61
Eu,1,290.8993,84
Cr,1,290.9052,76
Os,1,290.9060,98
Cr,2,290.9105,44
Mo,2,290.9120,87
Kr,3,290.9170,89
Yb,2,290.9190,32
Hg,2,290.9334,57
Ho,2,290.9410,83
Yb,2,290.9480,57
S,3,290.9506,61
Ne,3,290.9560,40
Er,2,290.9580,34
Re,1,290.9820,76
Am,2,290.9860,14
Hf,2,290.9910,35
Sr,3,290.9931,0
V,2,291.0020,94
Ne,2,291.0060,44
B,3,291.0090,74
Rh,2,291.0170,56
Tb,2,291.0300,26
Er,2,291.0360,94
Xe,3,291.0370,49
V,2,291.0384,35
Pu,2,291.0400,6
Ne,2,291.0408,44
W,1,291.0483,61
Gd,2,291.0530,28
Nb,2,291.0590,88
Th,2,291.0594,30
Pr,3,291.0610,34
Bk,2,291.0650,16
Ga,2,291.0727,31
C,2,291.0729,75
S,3,291.0823,67
Rb,2,291.0885,6
Cr,1,291.0901,77
I,3,291.0980,58
W,1,291.0997,61
V,2,291.1063,89
Am,2,291.1130,37
Ne,2,291.1138,24
Cr,1,291.1146,74
Cu,1,291.1215,43
Lu,2,291.1390,98
Yb,2,291.1520,70
Cr,2,291.1687,39
Nb,2,291.1740,85
O,2,291.1769,31
Pr,3,291.1770,28
Ne,3,291.1870,41
Xe,3,291.1910,87
Mo,2,291.1920,91
Cl,2,291.2050,13
Eu,3,291.2230,91
Pt,1,291.2251,73
Ne,3,291.2310,34
Os,1,291.2330,89
Tm,3,291.2330,16
Xe,3,291.2380,89
V,2,291.2447,53
Rh,1,291.2620,52
Eu,3,291.2640,91
Sn,2,291.2820,39
Yb,2,291.2860,10
Cm,2,291.2970,42
Sc,2,291.2977,58
Eu,3,291.3040,41
Gd,2,291.3080,12
Tc,1,291.3147,71
Ne,1,291.3173,64
Pt,1,291.3245,23
Al,1,291.3267,35
F,3,291.3290,56
Kr,3,291.3360,13
Y,3,291.3410,65
Au,2,291.3520,94
Pt,1,291.3539,75
Sn,1,291.3559,73
Mg,3,291.3657,5
Mo,2,291.3810,29
Dy,2,291.3950,55
Ni,1,291.4010,31
Ta,1,291.4120,65
Xe,3,291.4140,83
Yb,2,291.4210,85
U,2,291.4250,19
Pb,2,291.4442,11
Pr,3,291.4490,44
Mn,1,291.4600,56
U,2,291.4630,38
Cs,3,291.4639,49
Cd,2,291.4672,84
B,3,291.4710,70
Tb,2,291.4750,34
Au,1,291.4820,4
Tm,1,291.4839,84
V,1,291.4924,69
Ne,2,291.5120,24
Yb,2,291.5280,81
Co,3,291.5300,7
Tb,2,291.5300,35
V,2,291.5331,66
Sr,3,291.5339,72
Ne,3,291.5400,57
Rh,1,291.5420,54
Cr,2,291.5449,3
Mg,1,291.5453,27
Ta,1,291.5490,77
Tb,2,291.5600,38
Er,2,291.5620,45
Al,1,291.5660,24
Ir,2,291.5707,10
Ne,3,291.5760,41
Kr,3,291.5780,42
Ho,2,291.5820,35
V,2,291.5877,60
Zr,2,291.5990,50
Tb,2,291.6240,28
Hg,2,291.6250,96
Ru,1,291.6260,88
F,3,291.6340,90
Ir,1,291.6360,68
Yb,2,291.6430,11
In,2,291.6466,84
Hf,1,291.6480,100
Cr,3,291.6570,2
Xe,3,291.6630,5
Zr,2,291.6640,12
Re,2,291.6730,8
Br,2,291.7180,67
Ne,3,291.7260,34
Os,1,291.7260,66
I,3,291.7350,60
V,2,291.7365,37
Th,2,291.7411,95
Eu,2,291.7440,7
Na,2,291.7520,95
Sr,3,291.7539,57
Xe,3,291.7600,70
Kr,3,291.7670,66
Y,3,291.7740,39
Pu,2,291.8000,7
B,2,291.8076,86
V,2,291.8201,38
Au,2,291.8240,96
Zr,2,291.8240,46
W,1,291.8254,62
Tm,2,291.8270,46
Tl,1,291.8320,88
Gd,3,291.8400,69
Gd,2,291.8520,5
Y,3,291.8560,42
Ir,1,291.8570,50
Hf,1,291.8591,95
Ir,2,291.8711,11
Pu,2,291.8800,8
Mo,2,291.8830,59
Tb,2,291.8890,29
Na,2,291.9049,95
Y,1,291.9049,81
Ir,2,291.9183,72
Po,1,291.9310,53
Pt,1,291.9340,52
Yb,2,291.9350,93
Mg,3,291.9351,5
Hf,2,291.9590,70
Ru,1,291.9610,28
Ho,2,291.9620,57
V,2,291.9653,64
Os,1,291.9790,89
Ag,2,291.9828,63
Th,2,291.9841,34
Na,2,291.9850,96
Sn,2,291.9860,68
Xe,2,291.9870,44
Te,2,291.9887,86
Ne,3,291.9910,16
V,2,291.9993,57
Cu,1,292.0296,18
Rb,3,292.0311,36
V,2,292.0383,84
Sr,3,292.0502,49
Am,2,292.0590,65
Na,2,292.0945,97
Sc,2,292.0965,22
Tm,3,292.1080,59
Yb,2,292.1120,57
Cs,3,292.1128,79
Cr,2,292.1238,47
Pt,1,292.1379,55
Tl,1,292.1520,80
Sr,3,292.1580,49
Th,2,292.1621,40
U,2,292.1680,56
Cr,2,292.1812,59
Tc,1,292.1912,51
Cs,3,292.1920,67
Pd,1,292.2492,59
Mn,2,292.2594,35
Cu,1,292.2830,18
Ge,3,292.2860,16
Ac,2,292.3019,90
Rh,1,292.3100,21
W,1,292.3103,80
Cu,1,292.3212,37
Gd,2,292.3320,16
Tc,2,292.3340,19
Mo,2,292.3390,93
Na,2,292.3485,93
Xe,3,292.3530,76
W,1,292.3539,16
V,1,292.3619,80
Cr,2,292.3682,27
Cu,1,292.3704,55
Ce,3,292.3810,83
Th,3,292.3907,59
Xe,3,292.3960,40
V,2,292.4019,99
Rh,1,292.4020,70
Ac,2,292.4121,74
Tb,2,292.4160,29
Yb,2,292.4240,41
Gd,2,292.4250,0
Mo,2,292.4320,63
Ca,3,292.4326,99
Ne,3,292.4420,41
Tb,2,292.4530,29
Hf,1,292.4613,86
V,2,292.4641,98
Ir,1,292.4790,97
Cu,1,292.4882,19
Pt,2,292.4958,19
Eu,2,292.5040,92
Th,2,292.5051,83
Ir,2,292.5111,70
Ta,1,292.5190,84
Ce,3,292.5260,76
S,3,292.5319,48
Ho,2,292.5350,23
B,3,292.5380,31
198Hg,1,292.5413,46
Hg,1,292.5414,85
Cu,1,292.5439,43
Mn,1,292.5570,65
Os,1,292.5570,42
Th,3,292.5576,42
Ne,2,292.5617,24
Tm,2,292.5650,56
Cu,1,292.6057,19
Xe,3,292.6070,40
Pu,2,292.6080,9
Ho,2,292.6090,32
S,3,292.6125,93
As,3,292.6300,12
V,2,292.6338,44
Fe,2,292.6585,18
Tm,2,292.6740,79
Ag,1,292.6770,7
Br,3,292.6960,70
Zr,2,292.6990,50
Cr,2,292.7083,83
U,2,292.7380,19
Mn,2,292.7395,36
Re,1,292.7420,86
Am,2,292.7530,38
Ru,2,292.7534,23
Mo,2,292.7540,36
Nb,2,292.7810,94
Yb,2,292.7850,21
Cd,2,292.7867,51
Al,1,292.7930,57
Cr,2,292.8140,63
Tc,1,292.8198,71
Pu,2,292.8250,9
Th,2,292.8254,60
Cr,2,292.8291,39
Cr,2,292.8298,79
Ho,2,292.8300,57
Gd,2,292.8340,0
Ti,2,292.8570,12
U,2,292.8600,64
Mg,2,292.8634,69
Mn,1,292.8680,11
Th,3,292.8713,51
Ar,3,292.8823,68
Eu,3,292.8910,42
Cm,2,292.8920,45
Yb,3,292.8970,82
Hf,1,292.8980,31
Fe,1,292.9007,2
Rh,1,292.9110,63
Er,2,292.9270,58
Cd,2,292.9271,85
Sr,3,292.9339,85
Ag,2,292.9340,66
Os,1,292.9510,52
Hf,2,292.9630,80
Pu,2,292.9710,10
Ir,2,292.9763,47
Pt,1,292.9791,98
Hf,1,292.9895,91
Y,2,292.9981,7
Mo,2,293.0060,25
Pr,3,293.0190,29
Xe,3,293.0270,83
Mo,1,293.0394,25
Mo,2,293.0500,92
Re,1,293.0610,55
Mo,2,293.0770,29
Pt,1,293.0785,32
V,2,293.0808,91
Cr,2,293.0845,25
Na,2,293.0882,87
Pu,2,293.0980,11
Eu,3,293.1000,76
Cs,2,293.1080,85
I,3,293.1110,31
S,2,293.1144,2
Os,1,293.1280,63
U,2,293.1410,74
Ac,2,293.1460,74
Nb,2,293.1470,22
Ce,3,293.1540,84
Cu,1,293.1699,19
Sr,1,293.1830,20
Rh,1,293.1940,63
Xe,3,293.2090,28
Ne,2,293.2108,24
Pu,2,293.2320,11
V,2,293.2321,19
Th,3,293.2471,78
F,3,293.2490,57
U,2,293.2610,56
In,1,293.2630,91
Ta,1,293.2700,77
Ne,1,293.2725,38
Xe,3,293.2760,84
Tb,2,293.2890,35
Tm,1,293.2966,71
Mn,2,293.3054,98
Cu,1,293.3060,37
Pu,2,293.3300,12
Ag,2,293.3310,42
Co,3,293.3320,11
Rb,2,293.3330,47
Ba,3,293.3493,40
Ta,1,293.3550,99
Mn,2,293.3779,4
U,2,293.3860,30
Cr,2,293.3965,60
Kr,3,293.4000,66
Li,2,293.4020,27
Mn,1,293.4020,11
Ag,2,293.4021,77
Li,2,293.4070,30
Na,2,293.4079,90
Li,2,293.4120,68
Li,2,293.4250,4
Mo,2,293.4300,89
Dy,2,293.4310,26
Yb,1,293.4360,25
Ir,2,293.4398,20
V,2,293.4401,58
Mn,2,293.4422,5
Dy,2,293.4520,42
S,3,293.4535,76
Zr,2,293.4610,27
Ir,1,293.4640,85
Os,1,293.4640,35
Mn,2,293.4723,36
Th,2,293.4992,45
W,2,293.4994,72
W,1,293.4996,93
Yb,2,293.5110,57
Cr,2,293.5134,74
Mo,2,293.5200,36
Kr,3,293.5230,83
Hf,1,293.5365,29
Ag,2,293.5518,1
Na,2,293.5550,31
Xe,3,293.5720,29
Ac,2,293.5800,53
Rb,2,293.5851,15
Xe,2,293.5860,58
Xe,3,293.5860,70
V,1,293.5875,21
Hg,2,293.5903,87
Tm,2,293.5990,78
Al,1,293.6040,35
Br,3,293.6220,27
Zr,2,293.6310,27
Th,2,293.6468,24
Mg,2,293.6509,77
W,2,293.6623,76
Ir,1,293.6680,83
Bi,2,293.6700,42
Mg,1,293.6739,63
Fe,1,293.6903,68
Am,2,293.6990,40
W,1,293.7142,16
Yb,2,293.7190,18
Mo,1,293.7660,16
V,1,293.7681,2
Mn,2,293.7706,36
Nb,3,293.7710,26
Na,2,293.7735,91
Hf,2,293.7800,88
Pt,2,293.7942,44
Th,3,293.8180,25
Cs,3,293.8283,44
Bi,1,293.8297,85
Mo,2,293.8300,18
Ag,2,293.8320,63
Ag,1,293.8420,36
K,3,293.8450,55
Rb,2,293.8467,47
Ir,1,293.8470,54
Mg,1,293.8473,70
Ti,2,293.8528,1
Pu,2,293.8540,13
Kr,3,293.8560,25
Pt,1,293.8810,39
Cu,1,293.8868,31
Ir,2,293.8898,8
Pu,2,293.8950,14
Ba,3,293.8952,93
Hg,2,293.9026,73
Am,2,293.9080,16
Xe,3,293.9110,50
Ir,1,293.9270,40
Mn,2,293.9308,99
Cr,2,293.9462,32
Yb,2,293.9530,41
Xe,3,293.9730,29
Kr,3,293.9910,79
Tb,2,294.0050,33
Ta,1,294.0060,87
Mo,2,294.0100,52
Xe,3,294.0210,81
Ta,1,294.0220,97
Cr,2,294.0226,33
U,2,294.0370,69
Mn,1,294.0390,72
Yb,2,294.0520,42
Y,3,294.0530,9
Hg,2,294.0537,70
Ir,1,294.0540,30
Ne,2,294.0648,25
Au,1,294.0670,35
Hf,1,294.0762,100
In,2,294.1037,98
Mn,1,294.1040,34
Dy,2,294.1050,26
V,2,294.1218,32
Mo,2,294.1220,58
V,2,294.1385,91
Pu,2,294.1390,14
Xe,3,294.1390,50
V,2,294.1495,81
Nb,2,294.1540,91
Mn,2,294.1567,5
Bk,2,294.1710,18
Ti,2,294.1848,60
U,2,294.1920,96
Cr,2,294.1960,49
Mg,1,294.1995,73
Yb,2,294.2040,28
Ho,2,294.2050,45
Xe,3,294.2060,40
Xe,2,294.2100,25
Te,2,294.2112,96
Ta,1,294.2140,71
V,1,294.2319,30
Pr,3,294.2430,34
Na,2,294.2657,74
Pt,1,294.2751,49
Os,1,294.2850,21
Th,2,294.2860,76
Ar,2,294.2893,95
Co,2,294.2964,1
Ti,2,294.2978,16
Mn,2,294.3139,64
Re,1,294.3140,73
Ir,1,294.3150,93
V,1,294.3188,54
Sn,2,294.3300,33
Ga,1,294.3636,37
Mg,3,294.3707,50
Ir,2,294.3882,66
Mn,2,294.3894,64
U,2,294.3900,90
Ni,1,294.3910,76
Pr,2,294.3970,2
Cs,3,294.4083,42
Bi,3,294.4140,52
Ga,1,294.4173,11
Mo,1,294.4213,25
W,2,294.4395,79
Fe,2,294.4395,39
W,1,294.4398,95
Ac,2,294.4421,50
Ho,2,294.4490,57
Dy,2,294.4560,30
V,2,294.4571,95
Xe,3,294.4680,29
Hf,1,294.4710,90
Pt,1,294.4753,42
Mo,2,294.4820,64
B,3,294.5000,18
He,1,294.5106,49
Xe,3,294.5230,84
Pu,2,294.5260,15
Er,2,294.5280,46
Ti,2,294.5292,66
Ne,3,294.5630,28
Ru,2,294.5659,81
Mo,1,294.5664,25
Na,2,294.5702,88
Sr,3,294.5818,16
Nb,2,294.5880,22
Yb,2,294.5910,82
Pu,2,294.6000,16
Mo,1,294.6006,39
Y,3,294.6010,99
Ne,2,294.6044,44
Nb,2,294.6120,23
Yb,2,294.6300,42
S,3,294.6343,3
Mo,1,294.6420,26
V,1,294.6526,21
Er,2,294.6620,38
Te,2,294.6675,58
Mo,2,294.6690,63
Yb,2,294.6760,11
Cr,2,294.6831,40
Nb,2,294.6900,24
Ir,1,294.6970,51
W,1,294.6989,96
Ru,1,294.6990,34
Tm,3,294.7020,36
Dy,2,294.7060,31
Hg,2,294.7074,96
Sc,2,294.7207,7
Dy,2,294.7210,31
Mo,2,294.7280,52
Eu,2,294.7290,39
Ne,1,294.7301,64
Mo,3,294.7320,80
W,1,294.7388,80
Pb,2,294.7430,3
Na,2,294.7449,92
Xe,3,294.7510,81
Cr,2,294.7510,10
Fe,2,294.7655,48
Tm,3,294.7720,87
Gd,2,294.7800,1
Fe,1,294.7876,64
Ne,3,294.7960,34
Gd,2,294.8010,15
V,2,294.8065,39
Xe,3,294.8070,87
U,2,294.8090,30
Kr,3,294.8130,67
Os,1,294.8230,82
Dy,2,294.8310,42
S,3,294.8327,68
Y,1,294.8406,90
Y,3,294.8480,12
Ce,3,294.8530,50
Pb,2,294.8530,13
K,3,294.8940,11
Zr,2,294.8940,51
Th,2,294.9068,35
V,2,294.9176,5
Fe,2,294.9181,14
Mn,2,294.9205,99
Ru,1,294.9500,61
Os,1,294.9530,86
Kr,2,294.9540,29
Sn,2,294.9540,53
Rb,3,294.9617,81
V,1,294.9627,55
Lu,1,294.9730,69
Ir,1,294.9760,43
Cs,2,294.9781,25
Os,1,294.9810,22
Sc,2,294.9844,8
Th,2,294.9930,74
Ne,3,294.9950,49
Pu,2,295.0060,17
Eu,3,295.0200,42
S,3,295.0218,84
Dy,2,295.0330,32
Yb,2,295.0330,28
V,2,295.0348,78
Am,2,295.0390,51
Bi,2,295.0400,54
La,2,295.0500,46
Ne,3,295.0640,49
Hf,1,295.0670,99
Mg,3,295.0773,25
La,3,295.0840,27
K,2,295.0880,6
Nb,2,295.0880,94
Rb,3,295.1010,74
Mn,2,295.1168,64
Ir,1,295.1220,86
Na,2,295.1235,96
Tm,2,295.1260,63
Ir,2,295.1335,8
Zr,2,295.1480,40
V,2,295.1564,6
Lu,2,295.1690,62
V,2,295.1714,30
Bk,2,295.1760,20
Ta,1,295.1920,89
Sr,3,295.2045,65
V,2,295.2071,93
Kr,3,295.2090,26
Dy,2,295.2120,26
W,2,295.2217,9
W,1,295.2262,37
Na,2,295.2396,95
Gd,1,295.2430,19
Ac,3,295.2550,81
Kr,3,295.2560,94
Rb,2,295.2578,47
Eu,2,295.2680,74
Ir,2,295.2863,46
Mn,2,295.2871,36
S,3,295.2901,85
Ho,2,295.3110,49
Tm,3,295.3180,73
Cr,2,295.3353,25
Ta,1,295.3560,79
Pr,3,295.3580,34
Cr,1,295.3680,16
Cr,2,295.3699,48
Dy,2,295.3700,30
La,3,295.3770,31
Fe,2,295.3774,4
Fe,1,295.3940,60
Xe,3,295.4100,29
Xe,3,295.4170,30
Hf,1,295.4201,98
Au,2,295.4220,84
Kr,2,295.4280,28
K,3,295.4330,23
V,1,295.4334,24
Pr,3,295.4400,38
Pu,2,295.4460,17
Ru,1,295.4490,28
Ti,2,295.4571,83
Co,2,295.4727,77
U,2,295.4770,47
Ir,2,295.4781,53
Xe,3,295.4930,81
Hg,2,295.5125,69
Mn,2,295.5141,37
Kr,3,295.5200,13
Yb,2,295.5320,42
Ar,2,295.5388,43
Rh,1,295.5410,21
Gd,3,295.5530,100
Gd,2,295.5600,1
Ra,1,295.5650,10
Ne,2,295.5725,88
Lu,2,295.5780,29
Zr,2,295.5780,51
Mo,2,295.5840,53
Tc,1,295.5928,10
Er,3,295.5930,3
Mn,2,295.6002,5
Mo,2,295.6060,74
U,2,295.6060,74
Rb,3,295.6071,100
Mn,2,295.6170,37
Tb,2,295.6210,51
Hf,1,295.6376,12
Ir,2,295.6558,63
Ne,3,295.6650,49
Eu,3,295.6740,77
Eu,3,295.6900,43
Mo,2,295.6900,41
In,1,295.6995,54
Am,2,295.7050,17
Fe,1,295.7364,47
V,2,295.7521,83
Th,2,295.7581,40
Yb,2,295.7630,11
S,2,295.7861,34
Re,2,295.7910,37
Th,2,295.7916,45
Hf,1,295.8010,95
B,3,295.8100,63
Pt,2,295.8254,25
Sc,2,295.8273,8
Am,2,295.8390,19
Ac,2,295.8490,60
Er,3,295.8630,4
Ti,2,295.8786,76
Eu,1,295.8885,28
Po,1,295.8920,72
Mn,2,295.8942,37
Pt,1,295.9094,24
Si,3,295.9150,2
Xe,3,295.9280,21
Ne,3,295.9290,50
Xe,3,295.9360,70
Eu,2,295.9470,13
As,2,295.9572,73
O,3,295.9680,11
Ir,2,296.0008,17
Ba,3,296.0053,93
Na,2,296.0116,90
W,1,296.0146,16
Eu,2,296.0210,79
Mo,2,296.0240,53
Ar,2,296.0274,3
Xe,3,296.0340,57
Mg,3,296.0453,26
Ne,2,296.0453,5
Pt,1,296.0749,55
Zr,1,296.0870,74
Gd,2,296.0930,15
Os,1,296.1010,42
Al,3,296.1060,11
Cu,1,296.1165,98
Th,3,296.1485,69
Na,2,296.1670,10
Mn,2,296.1689,37
Cr,2,296.1718,33
Th,3,296.1767,22
Hf,2,296.1800,25
S,3,296.1823,62
Sr,3,296.1905,35
Os,1,296.2150,66
Re,1,296.2270,55
Ba,3,296.2484,96
Yb,2,296.2520,62
Zr,2,296.2680,52
V,1,296.2774,71
Cs,3,296.2856,24
Mo,1,296.2890,26
Ir,1,296.2990,33
Am,2,296.3020,20
Hg,2,296.3183,61
Ne,2,296.3235,88
Yb,2,296.3260,18
Lu,2,296.3320,87
Ta,1,296.3320,98
Bi,2,296.3400,22
Ru,2,296.3402,5
Xe,2,296.3410,49
Yb,2,296.3460,43
Pu,2,296.3470,18
Gd,2,296.3600,23
Mo,2,296.3790,76
V,2,296.3806,62
Os,1,296.4060,58
Ir,2,296.4101,50
Xe,3,296.4170,57
Er,2,296.4520,94
W,1,296.4520,80
Dy,1,296.4600,69
Yb,2,296.4760,79
Ne,3,296.4780,4
S,3,296.4794,91
C,1,296.4846,97
Pr,3,296.4850,39
Hf,1,296.4885,97
Xe,3,296.4930,41
Mo,2,296.4960,26
Y,1,296.4964,90
Cs,3,296.5027,10
U,2,296.5030,59
Hg,2,296.5100,10
Re,1,296.5110,83
Ta,2,296.5130,85
Ru,1,296.5160,71
Fe,1,296.5254,39
Mo,2,296.5270,71
Gd,2,296.5430,16
Ta,1,296.5540,95
Ru,2,296.5557,77
Cl,3,296.5560,49
Na,2,296.5742,74
Re,1,296.5760,90
Tm,2,296.5860,69
Sc,1,296.5874,59
Cr,2,296.6041,15
Sb,2,296.6100,14
Tm,3,296.6150,17
In,2,296.6175,95
C,2,296.6187,66
Mg,3,296.6338,51
Hg,2,296.6360,14
Ac,2,296.6449,47
Pb,1,296.6460,40
C,2,296.6655,67
Am,2,296.6710,66
Pu,2,296.6840,19
Tm,3,296.6850,74
C,2,296.6871,80
Fe,1,296.6898,73
Xe,3,296.6920,30
Hf,1,296.6953,83
V,2,296.7061,11
Ne,2,296.7183,88
Br,2,296.7210,67
C,1,296.7224,99
Hf,2,296.7230,35
Kr,2,296.7250,70
Hg,1,296.7283,96
198Hg,1,296.7283,85
Te,2,296.7288,99
Rb,3,296.7453,96
Hg,1,296.7520,3
Pu,2,296.7540,20
Pr,2,296.7580,2
C,2,296.7629,67
Cr,1,296.7643,78
C,2,296.7868,87
U,2,296.7940,75
Mg,2,296.8020,5
Rb,3,296.8130,82
Kr,3,296.8310,83
Cs,2,296.8355,43
V,2,296.8378,90
Xe,3,296.8430,30
Na,2,296.8480,10
Xe,3,296.8570,50
Rh,1,296.8660,73
Th,2,296.8687,65
Er,2,296.8760,66
Hf,2,296.8810,88
Ac,1,296.8819,1
Pr,3,296.8830,59
C,2,296.8836,57
Tb,2,296.8870,35
Zr,2,296.8960,52
Na,2,296.8970,19
Re,2,296.8980,26
Br,3,296.9000,56
Cs,3,296.9062,60
Bk,2,296.9130,22
Mg,2,296.9145,1
Zr,1,296.9190,50
Ga,2,296.9271,65
Am,2,296.9290,68
Fe,1,296.9360,13
Pr,3,296.9410,38
Xe,3,296.9430,21
Ta,1,296.9470,80
C,2,296.9590,22
W,1,296.9618,17
Zr,2,296.9630,44
Rb,2,296.9667,36
Xe,3,296.9770,95
Lu,2,296.9820,77
Xe,3,297.0080,30
Fe,1,297.0099,53
Fe,1,297.0106,61
Fe,1,297.0118,43
Si,1,297.0355,39
Y,3,297.0420,66
Xe,3,297.0490,88
Yb,2,297.0560,98
Na,2,297.0727,76
Rb,3,297.0739,96
Ga,2,297.0810,41
Cs,2,297.0837,36
Os,1,297.0970,76
U,2,297.1060,75
Cr,1,297.1108,73
Pr,2,297.1130,2
Xe,3,297.1170,41
Xe,3,297.1260,21
Co,3,297.1340,6
Pr,2,297.1400,8
Pr,2,297.1460,8
Th,2,297.1481,0
Ga,2,297.1505,53
Ga,2,297.1600,32
Mg,2,297.1839,6
Cr,2,297.1901,86
Mo,2,297.1910,42
Br,2,297.2260,87
V,2,297.2263,53
Ne,2,297.2280,25
O,1,297.2290,70
Eu,3,297.2300,43
Xe,2,297.2310,5
Ac,2,297.2491,63
Pu,2,297.2500,20
Nb,2,297.2570,80
Mo,2,297.2610,77
Tm,3,297.2610,60
Rb,2,297.2620,15
Na,2,297.2720,43
Ne,2,297.2863,5
Pb,1,297.2991,41
Ne,2,297.2996,63
Ho,2,297.3000,68
Fe,1,297.3132,66
Tm,1,297.3218,95
Fe,1,297.3235,68
Au,1,297.3330,9
Hf,1,297.3390,74
Th,2,297.3535,4
Tc,1,297.3650,11
Te,2,297.3670,92
Ce,3,297.3720,77
Co,3,297.3720,18
Y,2,297.3895,8
V,2,297.3970,22
Sc,1,297.4006,59
Th,2,297.4011,57
Rh,1,297.4030,15
Kr,2,297.4040,44
Hg,2,297.4073,41
Nb,2,297.4100,71
Na,2,297.4235,83
Ga,2,297.4418,20
Er,2,297.4470,34
Y,1,297.4588,92
Ga,2,297.4614,66
Cu,1,297.4675,19
Ne,1,297.4719,70
Tm,3,297.4850,17
Xe,2,297.4860,26
Th,3,297.4896,46
Ir,1,297.4950,43
Na,2,297.4988,87
Sr,3,297.5074,57
Rb,2,297.5116,15
Ga,2,297.5118,21
Hg,2,297.5118,66
Cs,2,297.5170,35
Mo,2,297.5400,47
Gd,3,297.5420,17
Cr,1,297.5481,69
Ta,1,297.5560,85
V,2,297.5651,46
Er,2,297.5680,39
Hf,2,297.5880,93
Te,2,297.5900,100
Ba,3,297.6060,83
V,2,297.6196,65
Re,1,297.6290,59
U,2,297.6350,51
Mn,2,297.6477,49
V,2,297.6518,87
Ne,2,297.6555,25
Ru,2,297.6584,68
Zr,2,297.6610,16
Na,2,297.6686,72
Xe,3,297.6750,31
Pr,3,297.6860,59
Cs,3,297.6860,99
Mn,2,297.6865,38
Ce,2,297.6910,50
Ru,1,297.6920,71
Pr,3,297.7060,60
W,1,297.7106,17
Na,2,297.7125,94
Ru,2,297.7225,29
Th,3,297.7231,20
Dy,2,297.7420,26
V,1,297.7540,55
Os,1,297.7640,59
Nb,2,297.7680,53
Rh,1,297.7680,68
Tb,2,297.7780,36
Pu,2,297.7810,21
Yb,3,297.7840,52
Sr,3,297.7879,50
Ir,2,297.8040,25
Zr,2,297.8050,53
Co,3,297.8052,14
Re,1,297.8150,37
Mo,1,297.8280,36
Cu,1,297.8295,43
Pu,2,297.8370,22
Ir,2,297.8421,61
Th,3,297.8660,98
Cu,3,297.8870,19
Kr,2,297.8870,44
Mn,2,297.8990,5
Ar,2,297.9050,83
Zr,2,297.9180,45
Hf,1,297.9288,72
Xe,2,297.9320,83
Cu,1,297.9380,40
Ne,2,297.9459,64
Sr,3,297.9462,43
Ho,2,297.9630,72
Na,2,297.9657,95
Sc,2,297.9676,64
Cr,2,297.9736,83
Ne,1,297.9809,4
Kr,2,297.9810,36
W,1,297.9860,36
Pt,2,297.9924,9
Ru,2,297.9945,44
Ne,2,298.0038,45
Gd,2,298.0150,66
Pb,1,298.0157,42
Pu,2,298.0230,23
Si,3,298.0520,3
Pr,3,298.0540,85
Y,2,298.0553,20
Hg,2,298.0554,34
Cd,1,298.0620,89
Na,2,298.0627,96
Pd,2,298.0630,26
Ne,1,298.0645,1
Ir,1,298.0650,68
Sc,1,298.0759,60
Cr,1,298.0790,65
Hf,1,298.0815,97
Re,1,298.0820,41
Ne,1,298.0925,4
Sb,2,298.0962,36
Ag,2,298.1018,2
Zr,2,298.1020,28
V,2,298.1200,15
Pu,2,298.1230,23
Xe,3,298.1320,5
Cd,1,298.1363,72
Fe,1,298.1445,69
Ho,2,298.1460,36
Tm,2,298.1480,75
Th,2,298.1492,3
Hg,2,298.1513,50
Mo,1,298.1516,16
Ni,1,298.1650,78
Pr,3,298.1650,45
Cd,1,298.1854,52
Br,2,298.1860,4
As,3,298.2000,38
C,3,298.2110,44
Nb,2,298.2110,48
Re,1,298.2190,41
Eu,3,298.2290,87
Pr,3,298.2420,60
Yb,2,298.2490,43
Ne,2,298.2538,6
Cs,3,298.2582,0
Yb,2,298.2660,18
Ne,1,298.2670,70
Hf,1,298.2727,83
U,2,298.2740,20
Cu,1,298.2765,7
In,3,298.2800,63
Os,1,298.2900,64
Sr,3,298.2995,85
V,2,298.3562,38
Yb,2,298.3700,28
Gd,2,298.3740,1
O,3,298.3780,91
Er,2,298.3800,46
Th,2,298.3817,61
Mo,3,298.3940,45
Yb,2,298.3990,89
Hf,1,298.4058,39
Gd,3,298.4100,18
Ni,1,298.4130,67
Na,2,298.4186,97
Y,1,298.4254,95
Xe,3,298.4580,77
U,2,298.4610,70
Ti,3,298.4747,99
Fe,2,298.4825,72
Pr,2,298.4980,18
Yb,2,298.5080,72
V,2,298.5179,16
Th,2,298.5243,22
Cr,2,298.5320,81
Tc,1,298.5364,4
Zr,1,298.5390,92
Ho,2,298.5480,29
Xe,3,298.5530,63
Fe,2,298.5545,39
Ir,1,298.5800,33
Pr,3,298.5820,85
Cr,1,298.5849,68
Br,2,298.5870,5
Yb,2,298.5880,33
Cu,1,298.5926,20
Dy,2,298.5970,27
S,3,298.5986,48
Th,3,298.5994,26
Cr,1,298.6000,70
Ne,2,298.6062,25
Be,1,298.6062,74
Xe,3,298.6110,41
Cr,1,298.6135,32
Pr,2,298.6180,3
Co,3,298.6183,1
K,3,298.6200,58
Rh,1,298.6200,83
W,2,298.6379,45
Be,1,298.6418,69
Na,2,298.6451,66
Cr,1,298.6481,77
Tm,2,298.6520,64
Br,2,298.6530,6
Hg,2,298.6592,32
Be,1,298.6620,55
Xe,2,298.6820,5
Pb,2,298.6876,17
Ne,3,298.6940,35
Pu,2,298.6950,24
Rh,1,298.6990,54
Tb,2,298.7030,26
Co,1,298.7160,33
Na,2,298.7213,66
Am,2,298.7240,69
Ne,3,298.7360,35
Rb,3,298.7404,89
Rh,1,298.7450,35
Sr,3,298.7509,4
Ho,2,298.7640,73
Si,1,298.7645,80
Bk,2,298.7760,24
Mo,1,298.7918,11
Ne,3,298.8020,24
Pu,2,298.8210,25
Th,2,298.8232,76
Re,1,298.8470,41
Tb,2,298.8570,27
Ca,3,298.8630,99
Cr,1,298.8647,70
Mo,1,298.8676,33
Ne,2,298.8883,26
Sc,2,298.8918,84
Ru,1,298.8950,89
Sc,1,298.8974,60
Bi,1,298.9004,86
Cr,2,298.9190,80
Lu,1,298.9270,89
Ca,3,298.9274,97
V,2,298.9379,32
Co,1,298.9590,33
V,2,298.9595,8
Mo,1,298.9799,40
Co,3,299.0080,4
Pr,2,299.0220,3
Nb,2,299.0260,72
Au,2,299.0270,86
Ho,2,299.0270,49
Yb,2,299.0370,43
Tm,2,299.0540,78
Xe,2,299.0540,18
Ir,1,299.0620,41
Cs,2,299.0843,50
Ce,2,299.0870,16
Sn,2,299.0990,40
Th,2,299.1063,45
Xe,3,299.1250,63
Pu,2,299.1310,26
Eu,2,299.1330,81
Pt,2,299.1467,82
Xe,3,299.1490,41
Gd,2,299.1520,3
Ru,2,299.1615,25
Ne,3,299.1737,93
Cu,1,299.1780,31
Yb,2,299.1870,63
Cr,1,299.1888,62
Co,3,299.1956,29
Cr,2,299.2070,25
Hf,1,299.2074,9
La,3,299.2100,48
Kr,3,299.2220,95
Re,1,299.2360,92
K,3,299.2420,70
Ne,1,299.2430,64
Ni,1,299.2600,76
C,2,299.2620,98
U,2,299.2720,52
Mo,2,299.2840,54
Xe,3,299.2890,71
Cr,2,299.2956,71
Rb,2,299.3039,37
Gd,2,299.3040,17
Lu,3,299.3210,18
Tm,2,299.3260,45
Ru,1,299.3270,15
Bi,1,299.3327,70
Ir,2,299.3407,23
Am,2,299.3510,53
Mo,2,299.3520,26
Cr,2,299.3541,52
W,1,299.3614,76
Th,2,299.3801,72
I,2,299.3866,61
Yb,2,299.3940,28
Ne,2,299.4023,26
Br,3,299.4040,72
Cr,1,299.4068,51
Ac,2,299.4170,97
Al,2,299.4277,57
F,3,299.4280,59
Hg,2,299.4420,43
Ni,1,299.4460,83
Sn,2,299.4460,73
Fe,1,299.4502,27
Ir,2,299.4511,6
V,2,299.4538,8
Xe,3,299.4670,64
W,2,299.4683,30
Nb,2,299.4730,86
Au,2,299.4800,98
Yb,2,299.4800,85
Ne,2,299.4828,26
Xe,3,299.4950,6
Ca,1,299.4960,23
Ru,1,299.4960,67
Cr,1,299.5102,64
Eu,2,299.5220,13
Y,1,299.5257,59
W,1,299.5258,17
Cs,3,299.5349,50
Sr,3,299.5378,43
Al,2,299.5525,88
Ce,2,299.5640,36
Th,3,299.5732,44
Th,3,299.5786,14
Ho,2,299.5860,24
Yb,2,299.5860,29
Tb,2,299.6000,31
Ir,1,299.6080,57
Cm,2,299.6180,48
Al,1,299.6290,36
Pu,2,299.6400,26
Ne,3,299.6490,24
V,2,299.6531,45
Cr,1,299.6581,65
Kr,2,299.6590,37
Kr,3,299.6600,83
Cl,2,299.6650,27
Ac,2,299.6682,69
Y,1,299.6939,79
Th,2,299.6986,6
Te,2,299.7040,89
Sn,2,299.7100,19
Pr,3,299.7120,60
Cs,2,299.7181,10
F,3,299.7210,20
Ca,1,299.7310,19
Cu,1,299.7364,94
Ir,1,299.7410,39
Xe,3,299.7500,21
F,3,299.7530,43
Pt,2,299.7616,33
Os,1,299.7650,36
W,1,299.7793,37
S,3,299.7895,3
Pt,1,299.7962,99
Yb,3,299.8000,91
Al,2,299.8150,94
S,2,299.8253,81
Tm,3,299.8280,88
Cu,1,299.8384,62
Cr,1,299.8784,62
Pr,3,299.8790,35
Tb,2,299.9030,27
Xe,3,299.9030,42
Gd,2,299.9040,83
Th,2,299.9093,51
Th,3,299.9201,18
Xe,3,299.9290,22
Cm,1,299.9390,1
In,2,299.9409,87
Cs,3,299.9418,69
F,3,299.9470,22
Fe,1,299.9512,70
Hg,2,299.9553,10
Re,1,299.9600,98
Ca,1,299.9640,20
Mg,3,299.9710,6
Hf,2,300.0100,45
Eu,3,300.0110,77
Pu,2,300.0310,27
Fe,1,300.0451,25
Pr,3,300.0460,61
Yb,2,300.0460,64
Cr,2,300.0630,3
Ag,2,300.0838,31
Ca,1,300.0860,24
Na,2,300.0860,31
Fe,1,300.0948,63
Re,1,300.1140,66
Pt,2,300.1168,62
V,2,300.1204,80
Th,2,300.1265,46
Cs,3,300.1284,81
Xe,3,300.1520,42
Ne,2,300.1668,88
Al,2,300.1790,49
Nb,3,300.1840,74
Ac,2,300.1877,80
Ir,2,300.1955,44
W,1,300.1982,17
Mo,1,300.2215,40
Kr,3,300.2240,42
Ir,1,300.2250,48
Pt,1,300.2264,86
Cu,1,300.2281,20
Th,2,300.2401,63
Er,2,300.2410,92
Ni,1,300.2490,96
Yb,2,300.2610,22
Sr,3,300.2613,99
Ar,3,300.2641,85
Fe,2,300.2643,40
Au,1,300.2650,10
Er,2,300.2650,53
Pd,1,300.2650,60
Gd,2,300.2860,52
Na,2,300.2920,31
Pr,3,300.3200,61
Po,1,300.3210,99
V,2,300.3464,22
Ir,1,300.3630,76
Ni,1,300.3630,92
Zr,2,300.3740,53
As,2,300.3819,8
Xe,2,300.3980,44
Re,1,300.4140,41
Na,2,300.4149,79
Am,2,300.4250,71
Xe,3,300.4260,84
Hg,2,300.4385,51
Mo,2,300.4460,18
Rh,1,300.4460,59
Pm,2,300.4590,7
Cr,1,300.4800,47
Hg,2,300.4863,34
S,2,300.4983,9
Al,1,300.5020,8
Cr,1,300.5061,67
Gd,2,300.5090,18
Y,1,300.5262,59
Zr,1,300.5370,41
Zr,1,300.5500,58
Tb,2,300.5520,31
Hf,1,300.5556,93
I,3,300.5680,33
Yb,2,300.5770,93
Rb,3,300.5834,51
Au,1,300.5850,4
O,2,300.5958,23
Cl,2,300.6060,22
La,3,300.6190,19
Eu,2,300.6260,16
Eu,3,300.6370,78
Re,1,300.6420,31
Rh,3,300.6430,15
Pr,3,300.6470,32
Hg,2,300.6507,70
Ru,1,300.6590,66
Si,1,300.6739,36
N,2,300.6830,33
Ca,1,300.6860,30
Th,2,300.6931,40
O,2,300.7035,59
Hg,1,300.7140,31
Fe,3,300.7280,19
Fe,1,300.7282,54
Na,2,300.7442,87
Ne,3,300.7540,24
Mn,1,300.7660,18
Ir,2,300.7721,30
Ne,2,300.7832,26
U,2,300.7910,38
Ne,2,300.7933,6
Ag,2,300.7939,16
Nd,2,300.7970,2
Cr,2,300.7973,44
Pr,3,300.8040,61
In,3,300.8080,66
Ho,2,300.8100,59
Fe,1,300.8138,65
O,2,300.8318,10
Kr,2,300.8420,14
Th,2,300.8497,46
V,2,300.8614,19
Ce,2,300.8790,51
In,3,300.8820,37
Pm,2,300.8850,8
S,3,300.8937,4
W,1,300.9086,45
Sn,1,300.9133,95
Na,2,300.9137,87
Ca,1,300.9210,25
La,3,300.9220,33
Tb,2,300.9300,36
Yb,2,300.9390,75
Na,2,300.9482,74
Fe,1,300.9569,51
Pu,2,300.9570,28
Pd,1,300.9774,28
Ar,3,301.0020,77
Gd,2,301.0130,92
Tb,2,301.0590,46
Pr,3,301.0610,61
Yb,2,301.0620,63
W,2,301.0741,20
Cu,1,301.0838,94
Cr,2,301.0904,10
Co,3,301.0990,42
Pa,2,301.1100,17
Mn,1,301.1160,19
Hg,2,301.1162,51
Mn,1,301.1380,19
Hg,1,301.1480,31
Ga,2,301.1519,23
O,2,301.1534,10
Ir,1,301.1690,34
Zr,1,301.1750,92
Ne,3,301.1800,35
Ta,1,301.1877,65
Ni,1,301.2000,96
Cu,1,301.2005,69
Te,2,301.2021,73
Ne,1,301.2135,4
Gd,2,301.2190,23
Sr,3,301.2318,100
Sn,2,301.2410,44
Er,2,301.2470,39
Ta,2,301.2540,99
Hf,2,301.2900,96
Ne,1,301.2958,4
V,2,301.2996,16
Cr,1,301.3029,42
Os,1,301.3070,48
Si,3,301.3090,4
Na,2,301.3100,44
V,2,301.3104,50
Fe,3,301.3167,8
Eu,3,301.3280,78
Zr,2,301.3320,8
O,2,301.3357,31
Mo,1,301.3389,20
He,1,301.3700,75
Tm,2,301.3710,49
Cr,1,301.3712,67
Mo,1,301.3760,26
W,1,301.3788,71
Y,3,301.3930,35
Xe,3,301.4130,71
Nd,2,301.4190,2
Ba,3,301.4219,90
Yb,2,301.4430,58
O,2,301.4469,0
Xe,3,301.4590,42
Ho,2,301.4600,45
Pr,3,301.4600,39
Tm,2,301.4650,70
Mn,1,301.4670,19
Cr,1,301.4765,67
V,2,301.4821,57
Cu,1,301.4848,44
Cm,2,301.4870,52
Pr,3,301.5130,45
Sr,3,301.5192,10
Tm,2,301.5300,88
Sc,1,301.5370,60
Sc,2,301.5379,64
Na,2,301.5395,83
Ac,2,301.5400,56
Xe,3,301.5410,42
Cr,2,301.5504,52
Xe,2,301.5520,26
Dy,2,301.5680,38
Re,1,301.6020,74
Tb,2,301.6180,46
Pr,3,301.6260,39
Pb,2,301.6390,50
Ir,1,301.6430,28
Mn,1,301.6450,34
W,1,301.6466,80
Br,2,301.6480,7
Re,1,301.6490,58
Hf,1,301.6690,81
V,2,301.6780,55
Hf,1,301.6800,87
Er,2,301.6840,39
Hf,2,301.6940,96
Tm,2,301.7090,56
Ti,2,301.7183,25
Ce,2,301.7200,44
Tc,1,301.7232,32
Pt,2,301.7240,56
Ru,1,301.7240,58
Os,1,301.7250,68
Ne,2,301.7309,79
Ir,1,301.7310,55
Na,2,301.7341,75
Ne,1,301.7355,5
Hf,1,301.7360,5
Xe,2,301.7430,63
W,1,301.7436,87
Yb,2,301.7560,83
Te,2,301.7581,94
Fe,1,301.7627,31
O,3,301.7630,13
Pt,1,301.7871,46
Os,1,301.8040,94
Ne,3,301.8100,10
Hf,1,301.8300,91
Na,2,301.8324,44
Nd,2,301.8350,2
Zn,1,301.8356,50
Eu,3,301.8430,43
Th,2,301.8490,17
Cr,1,301.8491,65
Cr,1,301.8818,62
Y,3,301.8850,40
V,2,301.8945,22
Y,1,301.8952,52
Fe,1,301.8983,28
Ni,1,301.9140,74
Tb,2,301.9170,31
Ir,1,301.9230,31
Be,1,301.9333,81
Sc,1,301.9357,60
Os,1,301.9380,61
Be,1,301.9492,64
Be,1,301.9526,65
Rh,1,301.9540,35
Be,1,301.9599,55
Zr,2,301.9840,28
Ac,2,301.9868,96
Mn,2,301.9923,81
Na,2,301.9980,11
Si,1,302.0004,50
Ne,3,302.0130,7
V,2,302.0211,50
Tb,2,302.0290,36
Zr,2,302.0470,56
Fe,1,302.0491,69
Hf,1,302.0530,93
Lu,2,302.0540,82
Sr,3,302.0581,65
Cr,1,302.0668,54
Br,3,302.0760,92
Ru,1,302.0880,54
Cs,2,302.0897,20
Ir,2,302.1027,17
U,2,302.1220,20
Na,2,302.1370,52
198Hg,1,302.1500,80
Hg,1,302.1504,95
Cu,1,302.1544,71
Si,2,302.1550,25
Tc,1,302.1555,4
Mn,2,302.1722,38
Sr,3,302.1725,99
Y,1,302.1725,77
Pr,3,302.1770,35
W,2,302.1965,26
Eu,3,302.2080,78
Eu,1,302.2148,33
U,2,302.2210,82
Y,1,302.2281,67
Ba,3,302.2297,57
Kr,3,302.2300,94
Na,2,302.2348,44
In,2,302.2403,38
Cu,1,302.2608,71
Ti,2,302.2636,39
Eu,3,302.2690,94
Ce,3,302.2750,84
Mn,1,302.2750,41
Al,2,302.2789,42
In,2,302.2904,12
Te,2,302.3310,76
Eu,3,302.3400,79
K,3,302.3430,27
Tb,2,302.3430,27
O,3,302.3450,16
Hg,1,302.3471,90
198Hg,1,302.3476,62
Rb,3,302.3607,92
Xe,3,302.3650,84
Ti,2,302.3669,20
Tc,1,302.3680,11
Xe,3,302.3830,97
Rh,1,302.3910,64
Sn,2,302.3920,56
Eu,3,302.3930,97
Ar,3,302.3980,45
Na,2,302.4000,32
Fe,1,302.4032,72
Al,2,302.4077,80
Kr,3,302.4450,97
W,2,302.4493,61
U,2,302.4510,21
Hf,1,302.4592,34
Bi,1,302.4618,90
Au,1,302.4670,10
Nb,2,302.4740,34
Rb,3,302.4839,45
W,1,302.4928,62
Ca,1,302.4940,1
Cu,1,302.4994,55
Mo,1,302.5001,57
Pr,3,302.5260,35
Hf,2,302.5290,36
Eu,3,302.5320,44
Hg,1,302.5606,78
198Hg,1,302.5608,22
Fe,1,302.5636,16
O,2,302.5705,10
Ir,1,302.5820,25
Fe,1,302.5842,71
Er,2,302.5950,49
Tm,2,302.6070,61
Eu,3,302.6090,44
Dy,2,302.6160,55
Ir,2,302.6367,43
Ne,3,302.6390,10
Y,2,302.6455,17
Nd,2,302.6470,0
Xe,3,302.6520,50
Th,2,302.6575,36
Cr,2,302.6642,68
Yb,2,302.6670,84
Ar,2,302.6746,19
Al,2,302.6761,94
Eu,3,302.6790,98
Tc,1,302.6887,33
Ne,2,302.7015,64
Na,2,302.7062,67
Ar,3,302.7160,45
Lu,2,302.7290,41
Tb,2,302.7330,36
Ta,1,302.7480,76
198Hg,1,302.7489,43
Hg,1,302.7490,84
Gd,2,302.7600,91
Th,3,302.7763,21
Mo,2,302.7770,54
Pd,1,302.7908,65
Am,2,302.7990,54
Zr,2,302.8040,66
V,2,302.8043,68
V,2,302.8054,25
Cr,2,302.8124,28
U,2,302.8190,21
Er,2,302.8270,46
Rh,1,302.8430,36
Nb,2,302.8440,73
Ca,3,302.8586,95
In,2,302.8595,4
Ne,2,302.8700,45
O,2,302.8736,10
Pu,2,302.8850,29
Am,2,302.8860,22
Ne,2,302.8863,79
Ar,2,302.8914,30
Gd,2,302.8980,21
Tl,2,302.9010,5
Mn,2,302.9043,64
Na,2,302.9070,72
Li,2,302.9120,44
Li,2,302.9140,46
Cr,1,302.9161,43
Au,1,302.9200,91
Ir,1,302.9360,65
Pr,3,302.9380,45
Yb,3,302.9490,97
Zr,1,302.9520,93
Ti,2,302.9728,19
Dy,2,302.9810,37
Sb,1,302.9830,89
Ti,2,302.9884,18
Eu,3,302.9920,95
Si,2,303.0000,56
Cu,1,303.0258,20
Ne,1,303.0324,5
K,2,303.0430,7
Re,1,303.0450,69
Ac,2,303.0459,51
Cd,2,303.0605,52
Os,1,303.0700,82
Sc,1,303.0758,61
Ne,2,303.0788,64
Zr,2,303.0920,31
Pt,2,303.0994,41
Mn,2,303.1038,81
Yb,2,303.1110,97
Hf,2,303.1160,76
Eu,3,303.1240,79
Na,2,303.1260,52
Er,2,303.1310,62
Cr,1,303.1352,26
Ce,3,303.1580,97
Tb,2,303.1600,46
Yb,3,303.1620,66
Ni,1,303.1870,53
U,2,303.1990,82
O,2,303.2084,42
B,2,303.2258,81
O,2,303.2458,11
Ga,2,303.2612,34
Nb,2,303.2770,65
Sn,1,303.2778,78
Eu,3,303.2840,92
Gd,2,303.2840,92
Cr,2,303.2919,28
U,2,303.3180,65
Au,1,303.3250,35
Pr,3,303.3310,45
Ra,2,303.3440,76
V,2,303.3447,84
Ru,1,303.3450,45
Ar,2,303.3508,48
Mn,2,303.3574,38
Pa,2,303.3590,20
Br,3,303.3630,28
Xe,2,303.3710,9
V,2,303.3814,84
Sb,2,303.4010,16
Gd,2,303.4050,89
Th,2,303.4065,61
Sn,1,303.4115,94
Cr,1,303.4187,58
Pr,3,303.4250,39
Ne,2,303.4461,80
Ca,1,303.4540,2
Hf,1,303.4556,0
Yb,2,303.4640,58
Si,3,303.4730,17
Mn,2,303.4807,38
Bi,1,303.4870,39
Hg,2,303.4916,71
Th,2,303.5110,31
Mn,2,303.5350,81
Cd,3,303.5720,46
Zn,1,303.5779,57
Ne,2,303.5922,64
Cu,1,303.6101,98
Er,2,303.6220,53
Mo,1,303.6311,5
Zr,2,303.6390,56
Pt,1,303.6442,73
Br,3,303.6450,58
Y,2,303.6576,21
Ne,2,303.6626,27
Xe,2,303.6800,37
Ac,1,303.6930,12
Ar,3,303.6960,23
Eu,3,303.6980,80
Cr,1,303.7045,70
Ir,2,303.7063,14
Na,2,303.7076,72
Hf,1,303.7280,1
Si,3,303.7290,47
Fe,1,303.7389,67
Ne,2,303.7719,65
Ce,2,303.7730,3
Tc,2,303.7900,21
Ni,1,303.7940,90
Yb,2,303.7990,22
Mn,2,303.8092,70
Dy,2,303.8280,75
Am,2,303.8360,56
Ir,2,303.8462,17
Y,1,303.8467,18
Mn,2,303.8507,65
Eu,3,303.8640,45
Ho,2,303.8690,52
Se,2,303.8700,2
Na,2,303.8720,70
Eu,3,303.9050,45
Ge,1,303.9067,93
F,3,303.9250,44
Ir,1,303.9260,61
Bi,3,303.9310,73
In,1,303.9346,95
O,2,303.9461,0
Cu,1,303.9488,20
Mn,2,303.9550,49
Ne,2,303.9586,65
Rb,3,303.9616,85
Yb,2,303.9670,58
C,2,303.9714,61
F,3,303.9750,23
Sc,1,303.9774,0
Sc,2,303.9922,84
Eu,3,303.9980,80
Pr,3,304.0020,36
Na,2,304.0130,44
Cs,2,304.0232,16
Ru,1,304.0310,37
Fe,1,304.0427,2
C,2,304.0512,48
Mn,1,304.0600,49
Yb,3,304.0650,42
Sb,2,304.0669,18
Eu,2,304.0770,7
Cr,1,304.0840,60
Pt,2,304.0893,28
Os,1,304.0900,92
Cr,2,304.0924,82
Si,3,304.0930,62
Pr,3,304.0940,32
Al,2,304.1276,95
Se,2,304.1300,8
Rb,3,304.1478,85
Si,2,304.1570,25
Mo,1,304.1699,63
Cr,2,304.1721,63
Rb,2,304.1763,16
Pr,3,304.1780,32
W,1,304.1863,45
Xe,3,304.2040,51
Ta,2,304.2060,51
Hf,1,304.2085,1
Si,2,304.2190,37
V,2,304.2260,32
Pr,3,304.2350,46
Tm,2,304.2350,57
Na,2,304.2461,70
Ru,1,304.2480,42
Ti,2,304.2540,3
Pu,2,304.2610,29
Pt,1,304.2632,99
Ir,2,304.2648,63
Yb,2,304.2650,67
Mn,1,304.2730,11
Os,2,304.2740,51
F,3,304.2800,91
Gd,1,304.3010,42
O,3,304.3020,18
Na,2,304.3100,52
V,1,304.3119,55
Pu,2,304.3120,30
Mn,2,304.3128,50
Dy,2,304.3130,44
Ac,2,304.3301,98
Mn,1,304.3360,46
Ba,3,304.3421,96
Sc,1,304.3463,0
Os,1,304.3500,22
V,1,304.3549,55
Sc,1,304.3551,1
Si,2,304.3690,57
W,1,304.3800,81
Pb,3,304.3850,88
Si,2,304.3850,7
Si,3,304.3930,30
Co,1,304.4000,83
Yb,2,304.4000,19
Cu,1,304.4028,37
Ne,2,304.4088,65
U,2,304.4160,65
Mn,1,304.4570,78
Hg,2,304.4610,18
Xe,2,304.4750,9
Nb,2,304.4760,11
Kr,3,304.4800,42
Y,1,304.4830,45
Cm,2,304.4850,55
V,1,304.4932,56
Ti,2,304.4952,40
Tb,2,304.4960,47
Ni,1,304.5010,57
Si,3,304.5080,5
Hg,2,304.5161,20
Xe,2,304.5250,37
Y,1,304.5363,86
Cr,2,304.5460,21
Ne,2,304.5556,65
Th,2,304.5565,51
Mn,1,304.5590,52
Na,2,304.5600,73
Ir,2,304.5654,36
Ru,1,304.5710,15
Sc,2,304.5725,84
Ca,1,304.5740,2
Rh,1,304.5770,21
Si,2,304.5770,7
Pr,3,304.5810,46
Zr,1,304.5830,41
Sc,1,304.6009,1
Hf,2,304.6080,21
Ti,2,304.6139,5
Xe,2,304.6270,35
Mn,2,304.6271,50
W,1,304.6440,71
Gd,1,304.6480,45
Yb,2,304.6480,44
Be,2,304.6524,61
Ti,2,304.6685,19
Be,2,304.6691,80
Rh,1,304.6760,22
Tm,2,304.6760,62
Mo,1,304.6802,29
Tm,1,304.6870,90
Kr,3,304.6930,94
Th,2,304.6951,46
Pr,3,304.6980,36
Te,2,304.6998,94
Mn,1,304.7040,66
Yb,2,304.7050,33
Y,1,304.7110,29
O,2,304.7115,52
Sc,1,304.7121,1
O,3,304.7130,82
Ir,1,304.7160,57
K,2,304.7160,7
Re,1,304.7250,45
Mo,1,304.7308,45
Sn,2,304.7440,71
Ne,2,304.7557,80
Dy,2,304.7560,37
Cr,2,304.7607,21
Xe,2,304.7760,5
Nb,1,304.8100,43
Tm,3,304.8110,18
Ba,3,304.8136,71
V,2,304.8212,81
Si,2,304.8300,46
Hg,2,304.8503,19
C,2,304.8690,20
Ru,1,304.8780,16
Mn,1,304.8860,20
V,2,304.8887,23
C,2,304.8933,49
Na,2,304.8950,53
Mn,2,304.9025,39
Th,2,304.9092,72
F,3,304.9140,81
Rb,2,304.9146,16
Kr,2,304.9230,14
S,2,304.9246,6
Hf,1,304.9300,42
Ho,2,304.9380,79
Cr,2,304.9380,81
C,2,304.9398,73
Ir,1,304.9440,57
Os,1,304.9460,25
Ta,1,304.9558,90
Th,2,304.9644,12
C,2,304.9671,64
W,1,304.9688,72
Sc,1,304.9797,1
W,2,304.9853,63
Al,1,305.0073,92
Cr,2,305.0131,82
U,2,305.0200,76
Na,2,305.0210,71
Pr,3,305.0300,56
Os,1,305.0390,22
Sc,1,305.0438,2
Ne,2,305.0472,45
Mn,2,305.0654,81
Cs,3,305.0679,27
Tm,2,305.0730,59
Hf,1,305.0760,93
Ne,2,305.0763,6
Ni,1,305.0820,95
V,1,305.0879,42
Tb,2,305.1130,38
In,1,305.1139,36
W,2,305.1294,86
Ag,2,305.1334,14
Rb,2,305.1362,84
Mn,2,305.1426,65
Ne,3,305.1820,11
K,3,305.2070,73
Nd,2,305.2150,0
In,2,305.2228,48
Sr,3,305.2386,5
Rh,3,305.2440,18
Te,2,305.2460,58
Cu,1,305.2554,32
B,2,305.2700,40
Sc,2,305.2922,95
Sc,1,305.3049,2
Nb,1,305.3090,28
Si,2,305.3180,70
Tb,2,305.3240,31
Cu,1,305.3380,21
V,2,305.3382,80
Tb,2,305.3550,77
Gd,2,305.3570,45
V,1,305.3654,73
Na,2,305.3666,79
Am,2,305.3690,41
Sr,3,305.3771,76
Cr,1,305.3878,59
V,2,305.3886,41
Ho,2,305.4000,73
Eu,3,305.4070,46
Cs,3,305.4235,2
Ni,1,305.4320,88
Ne,2,305.4345,66
Mn,1,305.4360,72
Er,2,305.4420,35
Ne,2,305.4425,45
Xe,3,305.4480,64
Sc,1,305.4553,2
Ne,2,305.4675,66
Al,1,305.4679,57
Ar,3,305.4774,23
Ne,3,305.4834,94
Zr,2,305.4840,77
Eu,2,305.4940,82
Ru,1,305.4940,28
Eu,3,305.4970,46
Er,3,305.5100,91
Y,2,305.5229,29
Ce,2,305.5240,42
Pr,3,305.5300,36
Mo,1,305.5318,45
Ca,1,305.5320,6
Na,2,305.5347,79
Nb,2,305.5520,12
Ce,3,305.5590,100
Hg,2,305.5765,28
Kr,2,305.6010,46
Tm,2,305.6070,62
Ne,3,305.6111,81
Na,2,305.6161,80
Sc,1,305.6309,2
V,1,305.6333,88
Xe,2,305.6490,26
Ce,3,305.6560,88
Cr,2,305.6580,80
Nd,2,305.6710,12
Kr,3,305.6720,89
Lu,2,305.6720,73
Ti,2,305.6738,17
Ce,2,305.6780,37
K,3,305.6840,61
C,2,305.6850,31
Hf,1,305.7010,96
Al,1,305.7144,94
Ce,3,305.7230,95
Ti,2,305.7249,24
Ir,1,305.7280,58
Cu,1,305.7360,7
Na,2,305.7375,80
Ne,1,305.7391,70
Fe,1,305.7446,72
Ho,2,305.7450,80
Sc,1,305.7514,3
Ce,3,305.7580,88
Ni,1,305.7640,91
Ir,2,305.7646,16
Lu,3,305.7860,85
Ne,2,305.7867,46
Ti,2,305.7872,41
Rh,1,305.7890,15
U,2,305.7910,83
Na,2,305.7950,80
Cl,2,305.7960,28
Ti,2,305.8088,56
C,2,305.8450,49
Os,1,305.8660,97
Na,2,305.8720,80
Re,1,305.8780,31
Pr,3,305.8900,62
Eu,1,305.8975,76
Al,1,305.9029,47
Mn,2,305.9060,39
Fe,1,305.9086,78
C,2,305.9091,62
S,2,305.9099,28
Ne,2,305.9105,66
O,2,305.9293,23
O,3,305.9300,48
Ti,2,305.9429,6
Cr,2,305.9522,15
Pt,1,305.9637,24
Ne,2,305.9724,27
Ti,2,305.9817,11
Sr,3,305.9827,86
C,2,305.9830,18
Gd,1,305.9920,37
Al,1,305.9924,48
F,2,305.9990,4
Hf,3,306.0080,22
Zr,2,306.0110,9
Th,2,306.0177,25
Na,2,306.0251,86
Os,1,306.0300,39
Pu,2,306.0320,31
Th,1,306.0439,8
V,1,306.0452,90
Sc,2,306.0537,58
C,2,306.0640,31
Dy,2,306.0640,45
Mo,2,306.0780,56
S,2,306.0824,46
Sc,1,306.1028,3
Ir,2,306.1210,14
K,3,306.1250,30
Cs,3,306.1260,45
Na,2,306.1350,89
Sr,3,306.1427,97
Kr,2,306.1510,1
Xe,2,306.1540,18
Mo,1,306.1588,33
U,2,306.1620,60
Th,2,306.1700,67
Co,1,306.1820,66
Cr,2,306.1828,77
Sc,1,306.2083,3
Mn,1,306.2120,56
K,2,306.2180,44
Os,1,306.2190,68
Tc,1,306.2361,11
Kr,3,306.2430,13
Ne,2,306.2491,66
U,2,306.2540,83
Dy,2,306.2620,56
Tb,2,306.2780,32
Ce,2,306.3010,74
Th,2,306.3028,41
Yb,2,306.3120,44
Kr,3,306.3130,95
Te,2,306.3160,61
W,1,306.3174,18
Th,3,306.3206,22
Ti,2,306.3216,59
V,2,306.3244,76
Ne,2,306.3302,67
Cu,1,306.3411,98
Yb,2,306.3670,19
Ne,1,306.3695,64
V,1,306.3724,12
Hf,1,306.3778,53
Tb,2,306.4090,47
Ir,2,306.4095,36
Cr,2,306.4179,68
Cr,1,306.4210,40
Ac,2,306.4251,79
Mo,1,306.4274,85
Al,1,306.4290,73
Na,2,306.4375,77
Hg,2,306.4529,63
Nb,2,306.4530,54
Ni,1,306.4620,76
Zr,2,306.4630,9
Tc,1,306.4667,33
Hf,2,306.4680,31
Pt,1,306.4713,100
Ar,3,306.4770,78
Ru,1,306.4840,64
W,1,306.4927,18
Mo,2,306.5040,77
Yb,2,306.5040,78
Mo,1,306.5041,72
Sc,2,306.5117,84
Al,1,306.5120,9
Rb,3,306.5185,36
Xe,3,306.5190,85
Pd,1,306.5299,62
Au,1,306.5420,84
Tb,2,306.5690,27
Mn,1,306.6020,62
Al,1,306.6145,58
Ti,2,306.6218,77
Er,2,306.6220,40
Na,2,306.6223,77
Th,3,306.6236,81
Ti,2,306.6346,72
V,1,306.6370,93
Ti,2,306.6504,14
V,1,306.6523,65
Na,2,306.6535,77
Cs,3,306.6591,41
Pr,3,306.6710,62
Sr,3,306.6738,2
S,2,306.6843,61
Eu,1,306.6933,35
Dy,2,306.6990,38
Ge,1,306.7021,91
V,2,306.7104,76
Tb,2,306.7200,47
Fe,1,306.7244,59
Rh,1,306.7300,44
Xe,2,306.7300,37
Cs,2,306.7301,33
Re,1,306.7400,91
Hf,1,306.7426,86
Ne,2,306.7449,27
Hf,1,306.7614,40
Hg,2,306.7684,56
Bi,1,306.7699,99
Th,2,306.7729,85
Rb,2,306.7752,56
W,2,306.7858,0
Mo,1,306.8000,5
Sc,1,306.8183,3
Si,3,306.8240,31
Tc,1,306.8337,2
Gd,2,306.8640,80
Sc,1,306.8741,4
Ir,1,306.8890,89
Cu,1,306.8906,32
Th,2,306.8982,7
Sc,1,306.9002,4
Tb,2,306.9030,54
Ir,1,306.9090,41
Eu,2,306.9110,14
Hg,2,306.9177,24
Hf,1,306.9213,53
I,3,306.9230,61
Ta,1,306.9237,90
Po,1,306.9310,61
Pu,2,306.9320,31
Ac,2,306.9361,93
V,1,306.9646,33
Nb,2,306.9680,24
Ir,1,306.9710,41
Nd,2,306.9730,9
Rb,3,306.9746,46
In,2,306.9757,38
Os,1,306.9940,23
Re,1,306.9940,61
Tb,2,307.0050,77
V,2,307.0092,16
Mn,1,307.0270,62
Er,3,307.0400,92
Hg,2,307.0478,22
Rb,3,307.0704,89
Er,2,307.0740,68
Th,2,307.0816,52
Mn,2,307.0821,6
Na,2,307.0829,71
Ne,2,307.0892,67
Mo,1,307.0893,57
Nb,2,307.0900,12
Sr,3,307.0951,28
Ne,2,307.1087,46
Re,1,307.1160,51
Ti,2,307.1239,27
Pa,2,307.1240,23
Cl,2,307.1320,42
Ne,2,307.1531,67
Nb,2,307.1560,25
Rb,2,307.1568,25
Ca,1,307.1570,3
Ba,1,307.1584,79
Ba,3,307.1677,13
Dy,2,307.1910,49
Pt,1,307.1934,75
Zn,1,307.2063,61
Ti,2,307.2107,77
Th,2,307.2115,74
Pm,2,307.2410,68
Ti,2,307.2459,66
Er,2,307.2530,77
Gd,2,307.2560,66
Tb,2,307.2600,55
Ne,2,307.2654,46
U,2,307.2780,76
Th,2,307.2825,9
Hf,1,307.2881,95
Sr,3,307.2956,1
Re,1,307.2960,32
Ti,2,307.2970,85
Tm,2,307.3080,77
Mn,1,307.3130,60
Nb,2,307.3240,13
W,1,307.3276,72
Sc,1,307.3339,4
Er,2,307.3340,81
Dy,2,307.3540,45
Te,2,307.3560,80
Cu,1,307.3798,88
V,1,307.3817,42
Ne,2,307.3821,6
V,1,307.3851,33
Os,1,307.4080,52
Hf,1,307.4104,39
S,2,307.4250,36
Ho,2,307.4300,47
Na,2,307.4334,81
Mo,1,307.4369,85
Br,3,307.4420,94
Al,2,307.4691,96
Hf,1,307.4789,65
Os,1,307.4960,40
K,2,307.5000,19
Th,2,307.5056,61
La,3,307.5170,67
Ti,2,307.5224,89
Hf,1,307.5315,17
Sc,2,307.5358,74
Nd,2,307.5380,15
Ir,2,307.5451,35
Fe,1,307.5719,44
Ne,2,307.5738,67
Zn,1,307.5897,48
Yb,2,307.6010,12
Eu,2,307.6070,14
S,2,307.6151,85
Ac,2,307.6171,62
Ne,2,307.6357,46
Eu,3,307.6430,81
Ac,1,307.6440,44
Bi,1,307.6654,61
Ir,1,307.6690,38
Nb,2,307.6870,80
Ac,2,307.6871,80
Gd,2,307.6920,69
Ca,1,307.6950,4
Ne,1,307.6976,65
Gd,2,307.7080,27
Ta,1,307.7245,81
Eu,2,307.7360,75
Os,1,307.7440,40
W,2,307.7517,94
Lu,2,307.7600,95
Mo,2,307.7660,50
Sr,3,307.7701,33
Os,1,307.7720,82
Ne,2,307.7845,27
Ac,2,307.8068,92
Os,1,307.8110,53
Ar,3,307.8150,78
Na,2,307.8318,81
Os,1,307.8380,25
Rb,3,307.8444,66
Ne,2,307.8587,28
Ti,2,307.8644,92
Dy,2,307.8680,39
Pr,3,307.8680,36
Na,2,307.8752,50
I,2,307.8754,94
Th,2,307.8828,86
Tb,2,307.8860,86
Er,2,307.8870,35
Tm,3,307.8870,77
Ne,1,307.8881,39
Th,3,307.8967,83
Ba,3,307.9136,99
Ne,1,307.9181,39
Nd,2,307.9380,3
Ba,3,307.9465,83
Mn,1,307.9630,47
Mo,1,307.9879,29
Ba,3,307.9902,91
Lu,1,308.0110,74
Ti,2,308.0145,28
Pr,3,308.0200,62
Mg,3,308.0208,6
Th,2,308.0217,87
Na,2,308.0254,81
Nb,2,308.0350,26
Mo,1,308.0404,45
Xe,3,308.0420,43
Ac,2,308.0541,55
Hf,2,308.0660,40
Ni,1,308.0760,75
Ca,1,308.0790,4
Cd,1,308.0822,68
Hf,1,308.0842,85
Cs,2,308.0856,29
Nd,2,308.0940,3
Tm,1,308.1121,92
Mn,1,308.1330,23
Ne,2,308.1342,47
O,2,308.1391,11
Ti,2,308.1469,73
Lu,1,308.1470,97
Cd,2,308.1484,28
S,2,308.1920,52
Th,2,308.1981,21
Gd,2,308.1990,92
Rb,1,308.2003,6
Mn,1,308.2050,9
Er,2,308.2080,83
V,1,308.2110,38
Pr,2,308.2110,33
Al,1,308.2153,96
Ho,2,308.2340,81
Tb,2,308.2360,78
C,2,308.2381,45
Re,1,308.2430,76
V,2,308.2450,28
Sc,2,308.2561,52
Cd,1,308.2593,32
Ne,2,308.2613,28
Xe,2,308.2620,26
Sc,1,308.2677,4
Ne,2,308.2706,7
Ir,2,308.2949,34
Ac,1,308.2957,0
C,2,308.3050,45
Th,3,308.3158,53
Ir,1,308.3220,59
Xe,3,308.3530,85
Ti,2,308.3582,5
Ar,3,308.3640,24
In,2,308.3663,83
Ce,2,308.3670,37
Fe,1,308.3741,27
Rh,1,308.3960,70
Gd,2,308.4010,25
Er,2,308.4020,81
Ho,2,308.4360,89
Ce,2,308.4440,16
Ac,2,308.4849,73
Cs,2,308.4863,10
Ne,2,308.4919,28
Ce,3,308.5100,95
Zr,1,308.5340,44
La,3,308.5380,20
Mo,1,308.5616,86
Pm,2,308.6020,31
Ac,2,308.6039,91
Ne,2,308.6080,7
Si,3,308.6240,96
Ir,1,308.6440,51
Si,3,308.6460,18
Ho,2,308.6540,76
Tb,2,308.6780,29
Rb,3,308.6841,97
Y,2,308.6853,30
C,2,308.6903,30
Al,1,308.7020,59
Na,2,308.7060,75
Hf,1,308.7196,37
Ac,2,308.7371,94
W,2,308.7400,0
Rh,1,308.7420,16
Hg,2,308.7549,65
Mo,2,308.7620,78
C,2,308.7900,19
Ti,2,308.8026,95
Ir,1,308.8040,65
Cu,1,308.8132,59
Ne,2,308.8164,80
V,2,308.8214,73
Na,2,308.8263,75
Ne,2,308.8276,28
Tb,2,308.8430,51
Th,2,308.8470,61
Al,2,308.8516,96
Hf,1,308.8533,38
V,2,308.8583,19
Rb,2,308.8583,65
Re,1,308.8760,65
Pb,3,308.9080,36
Eu,3,308.9090,47
Yb,2,308.9100,76
Mo,1,308.9125,6
Ru,1,308.9140,32
Tc,1,308.9340,4
Eu,2,308.9350,14
Ti,2,308.9400,61
Tb,2,308.9580,78
Th,3,308.9671,32
Mo,1,308.9706,6
Ru,1,308.9800,19
Al,1,308.9820,9
Be,1,308.9826,20
Ti,2,308.9889,81
Gd,2,308.9950,45
Na,2,308.9990,32
Xe,3,309.0000,43
Be,1,309.0023,39
Hg,3,309.0050,65
Os,1,309.0080,25
Th,2,309.0094,6
Be,1,309.0130,39
Pm,2,309.0190,28
O,2,309.0376,23
S,2,309.0595,60
Xe,3,309.1050,85
Mg,1,309.1065,86
Ne,3,309.1190,58
Pu,2,309.1330,32
Hf,1,309.1397,14
V,1,309.1434,6
O,2,309.1536,1
Tl,2,309.1560,83
Y,1,309.1721,52
Pm,2,309.1860,32
Br,3,309.1940,59
Pu,2,309.1940,33
Na,2,309.2035,81
Gd,2,309.2060,25
Mo,2,309.2070,69
Ne,2,309.2094,68
Cl,2,309.2190,47
Cs,2,309.2294,52
Cd,2,309.2337,68
Xe,2,309.2410,20
Sc,2,309.2487,52
Yb,3,309.2500,99
Pu,2,309.2590,34
Al,1,309.2710,98
Na,2,309.2732,82
Al,1,309.2839,96
Ne,2,309.2902,80
Nd,2,309.2920,29
Mg,1,309.2984,90
U,2,309.3010,76
La,3,309.3030,44
Na,2,309.3089,73
V,2,309.3101,100
Pa,2,309.3230,26
Ar,2,309.3402,43
Si,3,309.3420,90
Cr,2,309.3475,28
W,1,309.3500,62
Os,1,309.3590,36
Re,1,309.3640,32
Si,3,309.3650,6
Y,2,309.3752,14
Yb,2,309.3870,65
Cu,1,309.3989,90
Ne,2,309.4006,68
W,1,309.4050,62
Nb,2,309.4180,98
V,2,309.4194,76
Na,2,309.4449,85
Xe,2,309.4530,37
Mo,1,309.4662,79
Na,2,309.4670,53
Sn,2,309.4680,78
Sc,1,309.4740,5
Zr,1,309.4800,45
Rb,3,309.4841,37
V,2,309.4881,31
Rb,2,309.4888,7
Re,1,309.5060,32
Zr,2,309.5070,46
Ne,2,309.5103,68
Ne,2,309.5184,47
Na,2,309.5552,85
U,2,309.5750,21
Zr,1,309.5820,45
Y,2,309.5872,40
Cr,2,309.6116,3
B,2,309.6260,41
La,3,309.6260,34
Ru,1,309.6570,58
Hf,1,309.6764,77
Sc,2,309.6803,34
Pt,2,309.6810,88
Ir,2,309.6829,58
Si,3,309.6830,86
Mg,1,309.6890,91
Xe,2,309.6900,5
Mn,1,309.7060,20
Ni,1,309.7120,68
Ne,2,309.7132,68
Kr,3,309.7160,92
Ti,2,309.7182,58
Eu,2,309.7450,60
Cs,3,309.7456,45
O,2,309.7477,11
Ru,1,309.7600,19
Sc,1,309.7701,5
Th,3,309.7974,84
U,2,309.8010,22
Nd,2,309.8480,12
Rb,3,309.8488,74
Tm,2,309.8600,81
Gd,2,309.8640,60
Gd,2,309.8900,29
Tc,1,309.9098,72
Ag,1,309.9100,38
Ni,1,309.9120,64
Er,2,309.9190,62
Nb,2,309.9190,34
Zr,2,309.9230,48
Ru,1,309.9280,84
Ca,1,309.9300,5
Tc,1,309.9517,11
In,2,309.9809,95
Xe,3,309.9870,43
Fe,1,309.9894,8
Mo,1,309.9923,12
Cu,1,309.9928,86
Fe,1,309.9968,48
Pt,1,310.0025,74
Ir,2,310.0194,35
Ir,1,310.0290,71
Sc,2,310.0295,8
Fe,1,310.0303,30
Er,3,310.0400,88
Ir,1,310.0450,71
Gd,2,310.0500,96
C,2,310.0570,43
Ac,2,310.0628,67
Fe,1,310.0665,41
Re,1,310.0670,82
Yb,1,310.0740,19
In,2,310.0814,78
Ru,1,310.0840,79
Mo,1,310.0876,12
V,2,310.0932,70
Th,2,310.0938,58
Gd,2,310.1180,21
Sn,2,310.1250,58
Ti,2,310.1304,4
Mo,1,310.1344,79
Yb,2,310.1360,44
Hf,2,310.1400,72
Xe,2,310.1510,49
Os,1,310.1530,43
Ni,1,310.1550,92
Ra,1,310.1800,60
Ni,1,310.1880,84
Gd,2,310.1910,38
Dy,2,310.1930,45
Yb,2,310.2070,29
Yb,3,310.2180,28
V,2,310.2300,100
Xe,3,310.2360,22
U,2,310.2390,77
Tb,2,310.2540,47
Gd,2,310.2550,67
Au,1,310.2630,11
Th,2,310.2664,46
Hg,2,310.2668,44
Xe,3,310.2690,31
Pb,3,310.2740,40
Tb,2,310.2960,78
Re,2,310.3060,40
Dy,2,310.3240,39
Ta,1,310.3251,91
Ce,2,310.3380,44
Xe,3,310.3470,57
Na,2,310.3578,77
Hf,1,310.3712,25
Ti,2,310.3803,67
Ba,3,310.3924,96
O,2,310.4049,1
Pu,2,310.4120,34
U,2,310.4150,60
Sr,3,310.4252,86
Xe,2,310.4400,59
Na,2,310.4403,78
Te,2,310.4440,68
Cl,3,310.4460,51
Bi,3,310.4470,61
La,2,310.4590,64
Mg,2,310.4722,70
Mg,2,310.4809,58
K,2,310.5000,58
Pu,2,310.5040,35
Ti,2,310.5080,57
Eu,3,310.5250,47
V,2,310.5355,41
Nd,2,310.5430,10
Ni,1,310.5470,65
Ne,3,310.5730,41
Th,2,310.5747,63
Sc,2,310.5927,22
Os,1,310.5990,53
Eu,1,310.6162,94
Nd,2,310.6180,3
Ti,2,310.6231,74
Xe,3,310.6340,58
Xe,3,310.6470,22
Sm,2,310.6520,15
Zr,2,310.6580,77
Ti,2,310.6611,4
Er,2,310.6780,40
Ce,3,310.6980,89
Th,2,310.7026,36
Tm,1,310.7152,62
W,1,310.7227,63
Na,2,310.7370,71
Sc,2,310.7519,53
Cr,2,310.7568,15
Yb,2,310.7760,59
Xe,2,310.7820,27
Yb,2,310.7900,85
W,1,310.8018,63
Pm,2,310.8110,32
Th,2,310.8297,90
Ho,2,310.8310,38
Sc,1,310.8324,5
Gd,2,310.8360,23
Zr,1,310.8370,45
Cu,1,310.8452,79
La,2,310.8460,33
Sc,2,310.8491,53
Cu,1,310.8605,95
Re,1,310.8810,82
Os,1,310.8980,44
Hf,2,310.9120,89
Mn,2,310.9257,6
Ac,1,310.9330,9
Os,1,310.9380,70
Na,2,310.9538,67
Eu,3,310.9670,47
Cm,1,310.9690,2
Dy,2,310.9760,59
Ho,2,310.9910,38
Th,2,311.0021,58
Sm,2,311.0200,8
Na,2,311.0230,32
Ce,2,311.0280,37
Ar,3,311.0410,61
Ce,3,311.0530,92
Ti,2,311.0672,9
Mn,1,311.0680,20
V,2,311.0710,99
Be,1,311.0814,40
Re,1,311.0860,65
Hf,2,311.0870,31
Zr,2,311.0880,40
Be,1,311.0918,41
Be,1,311.0986,56
Be,1,311.1068,8
Os,1,311.1090,30
Ce,2,311.1170,29
Gd,1,311.1190,46
Be,1,311.1235,9
Pr,2,311.1340,29
Rb,3,311.1364,98
Be,1,311.1420,21
Eu,1,311.1427,98
Nb,1,311.1450,43
Na,2,311.1453,75
Ac,1,311.1570,52
U,2,311.1620,92
Y,1,311.1797,46
La,3,311.1970,78
Y,2,311.2029,27
Mo,1,311.2119,93
Kr,3,311.2250,96
Th,3,311.2342,70
Rb,1,311.2566,40
Xe,2,311.2740,27
Ac,2,311.2830,96
Rb,1,311.3047,17
Gd,2,311.3170,27
Er,2,311.3430,54
Cu,1,311.3482,48
V,2,311.3564,41
O,2,311.3611,31
F,3,311.3620,60
Na,2,311.3693,78
Sr,3,311.3835,58
Th,3,311.3900,36
Pd,1,311.4038,77
Ni,1,311.4120,69
Y,1,311.4283,29
Xe,3,311.4410,51
Rb,3,311.4822,90
Rh,1,311.4910,45
Bi,3,311.5000,89
Nd,2,311.5180,38
Yb,2,311.5340,70
Pm,2,311.5360,8
Ne,2,311.5672,29
F,3,311.5700,93
Nd,2,311.6150,19
Hg,2,311.6195,84
Cu,1,311.6348,72
Ti,2,311.6378,36
Cm,1,311.6410,3
As,2,311.6516,10
Gd,3,311.6590,19
Ne,2,311.6695,47
Yb,2,311.6700,59
La,3,311.6740,52
Ne,2,311.6762,47
V,2,311.6781,28
Au,1,311.7010,12
Pm,2,311.7220,9
Na,2,311.7231,67
Br,3,311.7290,61
Ir,2,311.7328,45
W,1,311.7572,72
Ti,2,311.7666,52
Th,2,311.7684,19
Sm,2,311.7720,6
Yb,2,311.7810,87
Tb,2,311.7890,57
Ne,2,311.7981,69
Gd,3,311.8040,91
Ne,2,311.8160,81
Re,1,311.8190,65
Os,1,311.8330,44
V,2,311.8382,99
Lu,1,311.8430,93
Ho,2,311.8500,86
Gd,2,311.8600,21
Cr,2,311.8649,97
Pm,2,311.8760,9
Ac,2,311.8781,80
Ir,2,311.8833,44
Pb,1,311.8894,65
Rb,3,311.8925,77
Gd,1,311.9010,41
Ba,3,311.9221,97
U,2,311.9350,70
Ba,3,311.9477,62
Th,2,311.9526,89
Tb,2,311.9620,57
Ca,3,311.9665,99
Ti,2,311.9800,54
Be,1,311.9850,10
Gd,2,311.9940,62
Be,1,311.9968,10
Hf,1,311.9980,60
Be,1,312.0020,22
Tm,3,312.0150,37
Ac,2,312.0157,93
Gd,2,312.0180,18
W,1,312.0180,18
Cr,2,312.0369,98
Cu,1,312.0435,49
Am,2,312.0490,83
Xe,3,312.0520,31
Kr,3,312.0610,89
V,2,312.0729,58
Zr,1,312.0740,77
Ir,1,312.0760,62
V,2,312.1147,90
Re,1,312.1360,65
F,3,312.1540,98
Ce,3,312.1560,93
Pr,2,312.1580,38
O,3,312.1710,21
Sr,3,312.1740,16
Na,2,312.1759,71
Rh,1,312.1760,66
Ir,1,312.1780,43
Xe,2,312.1870,83
Tb,2,312.1940,48
Rb,3,312.1978,38
Mo,2,312.2000,80
C,2,312.2086,28
Xe,3,312.2150,22
Sc,2,312.2459,45
Kr,3,312.2460,84
Au,2,312.2500,88
O,2,312.2521,78
Tm,1,312.2533,82
Cr,2,312.2602,50
Tc,1,312.2642,64
Er,2,312.2720,84
Au,1,312.2780,97
V,2,312.2897,72
Na,2,312.2935,73
Sc,2,312.2949,53
Th,2,312.2963,67
Tb,2,312.3050,48
Nd,2,312.3060,15
Ne,2,312.3476,7
Ne,2,312.3500,7
Rh,1,312.3700,73
Cl,2,312.3720,35
Pu,2,312.3870,36
O,2,312.3921,53
Gd,2,312.3990,52
Xe,2,312.4020,18
C,2,312.4133,43
Ne,2,312.4185,48
Gd,2,312.4250,21
Th,2,312.4387,68
Kr,3,312.4390,97
Na,2,312.4415,98
Tb,2,312.4540,35
Nd,2,312.4580,20
F,3,312.4790,62
Ge,1,312.4816,60
U,2,312.4950,85
Xe,3,312.4950,23
Ta,1,312.4969,82
Cr,2,312.4978,99
Be,1,312.4993,23
Cr,2,312.5056,10
Be,1,312.5119,23
Ca,2,312.5180,1
Th,2,312.5209,47
Na,2,312.5212,83
Mn,2,312.5228,6
V,2,312.5286,99
Th,2,312.5507,78
198Hg,1,312.5670,90
Hg,1,312.5674,98
Th,2,312.5745,36
Zr,2,312.5920,54
Ru,1,312.5960,19
Yb,3,312.6010,100
Sc,2,312.6012,53
Kr,2,312.6020,1
Cu,1,312.6109,88
Ne,1,312.6196,65
V,2,312.6219,94
Pa,2,312.6230,29
Si,3,312.6270,19
Mg,3,312.6380,82
Na,2,312.6440,23
Ba,3,312.6446,83
Hf,1,312.6655,11
Au,2,312.6860,46
Au,1,312.7030,36
W,1,312.7328,18
Ce,2,312.7530,7
Nb,2,312.7530,62
Ti,2,312.7684,61
Ag,2,312.7698,26
Ta,1,312.7760,55
Ti,2,312.7850,46
Ar,3,312.7900,62
Sc,2,312.8271,54
Dy,2,312.8410,49
Ti,2,312.8483,56
Gd,2,312.8560,24
Cr,2,312.8700,88
Cu,1,312.8701,80
Y,2,312.8731,31
Hf,1,312.8760,61
Re,1,312.8940,72
Zr,2,312.9180,67
Ir,2,312.9232,17
Eu,3,312.9310,48
O,2,312.9334,78
Na,2,312.9377,84
Hf,1,312.9588,47
Zr,2,312.9760,67
Na,2,312.9821,11
Y,2,312.9930,36
Ag,1,313.0020,57
V,2,313.0270,94
Be,2,313.0422,99
Ta,1,313.0578,82
Eu,2,313.0730,61
Nb,2,313.0790,96
Rh,1,313.0790,22
Ti,2,313.0798,64
Gd,2,313.0810,24
Ce,2,313.0870,11
Ho,2,313.0990,58
Be,2,313.1067,98
Zr,1,313.1110,53
Os,1,313.1120,61
Tc,1,313.1233,83
Tm,2,313.1260,99
Tb,2,313.1350,28
198Hg,1,313.1551,87
Hg,1,313.1555,97
Hf,1,313.1812,94
198Hg,1,313.1842,92
Hg,1,313.1844,98
Ac,2,313.2040,38
Cr,2,313.2057,99
Zr,1,313.2070,77
Eu,1,313.2160,35
Ne,2,313.2190,48
Na,2,313.2300,11
Er,2,313.2520,49
Te,2,313.2580,41
Mo,1,313.2594,99
Ta,1,313.2643,75
Er,2,313.2770,70
Ir,2,313.2791,23
O,3,313.2860,50
Sc,2,313.3073,45
Gd,2,313.3090,18
Cd,1,313.3167,74
Zr,1,313.3230,45
Ir,1,313.3320,95
V,2,313.3334,90
Zr,2,313.3480,57
Pt,2,313.3557,2
Nd,2,313.3600,41
Gd,2,313.3850,60
W,1,313.3884,45
Tm,2,313.3890,93
Re,1,313.4020,51
Ni,1,313.4110,94
Ne,2,313.4132,8
O,2,313.4218,79
F,3,313.4230,64
Tb,2,313.4260,51
Cr,2,313.4303,3
Ho,2,313.4390,38
Th,2,313.4426,41
Hf,2,313.4720,92
O,2,313.4720,96
Be,1,313.4763,42
Rb,3,313.4835,51
Nd,2,313.4900,26
V,2,313.4938,71
Gd,2,313.5030,31
Kr,2,313.5100,15
Y,2,313.5168,40
Es,1,313.5250,14
Cr,2,313.5340,4
Dy,2,313.5380,79
Na,2,313.5483,100
Cr,2,313.5716,28
Ba,1,313.5720,31
Ne,2,313.5817,29
Al,2,313.5848,66
S,3,313.5910,5
Ca,1,313.6020,7
Be,1,313.6060,24
Kr,3,313.6200,67
Sm,2,313.6300,16
V,2,313.6517,66
Cr,2,313.6686,90
Yb,2,313.6760,46
Gd,1,313.6930,49
Zr,1,313.6960,61
Cm,1,313.7160,4
Nd,2,313.7240,3
Gd,1,313.7300,49
Hf,1,313.7520,40
Ba,1,313.7700,38
Rh,1,313.7710,55
Ir,2,313.7720,37
Pb,3,313.7810,91
Na,2,313.7861,98
C,2,313.7920,28
Ne,2,313.8058,29
Xe,3,313.8280,89
O,2,313.8335,86
Sc,2,313.8438,54
Yb,3,313.8580,95
In,2,313.8610,85
Hf,1,313.8651,83
Zr,2,313.8680,78
Be,1,313.8685,57
Gd,1,313.8710,41
Mo,2,313.8720,58
Na,2,313.8940,24
Ar,2,313.9017,49
Th,2,313.9306,62
Cl,3,313.9340,79
Pt,1,313.9387,89
Kr,2,313.9580,37
Kr,3,313.9580,79
U,2,313.9610,71
Tb,2,313.9640,75
Hf,2,313.9650,46
Hg,2,313.9679,20
O,2,313.9680,79
Sc,2,313.9718,85
V,2,313.9745,57
Zr,1,313.9800,53
Tb,2,314.0060,38
Cu,1,314.0312,72
Ba,3,314.0601,62
Dy,2,314.0640,52
Ac,1,314.0720,13
W,1,314.0752,19
Hf,2,314.0760,25
Ca,1,314.0790,11
Yb,2,314.0940,90
Er,2,314.1100,66
Dy,2,314.1140,67
Ce,3,314.1290,89
Ne,2,314.1332,81
Kr,3,314.1350,96
Re,1,314.1380,50
W,1,314.1420,63
Nd,2,314.1460,16
Cs,2,314.1536,38
Xe,3,314.1630,43
Yb,2,314.1730,68
Sn,1,314.1823,71
Kr,3,314.1880,84
C,2,314.2040,16
W,1,314.2147,46
Nb,3,314.2260,76
Th,3,314.2302,75
Tm,1,314.2433,82
Nd,2,314.2440,17
Cu,1,314.2444,83
V,2,314.2482,82
Eu,3,314.2540,48
In,2,314.2733,75
Mo,1,314.2749,1
K,2,314.2750,8
La,2,314.2760,53
Cu,1,314.2797,7
Pd,1,314.2810,55
Th,2,314.2835,58
Th,3,314.2984,9
Gd,2,314.3130,38
Sr,3,314.3255,50
Ac,1,314.3710,77
Ne,2,314.3720,69
Ti,2,314.3755,60
Dy,2,314.3830,39
In,2,314.3862,5
Ce,3,314.3960,90
Kr,3,314.4320,59
Er,2,314.4330,42
Ho,2,314.4360,58
Nd,2,314.4550,4
Nd,2,314.4820,4
Tm,2,314.4900,49
U,2,314.4970,52
Gd,2,314.5000,78
Yb,2,314.5060,68
In,2,314.5137,2
Tb,2,314.5220,48
Ce,2,314.5280,27
Hf,2,314.5320,56
Nb,2,314.5400,76
Be,1,314.5425,42
Gd,2,314.5520,53
Yb,2,314.5540,29
U,2,314.5560,65
Mn,2,314.5679,6
Na,2,314.5706,92
Ni,1,314.5720,38
W,2,314.5755,96
V,2,314.5976,6
Th,2,314.6043,52
Ag,2,314.6070,13
Dy,2,314.6160,43
Tm,2,314.6160,50
V,2,314.6228,25
Pa,2,314.6280,32
Ce,2,314.6410,27
Ir,2,314.6440,12
Tb,2,314.6670,33
In,2,314.6712,89
Cd,2,314.6790,53
Cu,1,314.6821,74
Gd,2,314.6880,38
Sc,2,314.6883,45
F,3,314.6990,65
Tb,2,314.7040,61
Ce,3,314.7060,91
In,2,314.7099,44
Tb,2,314.7150,61
Cr,2,314.7227,87
Cm,1,314.7330,5
Mo,1,314.7353,48
Si,3,314.7370,31
S,2,314.7499,86
Dy,1,314.7694,71
Br,3,314.7810,30
Ti,2,314.8036,65
Th,3,314.8065,89
Mn,1,314.8180,34
Hf,1,314.8415,58
Nd,2,314.8510,4
Ne,1,314.8611,39
Ne,2,314.8680,69
Tb,2,314.8710,61
Zr,1,314.8820,61
Rb,2,314.8903,95
U,2,314.9240,85
Na,2,314.9283,99
Nd,2,314.9290,4
Cs,3,314.9356,96
Cu,1,314.9508,44
Nd,2,314.9510,5
W,2,314.9853,63
Eu,2,314.9880,21
Bi,3,314.9970,62
Be,1,315.0080,35
Th,2,315.0455,29
Ir,1,315.0610,41
Xe,3,315.0690,71
Ca,1,315.0750,17
Xe,3,315.0830,64
Kr,2,315.0940,70
Xe,3,315.0970,85
Tm,2,315.1040,92
Cu,2,315.1051,7
Ne,2,315.1136,48
Cs,2,315.1187,69
Ba,3,315.1202,7
W,2,315.1295,38
V,2,315.1316,16
Rh,1,315.1360,29
Co,3,315.1440,2
Yb,3,315.1440,67
Cu,1,315.1620,8
Hf,1,315.1640,44
Re,1,315.1640,73
Kr,3,315.1750,67
Xe,3,315.1830,71
Nb,1,315.1870,40
Sm,2,315.2100,3
Cr,2,315.2215,58
Ti,2,315.2250,59
Cs,3,315.2357,98
W,2,315.2470,52
Sm,2,315.2520,40
Ne,3,315.2600,58
Rh,1,315.2600,29
Os,1,315.2670,30
Ba,3,315.2697,97
Mo,2,315.2820,73
W,1,315.2954,46
Xe,3,315.3000,58
Ac,2,315.3092,99
U,2,315.3110,71
Yb,2,315.3180,30
Ne,1,315.3411,39
Xe,3,315.3440,44
F,2,315.3490,8
Os,1,315.3610,40
Ne,2,315.3678,8
Re,1,315.3790,64
Ru,1,315.3820,20
I,3,315.3880,63
Yb,2,315.3880,73
Cs,3,315.3967,76
Ac,2,315.4149,49
Ti,2,315.4192,53
Es,2,315.4270,46
Er,2,315.4290,67
Th,2,315.4301,79
Mg,3,315.4336,77
Ac,2,315.4410,100
Ir,1,315.4740,42
Th,2,315.4758,18
Th,2,315.4775,71
Ne,2,315.4795,8
W,1,315.5090,19
Cm,1,315.5100,6
Yb,2,315.5180,47
Li,2,315.5310,49
Li,2,315.5330,54
V,2,315.5404,0
Xe,3,315.5510,31
Tb,2,315.5620,30
Mo,2,315.5640,30
Y,1,315.5647,19
Ti,2,315.5668,50
Zr,2,315.5670,48
Ba,1,315.5673,39
In,2,315.5769,77
Rh,1,315.5780,64
Ho,2,315.6180,39
Os,1,315.6250,93
Mg,3,315.6506,26
Dy,2,315.6520,84
Gd,2,315.6530,79
Pt,1,315.6562,79
Cu,1,315.6629,74
Hf,1,315.6688,82
Os,1,315.6780,31
Ho,2,315.6970,52
Zr,2,315.7000,20
C,2,315.7130,16
K,2,315.7150,8
Tm,2,315.7340,88
In,2,315.7411,26
Ar,3,315.7420,46
Rb,1,315.7530,51
Zr,1,315.7820,75
Mo,1,315.8166,98
Rb,1,315.8259,29
Re,1,315.8310,66
In,2,315.8396,90
Na,2,315.8420,61
Ga,2,315.8600,24
Cm,1,315.8600,7
Gd,1,315.8630,50
Ca,2,315.8870,90
Ac,2,315.8880,45
Pt,2,315.9072,9
Ir,1,315.9150,42
W,1,315.9181,19
Pu,2,315.9210,37
Ho,2,315.9670,39
Hf,1,315.9840,90
Ru,1,315.9920,52
Zr,3,315.9938,46
Ne,3,315.9950,58
In,2,315.9997,19
W,2,316.0021,71
Cu,1,316.0047,40
Te,2,316.0659,65
Xe,3,316.0660,6
Gd,2,316.0690,25
Be,1,316.0768,65
Rb,2,316.1003,87
I,2,316.1027,15
Mn,1,316.1040,48
Na,2,316.1154,62
Ti,2,316.1202,75
Gd,2,316.1370,79
Ar,2,316.1373,28
Si,3,316.1610,48
Tc,1,316.1674,33
Pu,2,316.1730,37
Ti,2,316.1769,83
Am,2,316.1830,43
Pm,1,316.2230,0
Yb,1,316.2290,20
Tb,2,316.2420,32
Na,2,316.2530,19
Ti,2,316.2566,87
Hf,1,316.2575,90
Hf,2,316.2610,89
Nd,2,316.2620,5
Dy,2,316.2830,76
Th,2,316.2839,62
Tb,2,316.2930,58
Xe,2,316.2930,35
Ac,2,316.3010,40
Pu,2,316.3180,38
Na,2,316.3246,72
Ba,3,316.3345,89
Nb,2,316.3400,95
W,1,316.3416,46
Tl,3,316.3530,70
Zr,3,316.3608,22
Pr,2,316.3730,38
Na,2,316.3736,100
Yb,2,316.3800,65
Be,1,316.3840,1
Ir,2,316.3852,25
Ce,2,316.4150,28
Zr,2,316.4310,69
Sr,3,316.4332,50
Cd,2,316.4343,1
Hf,1,316.4385,58
Ne,2,316.4429,69
W,1,316.4440,19
Xe,3,316.4470,23
Re,1,316.4520,42
Mo,1,316.4532,17
Ne,2,316.4662,81
Ac,2,316.4810,96
V,2,316.4839,0
Au,1,316.4880,12
Ti,2,316.4905,51
Ne,3,316.5010,50
Yb,2,316.5210,47
Ba,3,316.5296,7
W,1,316.5375,20
Zr,2,316.5450,20
C,2,316.5467,91
Ba,1,316.5598,54
Ne,2,316.5648,70
Hf,1,316.5730,19
Tb,2,316.5740,38
Mg,2,316.5878,14
Zr,2,316.5970,86
C,2,316.5974,67
Th,2,316.6098,6
Ne,2,316.6176,8
Er,3,316.6250,94
Zr,2,316.6260,21
Ti,2,316.6367,37
Th,3,316.6456,11
Os,1,316.6510,44
Ho,2,316.6620,83
Pt,2,316.7224,83
Mg,3,316.7251,27
V,2,316.7418,1
Na,2,316.7484,53
V,2,316.7506,17
Tb,2,316.7520,69
O,2,316.7571,11
Ne,1,316.7576,5
Ti,3,316.7828,17
Am,2,316.7860,23
C,2,316.7931,87
V,2,316.8131,12
Ir,1,316.8180,31
Ta,1,316.8180,27
Pr,2,316.8240,62
Eu,1,316.8278,28
Tb,2,316.8320,33
Re,1,316.8370,82
Hf,1,316.8390,59
Ti,2,316.8518,93
Ru,1,316.8520,37
Be,1,316.8602,50
O,2,316.8634,53
Pm,1,316.8820,1
Ir,1,316.8880,70
Mg,2,316.8951,38
Yb,2,316.9060,78
Ce,2,316.9180,28
Th,2,316.9328,12
Rb,3,316.9338,75
Na,2,316.9580,67
Sc,1,316.9604,5
C,2,316.9660,28
Ar,2,316.9668,48
Cu,1,316.9681,76
Ne,3,316.9800,7
Tb,2,316.9840,48
Sm,2,316.9880,34
Ir,2,316.9911,22
Cm,2,316.9980,58
Dy,2,316.9990,82
C,2,317.0030,40
I,3,317.0140,64
W,1,317.0206,20
Ta,1,317.0289,78
Mo,1,317.0343,99
Sc,2,317.0348,54
Ag,1,317.0579,8
Pa,2,317.0890,35
Kr,3,317.0930,84
Eu,3,317.1000,95
Ac,1,317.1170,79
Lu,1,317.1360,90
Zn,2,317.1450,58
Pa,2,317.1540,38
Ba,3,317.1603,48
Ce,2,317.1610,28
La,3,317.1630,98
Ar,3,317.1640,12
Ho,2,317.1720,68
La,3,317.1740,99
K,2,317.1810,9
Mo,2,317.2030,55
Cr,2,317.2080,21
Hg,2,317.2116,25
Zn,2,317.2230,60
Pr,2,317.2310,45
Au,2,317.2350,6
Er,3,317.2470,16
Ne,2,317.2474,29
Cs,3,317.2606,72
C,2,317.2620,25
Tm,1,317.2654,95
La,3,317.2690,53
Mg,2,317.2706,39
Mo,2,317.2740,67
Pm,2,317.2770,10
Tm,2,317.2830,94
Y,1,317.2835,6
Mn,2,317.2937,7
Hf,1,317.2949,89
Y,2,317.3045,43
Tc,1,317.3295,89
Cs,2,317.3344,4
Er,3,317.3450,5
Ne,2,317.3573,48
Tm,2,317.3580,64
Ta,1,317.3586,75
Ne,3,317.3600,58
Eu,2,317.3610,50
Ne,2,317.3671,30
Tb,2,317.3760,39
Ho,2,317.3780,86
Os,2,317.3930,64
Br,3,317.4080,73
F,3,317.4170,99
Th,2,317.4204,28
Ac,1,317.4224,26
Pu,2,317.4490,39
C,2,317.4580,16
Re,1,317.4610,42
Tb,2,317.4660,69
Ac,1,317.4690,16
F,3,317.4760,96
Ti,2,317.4801,36
Ho,2,317.4840,69
Sn,1,317.5035,98
I,2,317.5066,62
Na,2,317.5086,86
Te,1,317.5150,68
Ne,3,317.5170,28
Ti,2,317.5551,7
Mo,1,317.5591,35
Ne,3,317.5630,59
Xe,2,317.5640,60
Cu,1,317.5670,52
Th,2,317.5726,68
Er,3,317.5740,54
Nb,2,317.5780,36
Mg,2,317.5783,44
W,2,317.5945,48
Nd,2,317.5990,5
Ne,2,317.6120,49
U,2,317.6210,31
In,2,317.6272,87
Ta,1,317.6294,62
Pb,3,317.6500,95
Ne,2,317.6552,49
W,1,317.6601,81
Ne,3,317.6630,59
Gd,3,317.6660,97
Ac,2,317.6830,70
Hf,2,317.6860,79
Kr,2,317.6940,30
Ho,2,317.6970,52
Ru,2,317.7049,34
U,2,317.7330,31
Cm,1,317.7550,8
Ir,1,317.7580,63
Re,1,317.7710,73
Dy,2,317.7890,56
Os,1,317.8060,57
Eu,3,317.8080,49
Zr,2,317.8090,33
Sm,2,317.8120,3
Ne,3,317.8340,76
Dy,2,317.8370,39
Hf,1,317.8436,1
Bk,2,317.8470,26
Ti,2,317.8490,23
Mn,1,317.8500,56
Re,1,317.8610,51
Cs,3,317.8643,62
Eu,3,317.8870,81
Th,2,317.9048,80
W,1,317.9060,46
Na,2,317.9064,94
Cm,1,317.9100,9
Ca,2,317.9330,95
B,2,317.9331,73
Yb,3,317.9340,56
Pu,2,317.9410,40
Y,2,317.9415,55
Ac,1,317.9520,2
Sc,1,317.9561,6
Hf,1,317.9620,1
Tm,1,317.9687,46
Rh,1,317.9730,45
Mo,1,317.9782,2
Be,2,317.9870,41
Cd,2,317.9961,13
Al,3,318.0111,26
Ti,2,318.0150,10
Ne,3,318.0160,35
Th,2,318.0194,98
Nb,2,318.0290,77
Tc,1,318.0305,12
Ir,1,318.0350,38
Ca,1,318.0520,8
Tb,2,318.0540,70
Tm,1,318.0565,83
Cr,2,318.0696,95
Ag,2,318.0713,42
W,1,318.0745,20
Yb,2,318.0920,79
Na,2,318.0940,45
Ta,1,318.0947,93
Hf,1,318.1008,42
Ar,2,318.1037,29
Hf,1,318.1148,35
Ca,2,318.1280,88
Ir,2,318.1326,31
Cr,2,318.1422,29
Ho,2,318.1500,87
Zr,2,318.1580,33
I,3,318.1660,66
Ti,2,318.1722,44
Ni,1,318.1740,39
W,1,318.1816,63
Os,1,318.1880,25
Er,2,318.1920,87
Zr,2,318.1920,21
Cu,2,318.2172,10
Tc,1,318.2367,84
Ac,1,318.2520,14
Ti,2,318.2531,28
Sr,3,318.2613,98
W,1,318.2860,20
Zr,2,318.2860,87
Re,1,318.2870,78
Kr,1,318.2950,5
Mo,1,318.3033,71
Tc,1,318.3108,84
Cr,2,318.3330,50
V,1,318.3409,95
Er,2,318.3420,67
Ce,2,318.3520,60
Mn,2,318.3560,7
Lu,2,318.3730,38
Eu,3,318.3780,95
Al,3,318.3824,32
Ho,2,318.3840,69
Tb,2,318.3880,33
Ag,2,318.3906,40
Sm,2,318.3920,71
Ba,1,318.3960,46
V,1,318.3960,99
V,1,318.4014,93
Xe,3,318.4270,44
Xe,2,318.4350,9
Ni,1,318.4370,48
W,1,318.4418,72
Ho,2,318.4480,53
Ta,1,318.4552,71
Mo,1,318.4576,17
Re,1,318.4760,88
Dy,2,318.4790,34
Ti,3,318.4839,68
Cu,2,318.4840,23
Fe,1,318.4894,36
Th,2,318.4949,58
Mo,1,318.5100,72
Pu,2,318.5120,40
Si,3,318.5130,87
S,3,318.5185,19
Xe,3,318.5210,77
Er,2,318.5250,42
Os,1,318.5330,26
V,1,318.5398,97
Tl,2,318.5510,66
Eu,1,318.5552,35
Re,1,318.5570,88
Rh,1,318.5590,52
Mo,1,318.5712,36
Y,1,318.5944,0
Si,3,318.6020,78
Sc,1,318.6037,6
Ru,1,318.6040,34
Ce,2,318.6130,12
P,3,318.6186,59
Ho,1,318.6370,70
Dy,2,318.6380,50
Cm,1,318.6410,10
Tl,2,318.6560,68
Ge,2,318.6715,58
Zr,3,318.6896,35
Os,1,318.6980,44
Sm,2,318.7010,25
Mn,2,318.7054,39
W,2,318.7083,6
Sc,2,318.7121,34
Sm,2,318.7220,45
Tb,2,318.7260,79
Be,1,318.7340,25
Nb,1,318.7490,53
Ne,2,318.7576,49
Mo,2,318.7590,60
Pu,2,318.7600,41
Dy,2,318.7680,40
V,2,318.7712,93
Tl,2,318.7740,70
Hg,2,318.7744,30
He,1,318.7745,62
Na,2,318.7780,11
Sm,2,318.7790,35
Ar,3,318.7900,55
Tb,2,318.8030,58
V,2,318.8087,12
Cm,1,318.8110,11
Na,2,318.8127,12
Th,2,318.8233,92
Th,2,318.8308,83
Ru,1,318.8340,45
V,2,318.8513,95
Ne,2,318.8741,70
Si,2,318.8970,71
Na,2,318.9002,53
Po,1,318.9020,55
Rh,1,318.9050,66
Kr,3,318.9110,98
Pu,2,318.9230,42
W,2,318.9239,23
Os,1,318.9460,45
Ti,2,318.9484,58
Hf,1,318.9632,53
Na,2,318.9790,99
Te,2,318.9830,37
Ru,1,318.9980,45
K,2,319.0070,45
Th,2,319.0164,9
Gd,1,319.0280,53
Sc,2,319.0385,64
V,1,319.0682,85
V,2,319.0682,97
Re,1,319.0780,51
Ne,2,319.0863,49
Ti,2,319.0873,90
Ne,2,319.0920,9
Ti,2,319.0979,59
Sc,2,319.0984,75
Hg,2,319.1019,80
Nb,2,319.1100,66
Rh,1,319.1190,83
Kr,3,319.1210,97
Zr,1,319.1210,83
Y,1,319.1300,59
Yb,3,319.1350,92
Pr,2,319.1420,33
Nb,2,319.1430,37
Cl,3,319.1450,94
Eu,3,319.1460,49
Al,2,319.1529,4
W,1,319.1572,88
Hg,2,319.1591,22
Fe,1,319.1659,43
Au,1,319.1760,37
Lu,2,319.1800,50
Zr,2,319.1900,41
Si,2,319.2250,47
Re,1,319.2360,52
Ti,2,319.2557,63
Mo,1,319.2792,2
Yb,2,319.2880,95
Sm,2,319.3010,35
La,2,319.3020,38
Si,2,319.3090,71
Fe,1,319.3226,65
Dy,2,319.3300,50
Hf,2,319.3530,73
Pu,2,319.3550,43
Ac,2,319.3680,33
Ti,3,319.3771,33
Be,1,319.3830,60
Mo,1,319.3978,98
Cu,1,319.4099,90
Na,2,319.4140,12
Hf,2,319.4190,87
Si,2,319.4210,48
Os,1,319.4230,45
Ti,2,319.4242,72
Eu,3,319.4340,81
In,2,319.4470,87
Re,1,319.4500,32
Pu,2,319.4560,43
Ti,2,319.4567,82
Ne,2,319.4575,70
Si,2,319.4690,49
Tb,2,319.4690,39
Au,1,319.4720,61
Ce,2,319.4830,76
Nb,2,319.4980,92
Ba,3,319.5167,93
Tc,2,319.5200,86
Tm,2,319.5330,50
Si,2,319.5410,57
V,2,319.5435,72
Ni,1,319.5570,39
Tb,2,319.5600,70
Y,2,319.5613,83
Mo,1,319.5960,62
Pr,2,319.5990,50
Sm,2,319.6180,35
Xe,2,319.6220,35
Xe,3,319.6250,72
Li,2,319.6260,6
Bi,3,319.6290,67
Zn,2,319.6311,78
Li,2,319.6330,89
Li,2,319.6360,56
Si,3,319.6500,81
Xe,3,319.6510,64
Ru,1,319.6590,34
La,3,319.6840,40
Hf,1,319.6916,24
Cr,2,319.6925,48
Fe,1,319.6927,31
Fe,1,319.6987,17
Mn,2,319.7006,7
Cr,2,319.7076,94
Zn,2,319.7100,62
Be,2,319.7103,75
Ni,1,319.7110,58
Rh,1,319.7130,71
Be,2,319.7149,81
Ti,2,319.7519,13
Ge,3,319.7560,71
Mg,1,319.7625,16
Pt,2,319.7716,37
Ho,2,319.7830,70
V,1,319.8007,77
In,2,319.8101,86
Lu,2,319.8120,65
Pu,2,319.8470,44
Ba,3,319.8490,72
Re,1,319.8580,42
Ne,2,319.8586,89
Yb,2,319.8650,65
Ta,1,319.8670,62
Rb,3,319.8697,48
W,1,319.8840,88
Mo,1,319.8850,17
Mn,2,319.8913,7
Ir,1,319.8920,63
Pr,2,319.9040,33
Gd,1,319.9300,54
Li,2,319.9330,70
Sc,2,319.9331,64
Li,2,319.9430,32
Pt,2,319.9509,85
Si,2,319.9510,78
Tb,2,319.9560,79
Gd,1,319.9580,46
Hf,2,319.9990,32
Pu,2,320.0230,45
Y,2,320.0269,81
Ar,1,320.0370,25
Au,1,320.0370,37
Kr,2,320.0400,59
Er,2,320.0580,54
Pt,1,320.0710,81
In,2,320.0851,16
Pu,2,320.1000,46
Yb,2,320.1160,91
Cs,2,320.1198,29
Hg,2,320.1385,73
Mo,2,320.1500,19
V,2,320.1530,58
W,2,320.1579,94
Mn,2,320.1658,39
Pu,2,320.1660,46
Ce,2,320.1710,90
Ho,2,320.1760,70
Mg,1,320.1796,28
Ir,2,320.1858,26
K,3,320.1950,77
Ti,2,320.1963,11
Xe,2,320.2040,10
Ac,2,320.2120,68
Ni,1,320.2140,40
V,1,320.2382,83
Si,2,320.2490,26
Ti,2,320.2534,85
Kr,2,320.2540,30
Sc,1,320.2580,6
Ir,2,320.2630,8
F,2,320.2760,49
Tc,1,320.2831,33
Ir,2,320.3070,1
Am,2,320.3260,25
Y,2,320.3320,82
W,2,320.3337,42
Nb,2,320.3350,26
Al,1,320.3390,48
Gd,1,320.3410,38
W,2,320.3417,1
Ti,2,320.3431,29
Nd,2,320.3470,13
Sc,1,320.3532,6
Ti,2,320.3538,17
Sr,3,320.3670,86
Ti,2,320.3858,16
Si,2,320.3870,58
Pt,1,320.4036,87
Re,1,320.4250,89
Ar,2,320.4321,19
Pu,2,320.4480,47
Au,1,320.4740,38
Ac,2,320.4870,76
Mn,2,320.4874,65
Er,2,320.5150,41
Mo,1,320.5216,68
V,1,320.5574,67
Mo,1,320.5887,87
U,2,320.6050,31
Hf,1,320.6108,73
V,2,320.6108,42
Eu,3,320.6300,50
Nb,2,320.6340,66
Dy,2,320.6400,40
W,2,320.6406,30
Mn,2,320.6467,40
Ba,3,320.6608,57
Pu,2,320.6800,48
Ho,2,320.6860,39
Mg,3,320.6948,27
Sc,1,320.7015,7
Cm,2,320.7120,61
Dy,2,320.7120,40
Sm,2,320.7180,35
W,1,320.7250,96
V,1,320.7407,73
Hg,2,320.7709,57
Cm,1,320.7710,12
Kr,3,320.7780,67
Pr,2,320.7890,30
Pu,2,320.7970,49
Hg,2,320.8169,93
Sm,2,320.8170,4
Cu,1,320.8231,89
Kr,2,320.8280,54
W,1,320.8280,88
V,2,320.8346,47
Ti,2,320.8448,29
W,1,320.8566,21
Cr,2,320.8589,33
Be,1,320.8600,75
Mo,1,320.8838,97
Dy,2,320.8850,45
Eu,3,320.8950,50
Ne,2,320.8965,70
Kr,2,320.9170,9
Cr,2,320.9179,90
K,3,320.9340,80
Ne,2,320.9355,81
Y,1,320.9377,0
Cs,3,320.9674,75
Cm,2,320.9890,64
Cm,1,320.9940,14
W,2,320.9959,37
Ca,1,320.9960,18
Si,2,321.0030,79
Cm,2,321.0050,67
I,3,321.0140,67
Th,2,321.0309,33
Ho,2,321.0410,53
Si,3,321.0550,82
Tm,2,321.0560,59
Eu,1,321.0566,96
Tm,2,321.0820,60
Fe,2,321.0829,40
Kr,2,321.0890,9
Ti,2,321.0936,16
Hf,1,321.0965,53
Mo,1,321.0966,54
Nd,2,321.1000,2
Te,2,321.1213,48
Cu,1,321.1430,44
Sm,2,321.1730,64
Mn,2,321.1735,8
Ge,3,321.1860,78
Fe,1,321.1987,2
Ac,2,321.1990,81
Tm,2,321.2010,60
Zr,1,321.2010,83
Tc,2,321.2020,96
Th,2,321.2022,19
Ir,1,321.2120,76
Na,2,321.2190,98
V,1,321.2430,65
Eu,1,321.2804,99
Ba,3,321.2806,85
Na,2,321.2820,54
Mn,1,321.2880,70
Os,2,321.3310,59
Ti,2,321.3483,20
I,3,321.3490,90
Hf,1,321.3708,30
Ne,2,321.3735,82
Eu,1,321.3745,96
Sc,1,321.3774,7
Cs,3,321.3822,73
Eu,3,321.3840,50
Mg,3,321.3845,38
Ta,2,321.3910,35
F,3,321.4000,25
Ni,1,321.4060,60
Fe,1,321.4061,23
Zr,2,321.4190,80
Rh,1,321.4320,45
Ne,2,321.4326,89
Fe,1,321.4396,35
Er,2,321.4440,47
Mo,1,321.4441,17
Si,2,321.4660,54
V,2,321.4746,51
Ne,2,321.4751,30
Ti,2,321.4767,62
Na,2,321.4770,32
S,2,321.4831,7
Ne,2,321.4928,30
Er,3,321.4950,85
Ge,3,321.4950,74
Mo,1,321.5071,80
Pu,1,321.5080,3
Ca,1,321.5170,21
Dy,2,321.5190,65
Sm,2,321.5260,17
Ca,1,321.5340,11
V,1,321.5371,19
W,1,321.5562,88
Nb,2,321.5600,78
W,2,321.5616,80
W,1,321.5648,81
Ag,1,321.5670,32
La,1,321.5810,35
O,2,321.5877,23
Pu,2,321.6150,49
Kr,2,321.6250,9
Si,3,321.6250,32
Yb,3,321.6270,53
Na,2,321.6283,76
Ac,1,321.6450,20
Ir,2,321.6520,15
Cr,2,321.6553,29
Th,3,321.6575,76
O,2,321.6618,31
Dy,2,321.6630,79
Y,2,321.6680,87
Y,2,321.6731,62
Sm,2,321.6850,57
Ti,2,321.6870,15
Mn,1,321.6950,35
Ti,2,321.7054,91
V,2,321.7109,73
V,1,321.7110,56
Nd,2,321.7120,5
Yb,2,321.7180,68
Hf,2,321.7300,48
Cr,2,321.7399,87
Cu,1,321.7640,21
Ni,1,321.7830,61
O,2,321.7915,43
Si,2,321.7990,15
Ne,2,321.8193,89
Ti,2,321.8266,68
Yb,2,321.8320,47
Kr,3,321.8590,13
W,1,321.8605,21
Sm,2,321.8610,64
Sn,1,321.8680,41
Hf,1,321.8770,30
Tb,2,321.8930,93
Ce,2,321.8940,76
Ac,2,321.9080,84
Cs,2,321.9186,34
P,3,321.9307,73
Pr,2,321.9480,48
Ir,1,321.9510,64
Fe,1,321.9582,16
Sc,1,321.9943,7
Tb,2,321.9980,94
Th,2,322.0351,0
Be,1,322.0390,36
Si,2,322.0440,8
Pb,1,322.0528,80
K,2,322.0600,34
Hf,2,322.0610,49
Kr,3,322.0620,84
Cu,1,322.0650,8
Er,2,322.0730,87
Cm,2,322.0760,70
Ir,1,322.0780,98
Pu,2,322.0940,50
Ce,2,322.1170,85
Th,3,322.1212,97
W,1,322.1212,37
Ni,1,322.1270,49
Ir,1,322.1280,23
Th,2,322.1291,47
Cu,1,322.1350,8
Ho,2,322.1420,40
Dy,2,322.1490,41
Ac,2,322.1491,64
Ge,2,322.1639,76
Ni,1,322.1650,58
Mo,1,322.1734,69
Mo,1,322.1740,69
Au,1,322.1860,0
W,1,322.1914,21
Pm,1,322.2040,1
Fe,1,322.2067,47
B,2,322.2080,43
Kr,3,322.2240,68
Zr,2,322.2470,12
Ir,2,322.2520,44
Rb,3,322.2595,86
Nd,1,322.2620,58
Ti,2,322.2841,93
Xe,3,322.2990,51
Kr,2,322.3000,1
Si,2,322.3010,27
Ag,2,322.3246,53
Ru,1,322.3270,35
Dy,2,322.3280,46
Er,2,322.3310,81
Ar,3,322.3389,7
Cu,1,322.3435,73
Sn,1,322.3570,45
Ge,2,322.3671,16
Gd,2,322.3740,70
Kr,3,322.3740,14
Ta,1,322.3826,76
Zr,3,322.3939,55
Cm,1,322.4230,15
Ti,2,322.4237,71
B,2,322.4250,45
Cu,1,322.4664,74
Ne,2,322.4817,82
Kr,3,322.4850,85
Pu,2,322.4870,51
Ba,3,322.4890,58
I,3,322.4930,91
Ni,1,322.5020,64
Dy,2,322.5080,41
Xe,2,322.5080,20
Cm,1,322.5110,16
Ag,1,322.5150,9
Au,1,322.5250,39
B,2,322.5270,46
Th,2,322.5411,52
Gd,2,322.5460,19
Nb,2,322.5480,90
Th,2,322.5657,17
Ce,2,322.5670,38
Fe,1,322.5787,59
Yb,2,322.5880,48
Ca,1,322.5900,26
Dy,2,322.5950,50
Na,2,322.5977,76
Ac,2,322.6140,46
Ca,1,322.6150,12
Gd,2,322.6320,28
Ru,1,322.6370,16
Cm,2,322.6410,73
Cu,1,322.6541,49
Cu,1,322.6602,62
Ti,2,322.6769,35
Sm,2,322.6840,17
Ce,2,322.7110,77
Er,2,322.7160,36
Xe,3,322.7160,51
Cs,3,322.7387,7
Fe,2,322.7743,12
Fe,1,322.7795,13
Hg,2,322.7813,44
Ru,1,322.7880,10
Ti,3,322.7945,17
Rb,1,322.7979,69
Au,3,322.7990,45
Mn,1,322.8090,90
Mo,1,322.8212,87
Sc,1,322.8337,7
Sm,2,322.8500,4
Ru,1,322.8531,42
Ce,3,322.8570,91
Yb,3,322.8580,97
Ti,2,322.8605,79
Ac,2,322.8670,38
Sm,2,322.8780,17
Zr,2,322.8810,35
Ti,3,322.8887,33
Th,2,322.9009,80
Na,2,322.9110,12
Rb,1,322.9156,37
Ti,2,322.9189,89
Ta,1,322.9236,68
Ir,1,322.9280,58
Ce,2,322.9360,12
Ti,2,322.9419,80
Ne,2,322.9457,50
U,2,322.9500,87
Nb,2,322.9560,35
Ne,2,322.9572,82
Pb,1,322.9613,58
Be,1,322.9620,66
Tl,1,322.9750,86
Mo,1,322.9795,81
Tb,2,323.0030,51
Ti,3,323.0047,18
Hf,1,323.0058,48
Ne,2,323.0070,95
Cm,1,323.0280,17
Pt,1,323.0284,54
Cm,2,323.0350,77
Ne,2,323.0421,82
Si,3,323.0500,75
Sm,2,323.0560,71
Er,2,323.0580,96
Ac,2,323.0591,97
Au,1,323.0630,84
V,1,323.0643,34
Kr,1,323.0680,5
Mn,1,323.0720,77
Ir,1,323.0760,23
Th,2,323.0868,13
Be,2,323.1000,34
Tb,2,323.1060,52
S,3,323.1069,10
Cu,1,323.1178,81
Ce,2,323.1240,61
Ti,2,323.1314,52
Mn,2,323.1453,8
Tm,2,323.1510,50
Sm,2,323.1530,36
Zr,2,323.1690,74
Pu,2,323.1860,51
Ir,2,323.1997,11
Ne,2,323.2022,83
Er,2,323.2030,43
Os,1,323.2060,88
Th,3,323.2066,74
Co,3,323.2150,13
U,2,323.2160,85
Cd,2,323.2260,9
Ti,2,323.2275,75
Pt,2,323.2310,31
Ne,2,323.2373,89
W,1,323.2487,47
Sb,1,323.2520,91
Pu,2,323.2630,52
W,1,323.2654,21
Li,1,323.2660,52
Ti,2,323.2725,18
Ca,3,323.2734,59
Gd,1,323.2780,54
Kr,1,323.2800,5
Ni,1,323.2960,83
Fe,1,323.3052,8
Mo,1,323.3141,91
Ag,1,323.3180,33
S,3,323.3181,11
Ho,2,323.3340,60
Pt,1,323.3417,37
Be,2,323.3519,20
P,3,323.3536,2
P,3,323.3602,91
Sm,2,323.3680,46
Tm,1,323.3741,69
Cu,1,323.3899,75
Si,3,323.3950,81
S,3,323.3987,12
Cr,2,323.4058,66
Zr,1,323.4120,88
Ce,2,323.4160,77
Ce,3,323.4200,62
Pr,2,323.4270,30
Ti,2,323.4515,98
Fe,1,323.4613,18
Ni,1,323.4650,70
Rb,2,323.4666,16
Ce,2,323.4890,38
Na,2,323.4927,86
Ba,3,323.5040,94
Eu,1,323.5108,40
Ti,3,323.5282,18
Sr,3,323.5388,100
Tm,2,323.5440,72
Cu,1,323.5713,81
Xe,3,323.5730,58
Th,2,323.5841,98
Dy,2,323.5890,66
Re,1,323.5940,69
Sc,1,323.6070,8
Ti,2,323.6119,71
Fe,1,323.6222,47
Nb,2,323.6400,81
Ti,2,323.6572,97
Zr,2,323.6580,13
Sm,2,323.6640,71
Dy,2,323.6690,46
Ce,2,323.6740,46
Cm,1,323.6740,18
Hf,1,323.6760,48
Mn,1,323.6780,89
Tm,2,323.6810,85
In,2,323.6846,67
Ho,2,323.6900,40
Tc,2,323.7020,99
Mo,1,323.7060,88
W,1,323.7087,47
Ti,2,323.7144,57
Ho,2,323.7400,40
Rh,1,323.7660,53
Ac,2,323.7700,92
V,2,323.7870,67
Er,2,323.7980,57
Th,2,323.8116,93
Ac,2,323.8390,29
Ir,2,323.8390,2
Ru,1,323.8530,42
Cm,2,323.8550,80
Pm,1,323.8550,2
O,3,323.8570,23
Os,1,323.8630,40
Cd,2,323.8742,14
Cr,2,323.8762,57
Ti,2,323.9037,97
Cu,1,323.9160,62
Yb,2,323.9200,44
Hf,1,323.9393,36
Fe,1,323.9433,20
Kr,3,323.9520,92
Yb,1,323.9580,26
Tb,2,323.9600,40
Pm,2,323.9620,3
Sm,2,323.9660,71
Ti,2,323.9661,82
Bk,1,323.9720,0
Ac,2,323.9731,65
Ac,2,323.9860,83
Be,2,324.0000,35
Tb,2,324.0000,52
Pb,1,324.0186,74
Pt,1,324.0196,21
Tm,2,324.0230,90
Po,1,324.0240,74
Kr,3,324.0440,92
Xe,3,324.0470,32
Pa,2,324.0580,41
Mo,2,324.0710,37
Sc,1,324.0711,8
Ir,2,324.0730,18
Hf,1,324.0991,36
Os,1,324.1040,17
Zr,2,324.1050,80
Th,2,324.1108,36
Sm,2,324.1160,57
Ru,1,324.1240,20
Sb,2,324.1280,58
Eu,1,324.1386,71
Pu,2,324.1390,53
Ir,1,324.1520,69
Tm,2,324.1540,94
Al,1,324.1590,37
Sm,2,324.1590,4
Si,3,324.1620,83
Be,2,324.1625,62
Be,2,324.1827,82
Ti,2,324.1983,96
W,1,324.2026,64
Sm,2,324.2040,4
Ta,1,324.2048,62
Y,2,324.2272,92
Cm,2,324.2660,83
Pd,1,324.2698,91
Ta,1,324.2834,63
Pb,3,324.2840,50
Xe,3,324.2860,97
Pu,2,324.2960,54
Ni,1,324.3060,78
Cu,1,324.3164,91
W,2,324.3324,26
Hf,1,324.3343,48
Ce,2,324.3370,47
Ne,2,324.3396,71
Pu,2,324.3400,54
Ru,1,324.3500,20
Ar,2,324.3688,59
Mn,1,324.3780,79
Sc,1,324.3960,8
Ne,2,324.4094,71
Xe,3,324.4130,52
Pu,1,324.4160,3
Fe,1,324.4187,9
Tc,1,324.4193,51
U,2,324.4220,57
Th,1,324.4449,19
Sc,2,324.4938,34
Dy,2,324.5120,66
La,2,324.5130,84
Pu,2,324.5250,55
Pr,2,324.5480,30
Kr,3,324.5690,100
Th,2,324.5760,52
Fe,1,324.6005,14
Eu,1,324.6011,40
Yb,2,324.6060,33
Cm,1,324.6250,19
Pu,2,324.6350,56
Kr,3,324.6620,34
Ti,3,324.6628,49
Ir,2,324.6811,24
Xe,3,324.6850,93
Tm,1,324.6963,90
Kr,2,324.7000,28
Bk,2,324.7260,28
Eu,2,324.7320,22
Tm,2,324.7460,67
Nb,2,324.7470,48
Eu,1,324.7538,72
Cu,1,324.7540,100
Pu,2,324.7560,57
S,3,324.7561,24
Mo,1,324.7614,69
Hf,1,324.7670,92
Ac,2,324.7790,64
Os,1,324.8000,1
Kr,2,324.8030,1
Ne,2,324.8131,50
Ne,2,324.8345,71
Dy,2,324.8360,34
Ne,2,324.8383,63
Pr,3,324.8390,29
Ni,1,324.8460,49
Mn,1,324.8520,85
Ti,2,324.8598,95
Ti,2,324.8694,31
Nb,2,324.8940,27
Co,3,324.9280,9
Er,2,324.9340,57
La,2,324.9350,72
Ti,2,324.9366,0
Ac,2,324.9480,53
Nb,1,324.9520,45
Hf,1,324.9529,76
Sm,2,324.9750,11
Ar,2,324.9800,60
Gd,2,325.0190,18
Cd,2,325.0324,80
Ne,2,325.0357,71
Sm,2,325.0370,72
Zr,1,325.0390,75
Cu,2,325.0465,10
Cs,2,325.0466,50
Xe,2,325.0560,36
Ni,1,325.0740,53
V,2,325.0773,59
Na,2,325.0949,73
Mn,1,325.1140,50
Dy,2,325.1270,84
Ir,2,325.1281,13
Sc,2,325.1316,58
Al,1,325.1600,24
Pd,1,325.1636,78
Na,2,325.1680,68
Tm,1,325.1782,81
Ar,3,325.1791,62
V,2,325.1864,51
Ti,2,325.1908,90
Th,1,325.1916,38
Pt,1,325.1979,73
Tc,1,325.2048,34
Hg,2,325.2076,56
Pu,1,325.2080,4
Bk,1,325.2190,1
Dy,2,325.2190,34
Cu,1,325.2220,81
W,1,325.2292,64
Tb,2,325.2320,79
Cd,1,325.2524,78
Cm,1,325.2680,20
Ti,2,325.2906,93
Hg,2,325.2916,35
Ti,2,325.2937,82
Mn,1,325.2950,78
Ti,2,325.3047,71
Ir,2,325.3359,9
Si,3,325.3400,33
Sm,2,325.3400,36
S,2,325.3488,60
Gd,3,325.3530,6
Hf,2,325.3700,93
Si,3,325.3740,6
Kr,3,325.3800,14
Ac,2,325.3840,65
Au,1,325.3940,13
Sm,2,325.3940,17
K,3,325.3980,33
Mn,1,325.4040,36
Nb,2,325.4070,72
Nd,2,325.4080,6
Ti,2,325.4245,90
Zr,1,325.4280,63
Lu,2,325.4310,90
Sm,2,325.4380,79
Mo,3,325.4700,55
V,2,325.4765,67
Si,3,325.4800,34
Os,1,325.4910,17
W,2,325.4992,40
Ge,3,325.5050,81
Hf,2,325.5280,64
Cs,3,325.5310,63
S,3,325.5367,12
Sc,1,325.5676,61
Pt,1,325.5909,80
W,1,325.5957,22
Hg,2,325.6018,32
In,1,325.6079,96
Mn,1,325.6140,78
Mo,1,325.6207,89
W,1,325.6230,64
Xe,3,325.6250,52
Dy,2,325.6260,46
Th,2,325.6274,80
Te,2,325.6798,78
Os,1,325.6920,17
Ti,2,325.7147,11
Ti,2,325.7324,33
Th,1,325.7367,29
Ho,2,325.7450,41
Hg,2,325.7501,63
Ac,1,325.7769,4
S,2,325.7868,44
V,2,325.7886,19
Na,2,325.7964,97
Tm,2,325.8050,92
He,1,325.8275,9
Mn,1,325.8410,70
In,1,325.8551,94
Si,3,325.8660,76
Pd,1,325.8777,80
K,2,325.8810,20
Re,1,325.8850,78
Er,2,325.9050,78
Mo,1,325.9156,12
Nd,2,325.9240,26
Gd,2,325.9250,19
Xe,2,325.9360,19
W,1,325.9434,22
Ac,2,325.9490,66
Re,1,325.9550,79
W,1,325.9660,22
Co,3,325.9720,12
Pt,1,325.9731,26
B,3,325.9800,34
Ge,3,325.9900,60
Zr,1,326.0110,63
Ta,1,326.0182,27
Sc,2,326.0187,22
Ti,2,326.0201,6
Na,2,326.0210,85
Mn,1,326.0230,63
Ti,2,326.0270,0
Os,1,326.0300,17
Ru,1,326.0350,51
Pu,2,326.0540,57
Nb,2,326.0560,55
Nd,2,326.0660,6
Sc,2,326.0812,23
Ac,2,326.0910,98
O,3,326.0980,84
Sc,1,326.0997,8
Cd,1,326.1055,79
Mn,2,326.1180,65
Yb,2,326.1510,80
Hg,2,326.1552,4
Re,1,326.1560,33
S,2,326.1562,26
Ti,2,326.1585,88
Ti,2,326.1611,89
Tm,2,326.1650,65
Pt,1,326.1689,26
Sc,2,326.1743,23
Hf,1,326.1898,7
Ir,1,326.2010,44
Rb,3,326.2057,62
W,2,326.2217,28
Sm,2,326.2280,36
Os,1,326.2290,93
Cs,3,326.2298,20
Ba,1,326.2319,5
Sn,1,326.2331,98
Pb,1,326.2355,69
Hf,1,326.2469,44
Mo,1,326.2626,63
Th,2,326.2668,79
Os,1,326.2750,55
Tb,2,326.2970,52
Rh,1,326.3140,84
Dy,1,326.3186,96
V,1,326.3238,39
Nb,2,326.3370,40
Ne,2,326.3413,9
Bk,2,326.3470,30
Na,2,326.3590,33
Ti,2,326.3683,12
Tb,2,326.3870,49
Ar,3,326.3879,72
In,2,326.4033,90
Hg,2,326.4039,90
F,2,326.4080,9
Tm,2,326.4100,61
Mn,2,326.4171,50
Mo,1,326.4401,76
Ru,1,326.4550,20
Hg,2,326.4552,35
Nb,1,326.4590,46
Mn,1,326.4710,64
Er,2,326.4780,97
Kr,3,326.4810,99
Tb,2,326.4900,49
Sm,2,326.4940,46
Fe,1,326.5047,2
Au,1,326.5100,14
Nd,2,326.5120,27
Mo,1,326.5142,20
W,1,326.5152,22
Hf,1,326.5281,32
O,3,326.5460,96
Fe,1,326.5616,6
La,2,326.5670,85
U,2,326.5790,32
Cm,1,326.5810,21
V,2,326.5886,25
Cs,2,326.5910,75
Pt,2,326.6019,2
Cu,1,326.6023,81
Nb,3,326.6110,48
Dy,2,326.6210,35
Eu,2,326.6390,57
Tb,2,326.6400,72
Ir,1,326.6440,66
Ru,1,326.6440,21
Tm,2,326.6640,90
Gd,1,326.6730,83
Ba,3,326.6971,85
Hf,1,326.7000,25
Xe,3,326.7050,89
Au,1,326.7070,39
Er,2,326.7100,68
Y,3,326.7100,2
Cs,2,326.7124,78
Hf,1,326.7165,32
Nd,2,326.7250,17
Sc,1,326.7260,9
O,3,326.7310,26
Ag,2,326.7346,29
Tm,2,326.7400,85
Sb,1,326.7510,92
Gd,1,326.7640,60
V,2,326.7702,97
Ce,3,326.7760,68
Ce,3,326.7940,62
Os,1,326.7940,93
Ru,1,326.8210,37
Cu,1,326.8278,82
Cs,3,326.8321,58
Gd,2,326.8340,26
Ba,3,326.8379,72
Pt,1,326.8417,43
Kr,3,326.8480,98
Te,2,326.8773,50
Re,1,326.8890,58
Xe,3,326.8980,93
Tm,2,326.8990,82
Be,1,326.9038,51
Dy,2,326.9110,41
Os,1,326.9210,70
Co,3,326.9270,2
Er,2,326.9410,57
Ge,1,326.9489,75
B,3,326.9500,19
Ag,2,326.9550,41
Ba,3,326.9618,85
Zr,1,326.9660,61
Ne,2,326.9871,50
Sc,1,326.9897,61
U,2,327.0120,57
Cr,2,327.0134,29
W,1,327.0266,23
Si,3,327.0460,19
Nb,1,327.0470,31
Sm,2,327.0490,5
Mn,2,327.0655,40
Sm,2,327.0680,5
Nb,1,327.0760,27
Ne,2,327.0800,50
Th,2,327.0818,30
O,2,327.0855,74
Mo,1,327.0899,86
Rb,2,327.0989,91
Fe,1,327.1000,6
Ni,1,327.1120,49
V,2,327.1122,98
Zr,2,327.1130,22
Rh,1,327.1610,85
Cs,2,327.1628,80
Au,1,327.1630,14
V,1,327.1634,15
Ti,2,327.1648,77
Kr,3,327.1650,90
Mo,3,327.1690,98
Tm,1,327.1781,62
Th,1,327.2027,31
Nb,1,327.2070,53
Ti,2,327.2076,78
Os,1,327.2160,18
Zr,2,327.2220,69
S,2,327.2229,72
Ce,2,327.2250,90
Sm,2,327.2480,46
Zr,3,327.2643,50
Dy,2,327.2730,35
Na,2,327.2740,0
Eu,2,327.2770,67
Sm,2,327.2810,46
S,2,327.2817,34
Xe,2,327.2910,58
Zr,2,327.3050,90
Ru,1,327.3080,38
Pu,2,327.3110,58
In,2,327.3130,38
Nd,2,327.3180,6
O,2,327.3437,79
Au,1,327.3470,15
Sm,2,327.3480,47
Sc,1,327.3628,61
Hf,2,327.3660,49
Th,2,327.3916,13
Cu,1,327.3957,100
Tb,2,327.4140,52
Gd,2,327.4180,20
Na,2,327.4220,92
Ir,2,327.4254,27
Tb,2,327.4330,53
Pa,2,327.4460,44
Ti,2,327.4497,5
Be,2,327.4584,88
Mn,2,327.4610,40
Be,2,327.4670,83
Ca,1,327.4670,9
Pu,2,327.4710,59
Ru,1,327.4710,38
Ce,2,327.4860,39
Ta,2,327.4950,36
Th,2,327.5067,41
Ne,2,327.5181,51
Os,1,327.5200,66
Nd,2,327.5220,47
Pu,1,327.5240,5
Sc,1,327.5429,9
Al,2,327.5767,67
Ge,2,327.6016,4
V,2,327.6125,98
Si,3,327.6260,70
Xe,3,327.6390,58
Sm,2,327.6750,47
Mn,2,327.6753,66
Ti,2,327.6772,41
Y,3,327.6800,14
Tm,2,327.6810,84
Tm,3,327.7260,37
Ir,1,327.7280,34
Cu,1,327.7310,82
Tb,2,327.7320,40
O,2,327.7566,79
Ru,1,327.7570,11
Nb,1,327.7670,46
Eu,2,327.7780,75
Hg,2,327.7846,83
V,1,327.7938,2
Os,1,327.7970,49
Hg,2,327.8104,35
Ho,2,327.8150,70
Er,2,327.8220,43
Ti,2,327.8288,81
Xe,3,327.8440,52
K,3,327.8790,83
Zr,3,327.8897,62
Ti,2,327.8919,84
Lu,1,327.8970,95
Ho,2,327.9250,53
Si,3,327.9260,35
Zr,2,327.9260,93
Er,2,327.9330,83
Ir,2,327.9522,19
Gd,2,327.9530,20
Hf,3,327.9670,67
Cu,1,327.9815,95
V,2,327.9843,86
Hf,2,327.9980,64
Ti,2,327.9987,18
Mn,2,328.0078,8
Dy,2,328.0090,81
Sc,1,328.0172,9
Er,2,328.0220,84
Tb,2,328.0310,87
Cm,1,328.0450,22
Xe,3,328.0500,65
Rh,1,328.0550,93
Ag,1,328.0680,99
Ge,2,328.0837,5
Sm,2,328.0840,18
Y,2,328.0909,60
Pr,3,328.0920,40
V,2,328.1111,17
V,2,328.1133,68
Xe,2,328.1260,19
Rb,2,328.1387,54
Tb,2,328.1400,87
Ba,1,328.1485,11
Gd,2,328.1610,19
Ac,2,328.1650,79
Ba,3,328.1654,94
Cu,2,328.1696,4
Rh,1,328.1700,59
Ar,2,328.1701,27
Lu,1,328.1740,99
Ba,1,328.1772,47
W,1,328.1938,73
Pt,1,328.1967,49
Ho,2,328.1970,89
Kr,2,328.2090,30
Al,1,328.2200,37
Gd,1,328.2250,60
Am,2,328.2320,57
Zn,1,328.2326,69
Ti,2,328.2327,75
V,2,328.2529,61
Te,2,328.2634,51
Ni,1,328.2700,53
Cu,1,328.2716,89
Zr,1,328.2730,75
Dy,2,328.2770,67
Na,2,328.2780,19
Be,1,328.2905,70
Ti,2,328.2906,16
Hf,1,328.2977,44
Hg,3,328.3020,21
Tb,2,328.3100,81
Sn,2,328.3140,100
Pt,1,328.3205,3
Pt,1,328.3309,14
V,1,328.3310,15
Al,3,328.3316,13
Tm,2,328.3400,86
Nb,2,328.3460,49
Cd,2,328.3565,3
Rh,1,328.3570,94
Sc,1,328.4541,9
Xe,3,328.4640,6
Zr,2,328.4710,87
Hg,2,328.4712,10
S,2,328.4785,50
V,2,328.4824,42
Mo,1,328.5026,54
Tb,2,328.5040,93
Sc,1,328.5064,10
Nd,2,328.5100,41
Ce,2,328.5220,39
Kr,3,328.5250,14
Mo,1,328.5355,75
Na,2,328.5602,99
Tm,2,328.5610,86
Nb,1,328.5660,59
Sm,2,328.5660,5
Xe,3,328.5820,65
Ar,3,328.5841,91
Zr,2,328.5880,18
Kr,3,328.5890,90
Ca,1,328.6070,13
Sm,2,328.6230,47
Po,1,328.6380,18
Rb,3,328.6409,98
Th,2,328.6583,27
Nd,2,328.6620,6
Am,2,328.6670,44
Fe,1,328.6753,51
Er,2,328.6770,70
Ba,3,328.6788,91
V,2,328.7035,17
Sc,1,328.7149,10
Mn,2,328.7222,8
Pd,1,328.7248,57
Hf,1,328.7286,23
Al,3,328.7302,28
Mo,1,328.7382,4
O,2,328.7472,93
Mn,3,328.7490,1
Tb,2,328.7550,61
Ir,1,328.7590,23
Nb,1,328.7590,54
Ti,2,328.7654,86
Co,3,328.7720,7
Th,2,328.7789,83
Xe,3,328.7800,59
Xe,3,328.7910,77
Nb,1,328.7920,46
Dy,2,328.7940,35
Ti,2,328.8141,8
U,2,328.8210,58
S,2,328.8304,25
Ti,2,328.8427,9
Ho,2,328.8460,71
Ti,2,328.8576,34
Bk,1,328.8750,2
Zr,2,328.8800,22
Os,1,328.8840,18
Ac,1,328.8900,42
Mo,1,328.9011,91
Mo,1,328.9020,91
K,3,328.9060,86
La,3,328.9110,62
Rh,1,328.9140,76
Bk,1,328.9350,3
Hg,2,328.9366,52
Yb,2,328.9370,100
V,2,328.9388,35
Rh,1,328.9640,29
Cl,3,328.9800,67
O,2,328.9981,80
Ne,3,328.9990,28
Pt,1,329.0220,66
Os,1,329.0260,83
Sm,2,329.0280,72
Cu,2,329.0417,51
Na,2,329.0440,12
Cu,1,329.0541,91
Th,3,329.0599,95
Sc,1,329.0632,10
K,2,329.0650,46
Nd,2,329.0650,7
Sm,2,329.0650,5
Mo,1,329.0819,89
Ho,2,329.0960,54
Tm,2,329.1000,95
Tl,2,329.1010,72
Hf,1,329.1043,65
U,2,329.1330,87
Th,3,329.1336,33
Gd,1,329.1480,76
Tb,2,329.1560,62
Hf,1,329.1600,2
Th,2,329.1739,87
Cr,2,329.1765,40
Nb,2,329.2020,41
Gd,2,329.2210,53
Mo,2,329.2310,70
Cu,1,329.2393,59
Na,2,329.2500,13
Th,2,329.2521,76
Pu,1,329.2560,6
Pr,3,329.2580,40
W,1,329.2802,23
Cu,1,329.2827,82
Ni,2,329.2870,9
Cu,1,329.2965,75
Tb,2,329.3070,95
Hf,1,329.3116,14
Sm,2,329.3370,11
In,3,329.3550,40
Pu,1,329.3610,6
Ar,2,329.3640,74
W,1,329.3712,47
Dy,2,329.3880,35
Kr,3,329.3880,26
Th,2,329.3948,4
Gd,1,329.4080,76
Ru,1,329.4110,69
Rh,1,329.4280,72
Re,1,329.4830,33
O,2,329.4992,59
Cu,2,329.5102,10
Ir,2,329.5140,12
Ce,2,329.5280,12
Tb,2,329.5330,40
Cr,2,329.5425,50
Sm,2,329.5440,36
Sm,2,329.5810,47
Sc,1,329.5836,10
Xe,3,329.5940,65
Nb,1,329.6010,70
Pr,3,329.6100,40
Dy,2,329.6300,36
Tm,1,329.6303,66
Pm,1,329.6630,3
Re,1,329.6700,55
Cm,2,329.6710,86
Rh,1,329.6720,29
Mn,1,329.6880,36
Pu,1,329.6910,7
Re,1,329.6990,55
Ac,2,329.7140,31
Na,2,329.7140,0
Cu,2,329.7198,3
Sc,1,329.7267,11
Sc,1,329.7360,11
Ni,2,329.7600,39
Ne,2,329.7725,90
Pu,1,329.7870,8
In,2,329.8019,29
Mn,2,329.8029,9
Sm,2,329.8100,72
W,1,329.8130,23
V,1,329.8147,38
Mn,1,329.8220,36
W,2,329.8250,20
Na,2,329.8310,1
Pu,2,329.8470,60
Tb,2,329.8660,62
V,2,329.8738,28
Tc,2,329.8840,29
Hf,1,329.8934,29
Mg,3,329.9050,91
Tm,1,329.9115,66
Sc,2,329.9361,23
Zn,2,329.9417,24
Nb,1,329.9610,46
Na,2,329.9680,33
Cs,3,329.9882,73
Ce,2,330.0150,7
Nd,2,330.0160,44
Rh,1,330.0460,75
I,3,330.0470,34
Th,3,330.0481,80
Ir,2,330.0599,29
Th,2,330.0616,8
Cu,2,330.0641,2
Tl,3,330.0800,23
W,1,330.0822,81
Cu,2,330.0881,17
Cu,2,330.1229,40
Er,3,330.1230,95
Na,2,330.1349,99
Sc,1,330.1352,11
O,2,330.1407,24
La,3,330.1480,35
Xe,3,330.1540,65
Os,1,330.1560,97
Ru,1,330.1590,62
K,2,330.1600,20
Re,1,330.1600,56
Th,1,330.1651,14
Sm,2,330.1680,29
Sr,1,330.1734,53
Pu,1,330.1760,9
Ar,3,330.1855,97
Pt,1,330.1860,93
Ac,2,330.1930,43
Eu,2,330.1950,68
Pd,1,330.2126,81
Re,1,330.2230,45
Bk,2,330.2350,32
Na,1,330.2369,73
Ac,1,330.2370,33
S,2,330.2411,25
B,2,330.2440,51
Tm,2,330.2460,93
Kr,1,330.2540,54
Zn,1,330.2583,96
Sr,3,330.2716,87
Zn,1,330.2939,87
Na,1,330.2979,72
La,2,330.3110,88
Re,2,330.3210,72
Ac,1,330.3281,49
Sc,1,330.3496,11
Cs,3,330.3743,56
Re,1,330.3750,56
Er,2,330.3880,58
Xe,3,330.4050,6
Sc,2,330.4205,34
Sc,1,330.4234,12
Th,1,330.4238,85
Ge,2,330.4341,24
Eu,2,330.4500,22
Sm,2,330.4520,29
Kr,3,330.4750,90
Nb,1,330.4830,32
Ce,2,330.4840,12
Cm,1,330.4850,23
Tb,2,330.4950,40
Na,2,330.4957,97
O,2,330.5005,80
Sc,1,330.5077,12
Zr,2,330.5150,70
Ho,2,330.5160,41
Sm,2,330.5180,29
Yb,1,330.5250,65
Dy,2,330.5400,36
Co,3,330.5420,10
Dy,2,330.5510,36
Er,2,330.5560,62
Mo,1,330.5562,65
Ag,1,330.5675,10
Ni,2,330.5710,11
Yb,2,330.5730,82
U,2,330.5890,94
Mo,1,330.5911,20
Fe,1,330.5971,39
Tm,2,330.6010,46
Zn,2,330.6010,42
Hf,1,330.6110,85
Pr,3,330.6140,46
Kr,1,330.6170,49
Ru,1,330.6170,42
Dy,2,330.6190,41
Os,1,330.6230,31
Zr,2,330.6280,88
Fe,1,330.6339,0
Fe,1,330.6354,33
Hf,1,330.6374,12
Sm,2,330.6390,94
Mg,3,330.6392,94
O,2,330.6449,80
Xe,3,330.6460,44
Pu,1,330.6590,9
Pu,1,330.6660,10
Xe,3,330.6800,44
Tm,2,330.6910,47
Sc,2,330.6928,35
Sm,2,330.7020,79
Cr,2,330.7046,42
Mo,1,330.7125,65
Ar,2,330.7228,67
Sc,1,330.7299,12
Ne,3,330.7440,50
Tb,2,330.7440,73
Sr,1,330.7534,55
Pu,2,330.7660,60
Mn,2,330.7810,40
Na,2,330.7880,54
Cu,1,330.7948,99
Tm,2,330.8010,47
Ca,2,330.8020,2
Eu,2,330.8020,65
Nb,1,330.8050,32
Rb,2,330.8128,47
Kr,3,330.8160,85
Au,1,330.8300,85
W,2,330.8335,20
Y,2,330.8375,9
Tb,2,330.8510,41
Pu,1,330.8750,11
Sc,1,330.8758,12
Dy,2,330.8790,62
Ti,2,330.8803,69
Dy,2,330.8880,83
P,2,330.8920,29
Hf,1,330.9193,41
Th,1,330.9365,14
Sm,2,330.9520,29
Au,1,330.9640,86
Ne,2,330.9740,90
Tm,2,330.9800,87
Au,3,330.9860,50
Sc,1,331.0021,13
Hf,1,331.0274,84
Nb,1,331.0470,32
Ir,1,331.0520,35
Tm,2,331.0590,79
Tc,1,331.0646,12
Sm,2,331.0660,80
Rh,3,331.0690,22
Ti,3,331.0904,41
Os,1,331.0910,71
Cu,1,331.0987,8
Ta,1,331.1162,96
Ar,3,331.1242,87
Ne,2,331.1271,51
W,1,331.1388,89
Kr,3,331.1470,94
Cs,3,331.1534,43
Sc,1,331.1563,13
Ac,2,331.1600,34
Sc,2,331.1698,65
Pm,2,331.1760,3
Cr,2,331.1933,29
Lu,1,331.2110,97
Cr,2,331.2183,21
Hg,3,331.2280,57
O,3,331.2300,28
Mo,1,331.2334,2
Er,2,331.2420,97
Sm,2,331.2420,64
Pt,2,331.2482,14
Ge,2,331.2563,59
Nb,1,331.2600,76
Pu,2,331.2650,61
Sc,2,331.2715,69
Dy,2,331.2720,67
Nd,2,331.2750,21
Hf,1,331.2869,95
Ti,3,331.3008,50
Sc,1,331.3096,13
Eu,2,331.3330,66
Al,2,331.3344,68
Pm,1,331.3380,2
Al,2,331.3470,4
Sc,2,331.3516,35
Mo,2,331.3620,56
Tc,1,331.3652,4
Th,3,331.3678,92
Zr,2,331.3700,23
Gd,2,331.3730,49
Na,2,331.3760,20
Re,1,331.3950,45
Na,2,331.4080,1
Tb,2,331.4380,41
S,2,331.4469,86
Zr,2,331.4500,41
Ce,2,331.4720,13
Al,2,331.4756,5
Xe,3,331.4870,52
Al,2,331.4883,53
Al,2,331.4981,3
Pt,1,331.5042,91
W,1,331.5090,47
Yb,2,331.5100,48
Nb,1,331.5220,54
Ru,1,331.5230,52
Ti,2,331.5323,62
Pu,2,331.5340,62
Os,1,331.5420,1
Cl,2,331.5430,56
Cs,3,331.5514,97
Al,2,331.5516,5
Gd,2,331.5590,29
Al,2,331.5608,35
Ni,1,331.5660,79
Kr,2,331.5720,30
W,1,331.6088,23
Hf,1,331.6167,40
Cu,2,331.6276,25
Dy,2,331.6320,77
Er,2,331.6390,78
Ru,1,331.6390,53
Ca,2,331.6510,17
Sc,1,331.6514,13
Sm,2,331.6580,40
Sc,2,331.6730,54
Tm,2,331.6880,66
Pu,2,331.6960,63
Sc,2,331.7023,55
Dy,2,331.7120,42
Cm,1,331.7140,24
Cu,1,331.7218,83
Hg,2,331.7279,62
Sc,1,331.7458,14
Sc,2,331.7676,45
Ta,1,331.7928,65
Hf,2,331.7990,50
Sc,1,331.7990,14
Ac,2,331.8010,92
Ti,2,331.8023,74
Na,2,331.8039,94
Tm,1,331.8650,86
Tm,2,331.8650,47
Ta,1,331.8840,94
Nb,1,331.8980,54
Zr,2,331.9020,23
Co,2,331.9155,21
Nb,1,331.9260,32
Ar,1,331.9340,10
Yb,1,331.9410,53
Nb,2,331.9580,28
Cu,1,331.9682,63
Ne,2,331.9722,99
Ho,2,331.9870,41
Dy,2,331.9880,82
Eu,2,331.9890,42
Tl,2,331.9910,62
Xe,3,332.0070,7
Au,1,332.0120,62
Sm,2,332.0160,48
Ne,2,332.0197,30
Ho,2,332.0250,47
Ni,1,332.0260,71
Th,2,332.0300,25
Sc,2,332.0400,69
Sc,1,332.0512,14
Cl,3,332.0570,69
Pu,1,332.0610,11
Ac,1,332.0650,47
Mn,1,332.0690,37
Sc,2,332.0693,46
Pu,1,332.0840,12
Th,3,332.0849,57
Mo,2,332.0900,70
Ti,3,332.0943,50
Be,1,332.1011,97
Tl,2,332.1040,64
Mg,3,332.1060,77
Be,1,332.1079,99
Br,3,332.1080,32
Tb,2,332.1150,67
Kr,2,332.1170,15
Sm,2,332.1180,87
Cr,2,332.1185,30
Be,1,332.1340,100
Th,2,332.1451,76
Rb,2,332.1486,88
Ti,2,332.1698,76
Eu,2,332.1860,53
Te,2,332.1923,38
Sr,1,332.2231,40
Tl,2,332.2250,26
Eu,1,332.2254,65
W,1,332.2256,48
Tb,2,332.2280,74
Ac,2,332.2290,78
Ni,1,332.2310,70
K,3,332.2400,89
Re,1,332.2480,79
Ir,1,332.2600,44
Ba,1,332.2783,18
Ti,2,332.2934,97
Zr,2,332.2990,58
Rh,1,332.3090,96
Te,2,332.3106,55
B,2,332.3178,96
Er,2,332.3190,84
Tm,1,332.3273,34
Tb,2,332.3380,41
Ar,3,332.3590,72
B,2,332.3597,97
Ge,2,332.3644,69
Ne,2,332.3735,100
W,2,332.3735,100
Sm,2,332.3770,30
Pt,1,332.3788,46
Tb,2,332.3890,41
Mo,1,332.3949,85
S,3,332.3990,49
Cr,2,332.4058,30
Mn,2,332.4116,41
Os,1,332.4330,31
Cr,2,332.4341,57
Tb,2,332.4400,99
Cs,2,332.4477,16
Th,2,332.4753,82
S,3,332.4863,69
Tm,1,332.4980,62
Ru,1,332.5000,11
Th,2,332.5121,96
Sm,2,332.5260,30
Sc,1,332.5356,14
Yb,3,332.5510,98
Tc,1,332.5552,12
Mo,1,332.5673,70
Kr,3,332.5750,99
Nd,2,332.5900,21
Dy,2,332.6190,44
W,1,332.6196,73
Nb,1,332.6620,61
Ti,2,332.6762,68
Zr,2,332.6800,58
Na,2,332.6890,24
Sc,1,332.6895,15
Tc,1,332.7102,5
Ne,2,332.7153,90
Pu,1,332.7190,13
Mo,1,332.7304,70
Ar,3,332.7340,31
Os,1,332.7420,45
Xe,2,332.7460,20
Sc,1,332.7577,15
La,3,332.7660,45
Na,2,332.7689,92
Ir,2,332.7707,18
Y,2,332.7876,91
Sm,2,332.7880,30
Kr,1,332.8000,6
Mn,2,332.8003,66
Ac,2,332.8010,74
W,1,332.8124,24
Hf,2,332.8210,32
Nd,2,332.8270,58
Cr,2,332.8350,4
Mn,2,332.8411,41
Po,1,332.8600,77
Ne,3,332.8698,98
Cl,3,332.9060,81
Tb,2,332.9080,81
Cl,2,332.9100,37
Ne,2,332.9158,72
Pm,1,332.9220,2
Te,2,332.9223,70
S,2,332.9330,58
Nb,1,332.9360,47
Sc,1,332.9377,15
Ti,2,332.9454,96
Cu,1,332.9636,68
Er,2,332.9660,49
Ag,2,332.9779,13
V,1,332.9853,2
Mg,1,332.9919,78
Sr,1,332.9988,41
Hg,2,333.0001,45
Rb,3,333.0155,75
Ac,1,333.0260,7
Gd,2,333.0340,56
Gd,3,333.0340,6
Th,1,333.0477,77
Sc,1,333.0591,15
Sn,1,333.0607,84
Mn,1,333.0670,41
Kr,3,333.0760,96
Mn,2,333.0775,98
Ta,2,333.0990,58
Sc,2,333.1044,75
Rh,1,333.1090,37
Ti,3,333.1105,42
Ar,3,333.1142,12
Rh,1,333.1240,30
Gd,2,333.1380,85
Ir,2,333.1497,0
Ac,2,333.1500,66
Pu,2,333.1520,63
Re,1,333.1520,33
Mn,2,333.1521,66
Rb,3,333.1542,57
Nd,2,333.1570,35
Pm,1,333.1570,3
Xe,3,333.1650,72
W,1,333.1687,82
Ni,2,333.1880,91
Ho,2,333.1930,42
Ba,3,333.2053,48
Ti,2,333.2108,85
Gd,2,333.2130,75
Mg,1,333.2146,84
Nb,1,333.2160,28
Ti,3,333.2252,50
Pu,1,333.2340,14
Kr,3,333.2500,68
Pa,2,333.2690,47
Er,2,333.2700,85
Hf,1,333.2737,94
Cr,2,333.2806,52
Sc,1,333.2850,16
Yb,2,333.3060,48
Br,3,333.3070,78
Th,1,333.3129,45
Si,2,333.3140,85
Pr,3,333.3260,32
Sc,1,333.3487,16
Ir,1,333.4160,29
Xe,3,333.4230,7
Zr,2,333.4250,59
Eu,1,333.4313,99
Na,2,333.4450,1
Nd,2,333.4471,41
Tb,2,333.4480,42
Th,2,333.4604,84
Zr,2,333.4620,42
Ne,2,333.4837,95
Ti,2,333.5191,95
Cu,1,333.5215,73
Hg,2,333.5226,52
Bk,1,333.5260,4
Cr,2,333.5297,57
Ir,2,333.5557,0
Ni,2,333.5640,12
Ru,1,333.5690,21
Mg,3,333.5905,91
Ne,2,333.6092,51
Os,1,333.6150,79
Ar,3,333.6175,99
Gd,2,333.6180,81
Cr,1,333.6190,4
Mg,3,333.6190,60
In,2,333.6304,2
Cr,2,333.6325,67
Mn,2,333.6394,96
Ir,2,333.6523,12
Mo,1,333.6565,21
Sb,3,333.6610,71
Mg,1,333.6674,87
Tb,2,333.6700,53
Mn,2,333.6757,41
Sc,1,333.6899,16
Yb,2,333.7170,91
Ho,2,333.7230,84
Er,2,333.7250,63
Ir,2,333.7340,5
Mn,2,333.7387,92
La,2,333.7490,92
K,2,333.7670,2
W,1,333.7690,24
Pu,2,333.7710,64
Er,2,333.7790,50
U,2,333.7790,47
Ta,1,333.7799,27
Ir,2,333.7842,9
Cu,1,333.7845,91
Th,2,333.7870,82
Na,2,333.8010,1
Tb,2,333.8030,62
Cu,2,333.8037,3
Ni,2,333.8090,41
Re,1,333.8180,93
Pu,2,333.8400,65
Zr,2,333.8410,34
Hg,2,333.8424,71
In,2,333.8509,92
Rh,1,333.8540,78
Cu,2,333.8648,5
Hg,2,333.8709,21
Eu,2,333.8750,23
Cr,2,333.8805,82
Ho,2,333.8860,71
Pu,1,333.8940,14
Hg,2,333.8964,27
Xe,3,333.8990,72
Tb,2,333.9000,53
Nd,2,333.9063,42
Xe,3,333.9500,53
Ru,1,333.9550,86
Th,3,333.9550,71
Cr,2,333.9801,79
Sc,1,333.9805,16
Si,2,333.9820,89
Ag,2,333.9878,12
Er,2,334.0030,43
Xe,3,334.0060,59
Mo,1,334.0163,54
Ti,3,334.0202,50
Ti,2,334.0341,92
Xe,3,334.0370,66
Y,1,334.0378,53
Cl,3,334.0420,96
Rb,2,334.0548,88
Zr,2,334.0560,81
Pr,3,334.0580,41
Sm,2,334.0580,80
Cs,3,334.0604,91
Xe,3,334.0670,77
O,3,334.0740,52
Dy,2,334.1000,77
Er,3,334.1000,30
Sc,1,334.1014,17
Ne,3,334.1220,68
Ac,2,334.1250,38
Pr,3,334.1430,85
Mn,2,334.1445,82
198Hg,1,334.1481,71
Hg,1,334.1484,93
Nb,2,334.1600,30
Ru,1,334.1660,46
U,2,334.1660,58
Pr,3,334.1680,37
Na,2,334.1770,13
Mn,2,334.1820,9
Er,2,334.1840,50
S,2,334.1855,71
Ce,2,334.1870,13
Ti,2,334.1874,98
Dy,2,334.1880,44
Nb,1,334.1970,93
La,1,334.2230,79
Re,1,334.2240,91
Na,2,334.2260,24
Ac,2,334.2310,39
W,2,334.2462,64
Kr,3,334.2480,95
Ar,3,334.2537,46
Mg,3,334.2577,89
Cr,2,334.2581,85
Rh,1,334.2900,46
Yb,2,334.2930,93
Ac,2,334.3041,54
W,2,334.3101,79
Na,2,334.3170,2
Cd,2,334.3209,54
Sc,1,334.3233,89
Sc,2,334.3233,80
Cr,2,334.3276,40
Sc,1,334.3290,17
W,2,334.3416,90
Sm,2,334.3490,12
Ho,2,334.3580,90
Nb,1,334.3710,93
Cu,2,334.3721,21
Cu,2,334.3752,21
Ti,2,334.3761,70
Ce,2,334.3860,39
Am,1,334.3870,2
Pt,1,334.3896,36
Cs,3,334.4021,89
Rh,1,334.4200,53
Re,1,334.4320,84
Sm,2,334.4350,12
Ne,2,334.4396,90
Ho,2,334.4470,42
Ca,1,334.4510,31
La,2,334.4560,90
Ir,2,334.4717,32
Mo,1,334.4730,92
Ar,3,334.4757,98
Ce,2,334.4760,55
Zr,2,334.4790,59
Mg,3,334.4899,28
W,2,334.4901,33
Zn,1,334.5013,98
W,1,334.5088,24
Pt,2,334.5255,46
Pr,3,334.5380,37
Be,1,334.5430,61
Pr,3,334.5440,37
Ne,2,334.5454,99
Zn,1,334.5569,81
Kr,1,334.5730,35
Ne,2,334.5830,91
W,2,334.5831,73
W,1,334.5858,64
Zn,1,334.5935,42
In,2,334.5963,71
Gd,2,334.5980,67
Er,2,334.6040,92
Ti,3,334.6182,68
Re,1,334.6200,61
Mo,2,334.6400,55
Pa,2,334.6660,50
Ti,2,334.6741,74
Ti,3,334.6820,68
Cr,2,334.6876,71
Rb,3,334.6918,87
Nb,1,334.6930,36
Mo,1,334.7004,65
Ir,2,334.7029,37
Ca,2,334.7040,4
Tb,2,334.7270,42
S,2,334.7412,72
Kr,1,334.7500,6
Yb,2,334.7540,48
Dy,2,334.7830,36
Cr,2,334.7831,67
Pu,2,334.7870,66
Tb,2,334.8070,42
Kr,3,334.8170,68
W,2,334.8288,9
Hg,2,334.8487,33
Al,3,334.8517,69
Sc,1,334.8517,17
Sm,2,334.8680,12
Rb,1,334.8696,71
Th,1,334.8768,73
Ti,2,334.8840,67
Ni,2,334.8840,42
W,2,334.8863,43
Ti,2,334.9033,99
Nb,1,334.9060,95
Sc,1,334.9203,17
Ni,2,334.9240,44
Ba,3,334.9261,86
Cu,1,334.9279,75
Ti,2,334.9402,99
Tb,2,334.9420,88
Cs,3,334.9463,96
Mn,2,334.9500,41
Nb,1,334.9520,76
Pu,1,334.9630,15
Br,3,334.9640,96
Xe,3,334.9760,53
Sc,1,334.9764,18
Ir,2,334.9980,6
Tm,1,334.9987,87
Sc,1,334.9995,18
Ac,1,335.0060,9
Er,2,335.0060,71
Gd,2,335.0100,30
Ca,1,335.0210,37
Er,2,335.0260,59
Ca,1,335.0360,26
Eu,1,335.0397,73
Gd,2,335.0470,99
Ho,2,335.0490,67
Zr,3,335.0549,24
Rb,1,335.0812,76
Sm,2,335.0880,9
Al,3,335.0885,62
In,3,335.0910,21
Ar,2,335.0924,68
Pr,3,335.1070,29
Yb,2,335.1090,34
Sc,1,335.1162,18
Th,2,335.1228,94
Sr,1,335.1246,87
Sn,2,335.1300,98
Al,2,335.1462,58
Eu,2,335.1560,17
Ti,2,335.1595,82
Pu,2,335.1820,66
Kr,3,335.1930,98
Sn,2,335.1952,99
Na,2,335.1960,20
Hf,2,335.2060,74
Sc,2,335.2066,46
Ti,2,335.2069,8
Ho,2,335.2100,60
Te,2,335.2102,74
Ar,3,335.2110,32
In,2,335.2308,60
Cr,2,335.2418,59
Yb,2,335.2490,76
Dy,2,335.2690,44
Cr,2,335.3124,4
Ce,3,335.3290,92
C,2,335.3302,29
Cl,2,335.3350,60
Cu,1,335.3466,21
Ho,2,335.3550,60
Ne,2,335.3567,9
Dy,2,335.3580,68
Nd,2,335.3590,47
Zr,1,335.3660,53
Eu,1,335.3698,21
Sc,1,335.3724,91
Sc,2,335.3724,91
Mg,3,335.3729,70
Pr,3,335.3870,30
Na,2,335.3890,68
Rb,2,335.3892,81
Na,2,335.4160,68
Th,2,335.4179,53
Sm,2,335.4180,41
Eu,2,335.4380,17
Zr,2,335.4390,31
Pm,1,335.4450,4
W,1,335.4452,73
Cu,1,335.4474,52
Ho,2,335.4580,61
Sr,3,335.4627,77
Ti,3,335.4710,86
Nb,1,335.4740,72
Tm,2,335.4860,51
Pr,3,335.4910,75
Ne,2,335.5018,96
Ir,2,335.5026,42
Au,1,335.5150,63
Sn,2,335.5500,15
I,2,335.5531,24
Th,2,335.5568,26
Cr,2,335.5661,40
Pr,2,335.5670,38
C,2,335.5690,16
Nd,2,335.5930,21
Zr,2,335.6090,81
Mn,2,335.6100,66
Ne,2,335.6308,51
Re,1,335.6330,45
K,2,335.6510,10
Pu,2,335.6610,67
Hf,1,335.6788,24
Ba,1,335.6798,31
Nb,1,335.7040,36
C,2,335.7190,11
Ce,2,335.7220,13
Zr,2,335.7260,70
Sc,1,335.7292,18
Cr,2,335.7400,33
Pr,3,335.7560,86
Gd,1,335.7610,54
Cs,3,335.7699,66
Ne,2,335.7819,83
U,1,335.7840,64
Ho,2,335.7910,61
Ti,3,335.7922,42
Os,1,335.7970,26
Xe,3,335.7990,72
Re,1,335.8020,33
Mo,1,335.8118,95
Pm,2,335.8140,11
Yb,3,335.8250,53
Pu,2,335.8410,68
Mn,2,335.8411,42
Nb,1,335.8420,95
Gd,2,335.8430,42
K,3,335.8430,36
Ta,1,335.8470,69
Cr,2,335.8500,90
Ar,3,335.8530,98
W,2,335.8595,72
Th,2,335.8602,89
Gd,2,335.8620,97
Ni,2,335.8680,58
Pu,2,335.8840,69
Hf,1,335.8965,36
Sc,2,335.9231,23
Pr,3,335.9410,86
Dy,2,335.9460,42
Lu,1,335.9560,100
Sc,2,335.9668,85
Ac,2,335.9680,36
Rh,1,335.9900,38
Zr,2,335.9960,32
Hf,1,336.0060,70
Sr,3,336.0141,20
Na,2,336.0190,78
Pm,2,336.0210,4
Ne,2,336.0271,52
Cr,2,336.0291,94
Zr,1,336.0460,56
Ne,2,336.0597,96
Gd,2,336.0710,74
Rh,1,336.0800,76
C,2,336.0891,40
C,2,336.1051,85
W,2,336.1104,38
Os,1,336.1150,31
Ru,1,336.1150,38
Ac,2,336.1190,47
Ti,2,336.1212,99
Sc,2,336.1257,80
Ar,3,336.1280,62
Mo,1,336.1366,58
Rb,2,336.1375,56
Mg,3,336.1412,92
Ni,1,336.1560,71
Th,2,336.1619,9
C,2,336.1721,76
Kr,1,336.1740,6
Cr,2,336.1765,62
Ca,1,336.1920,41
Sc,2,336.1926,80
Y,2,336.1986,51
Ca,1,336.2140,27
Ne,2,336.2162,83
Rh,1,336.2180,38
Gd,2,336.2230,99
Tb,2,336.2250,63
Pu,2,336.2260,69
Na,2,336.2330,45
Yb,2,336.2440,76
Am,2,336.2550,59
Tm,2,336.2610,96
Hg,2,336.2671,11
Ne,2,336.2707,72
Re,1,336.2740,34
Xe,3,336.2770,7
Na,2,336.2790,45
Te,2,336.2793,75
Ne,2,336.2938,52
Mn,2,336.3019,82
W,1,336.3336,48
Ni,2,336.3450,46
Sc,2,336.3479,46
Yb,2,336.3640,49
Mo,1,336.3777,89
Tm,1,336.3781,44
Zr,2,336.3820,24
Na,2,336.4010,33
Er,2,336.4080,93
Os,1,336.4120,18
K,3,336.4220,92
Gd,2,336.4240,43
Ho,2,336.4270,61
Yb,3,336.4300,29
Pm,2,336.4440,5
Pr,3,336.4520,47
Ti,2,336.4579,72
Na,2,336.4740,33
Cr,2,336.4772,22
Sc,1,336.4841,19
Cr,2,336.4870,34
Pr,3,336.4880,30
Tb,2,336.4930,88
Nd,2,336.4960,38
Pu,1,336.5200,16
Cu,1,336.5342,83
V,1,336.5550,4
Nb,2,336.5580,30
Gd,2,336.5590,30
Cu,2,336.5648,11
Ni,1,336.5770,72
Pr,3,336.5800,30
Sm,2,336.5860,87
Pm,1,336.6030,24
Ne,3,336.6100,29
Mn,2,336.6116,9
Ni,1,336.6170,72
Ti,2,336.6177,35
Cu,2,336.6270,7
Sr,1,336.6333,59
Sc,2,336.6430,46
Th,2,336.6517,11
Ce,2,336.6550,13
Ar,2,336.6580,2
Cr,2,336.6655,48
Hf,1,336.6681,35
Xe,2,336.6720,83
Tc,1,336.6753,43
Ni,1,336.6810,42
Nb,1,336.6960,72
Pt,1,336.6990,15
S,3,336.7158,50
Ne,2,336.7216,83
N,3,336.7340,41
Pr,3,336.7350,71
Cr,1,336.7490,3
Ir,2,336.7577,9
Pr,3,336.7580,86
Be,1,336.7633,76
Eu,2,336.7640,23
Ca,3,336.7786,98
Th,2,336.7819,59
Zr,2,336.7820,24
Ni,1,336.7890,42
Er,2,336.8020,93
Cr,2,336.8049,98
S,2,336.8073,88
Dy,2,336.8110,68
Ba,3,336.8175,100
Rh,1,336.8380,82
Au,1,336.8440,40
Ru,1,336.8450,62
Ir,1,336.8480,74
Cs,2,336.8569,77
Sm,2,336.8570,30
Na,2,336.8632,45
Pu,1,336.8860,17
Sc,2,336.8936,85
Cr,2,336.9049,10
Eu,2,336.9060,66
Tl,2,336.9150,74
Nb,2,336.9160,31
Na,2,336.9390,54
Sm,2,336.9460,31
Ti,2,336.9467,64
S,3,336.9489,51
Fe,1,336.9547,11
Ge,3,336.9570,26
Ni,1,336.9570,94
Ge,2,336.9620,44
Ba,3,336.9677,97
Rh,1,336.9680,30
Ne,1,336.9808,77
Ne,1,336.9907,85
Os,1,337.0200,1
S,3,337.0373,52
B,3,337.0380,5
Cu,2,337.0453,37
Er,2,337.0550,68
Os,1,337.0590,80
Zr,1,337.0590,57
Tb,2,337.0610,49
Ti,3,337.0625,51
Pu,2,337.0640,70
Xe,3,337.0650,23
Sr,3,337.0767,51
Fe,1,337.0783,37
Ho,2,337.0870,54
Gd,3,337.1050,7
S,2,337.1052,38
Pu,1,337.1190,17
Sm,2,337.1210,31
Nb,1,337.1330,47
Tb,2,337.1500,63
Ta,1,337.1539,93
Ti,3,337.1623,69
O,2,337.1683,12
Th,2,337.1797,79
Ne,2,337.1799,72
Ru,1,337.1860,11
S,2,337.1875,75
Pr,3,337.1920,47
Ti,2,337.1935,55
Ni,1,337.1990,74
Os,1,337.2080,12
Sc,2,337.2150,85
Ag,2,337.2194,32
Hf,1,337.2201,3
Ti,2,337.2206,68
Na,2,337.2220,46
Rh,1,337.2250,89
Ir,2,337.2350,3
Tb,2,337.2360,81
Ti,2,337.2422,24
S,2,337.2469,61
Ca,3,337.2671,100
Er,2,337.2710,99
Tb,2,337.2720,78
Ti,2,337.2793,99
Pd,1,337.2994,84
Hg,2,337.3333,58
Zr,2,337.3420,32
Ar,1,337.3470,11
Sc,2,337.3523,47
Cu,2,337.3591,4
W,1,337.3752,96
B,3,337.4000,6
Ne,2,337.4061,31
Te,2,337.4101,56
Ho,2,337.4160,48
Er,2,337.4170,89
Ni,1,337.4220,68
Ir,2,337.4242,36
Ti,2,337.4346,35
Tm,2,337.4500,72
Ni,1,337.4640,54
Ru,1,337.4650,25
Gd,2,337.4690,32
Cm,1,337.4700,26
Zr,2,337.4730,60
Ga,2,337.4917,92
Nb,1,337.4920,73
Cu,2,337.4952,15
Kr,3,337.4960,93
Th,1,337.4975,44
Tb,2,337.5030,81
Cu,1,337.5180,9
Yb,2,337.5480,92
Ne,1,337.5649,5
Cu,1,337.5672,44
Pu,1,337.5800,18
Ga,2,337.5954,91
W,2,337.6140,91
Zr,2,337.6270,13
La,2,337.6330,67
Ar,2,337.6436,72
Lu,1,337.6500,98
In,2,337.6593,55
Yb,2,337.6620,49
Pu,2,337.6760,71
Pu,2,337.6940,71
Ba,1,337.6966,42
Ce,2,337.7130,61
Pr,3,337.7140,47
Rh,1,337.7140,59
O,2,337.7146,94
Ne,2,337.7154,84
Pu,2,337.7370,72
Ba,1,337.7387,6
Th,3,337.7403,60
Zr,2,337.7460,25
V,1,337.7623,4
Pm,2,337.7680,5
Ti,3,337.7686,18
Rh,1,337.7710,53
Re,1,337.7740,46
Sc,1,337.7856,19
Ru,1,337.8020,21
Mo,1,337.8192,21
Sc,2,337.8199,69
Ne,2,337.8219,100
Cr,2,337.8330,64
Mo,1,337.8456,21
Th,2,337.8573,68
Os,1,337.8680,1
Tb,2,337.8730,63
Tb,2,337.8860,82
Hf,1,337.8876,4
Hf,1,337.8932,54
Ni,2,337.8970,48
Kr,2,337.9030,31
Xe,3,337.9030,23
W,2,337.9031,35
Re,2,337.9060,74
Pr,3,337.9130,30
Sc,2,337.9161,55
Ne,2,337.9321,31
Cr,2,337.9368,71
Sc,2,337.9377,69
Pu,1,337.9510,19
Ru,1,337.9600,11
Re,1,337.9700,61
Gd,2,337.9760,33
Se,3,337.9800,28
Cr,2,337.9820,86
Be,2,337.9900,17
Ti,2,337.9946,17
Mo,1,337.9964,89
Ru,1,338.0180,25
Pr,3,338.0210,63
Eu,2,338.0250,42
Ti,2,338.0277,96
Ti,2,338.0345,30
Nb,1,338.0410,65
Gd,2,338.0520,33
Tm,1,338.0534,84
Ni,1,338.0570,94
K,2,338.0620,59
Tm,1,338.0688,78
Sr,2,338.0711,38
Ni,1,338.0850,66
Nb,1,338.0860,36
La,2,338.0910,93
Ac,1,338.0960,49
Pt,2,338.0992,19
Tl,2,338.1000,28
Kr,2,338.1110,37
Cu,1,338.1124,53
Mg,3,338.1236,87
Pr,3,338.1260,63
Er,2,338.1320,51
Cu,1,338.1421,65
Mn,2,338.1677,9
Tl,2,338.1800,11
Pu,1,338.1820,20
Pr,3,338.1840,79
Au,1,338.1900,16
Pu,2,338.1970,73
Er,1,338.2060,68
Sm,2,338.2400,87
Mo,1,338.2482,66
Cr,2,338.2680,78
Pu,1,338.2700,20
Tb,2,338.2800,63
Ag,1,338.2887,98
Mg,3,338.2901,90
Sb,1,338.3150,40
Ac,2,338.3530,93
Ti,2,338.3758,98
Ba,3,338.3812,72
Xe,3,338.3920,32
Fe,1,338.3979,9
Os,1,338.4000,45
Yb,3,338.4010,98
Xe,3,338.4100,53
Xe,2,338.4130,44
Hf,2,338.4140,36
W,1,338.4332,48
Mo,1,338.4609,95
Ag,2,338.4624,50
Sm,2,338.4660,56
Hf,2,338.4700,59
Cu,1,338.4800,32
Mn,2,338.4810,10
K,2,338.4860,59
Tm,2,338.4990,67
Dy,2,338.5020,97
Ta,1,338.5053,81
Er,2,338.5080,95
Hg,2,338.5103,71
Ru,1,338.5140,25
Kr,2,338.5230,31
Br,3,338.5250,34
Sc,2,338.5349,47
Cd,2,338.5486,55
Lu,1,338.5500,85
Th,2,338.5531,59
Re,1,338.5760,34
Rh,1,338.5780,60
S,2,338.5794,73
Sc,1,338.5841,19
Os,1,338.5940,18
W,1,338.6090,48
Hf,1,338.6214,54
Nb,2,338.6240,42
Th,2,338.6500,47
Dy,2,338.6570,37
Sc,1,338.6785,19
S,3,338.7129,63
Se,3,338.7200,68
S,2,338.7330,60
Mg,3,338.7368,90
Bk,2,338.7450,34
Yb,1,338.7500,66
Ir,2,338.7690,9
Mn,2,338.7749,10
Ti,2,338.7833,97
Os,1,338.7840,71
Zr,2,338.7870,72
Cu,1,338.8070,9
Co,1,338.8170,49
Zr,2,338.8300,82
Ne,2,338.8417,91
Ac,2,338.8511,35
Ar,2,338.8531,78
Y,1,338.8582,65
Ru,1,338.8710,25
Ti,2,338.8751,44
W,1,338.8822,82
Ac,2,338.8850,54
Dy,2,338.8850,75
Cd,2,338.8884,34
Kr,3,338.8930,85
Ne,2,338.8943,84
Hg,3,338.9010,48
Sm,2,338.9320,41
Zr,3,338.9347,5
Re,1,338.9430,46
Ru,1,338.9500,12
Th,2,338.9640,68
Mn,2,338.9730,67
Er,2,338.9740,69
Ge,2,338.9782,54
Mo,1,338.9793,33
Hf,2,338.9830,91
O,2,339.0209,97
Re,1,339.0250,34
Yb,2,339.0250,49
Pu,2,339.0330,74
U,1,339.0380,91
Yb,2,339.0420,30
Ne,2,339.0552,9
Mg,3,339.0577,28
Tb,2,339.0600,42
Xe,3,339.0640,32
Ho,2,339.0750,54
Eu,2,339.0780,45
Ni,1,339.1050,85
Pr,3,339.1080,48
W,1,339.1090,49
Yb,2,339.1100,50
Pm,2,339.1280,11
Tb,2,339.1280,70
Au,1,339.1310,63
Ac,1,339.1410,5
Pu,2,339.1410,74
Cr,2,339.1431,44
W,1,339.1520,49
Lu,1,339.1550,63
Ar,3,339.1845,96
Sn,3,339.1930,73
Dy,2,339.1960,38
Zr,2,339.1980,100
Eu,2,339.1990,74
Er,2,339.2000,97
Cu,1,339.2016,9
Th,2,339.2035,99
C,2,339.2146,25
Mo,1,339.2166,3
Cf,1,339.2220,2
Nb,1,339.2340,73
Ir,2,339.2467,34
Gd,2,339.2530,81
Ru,1,339.2540,62
Yb,3,339.2560,71
Ne,2,339.2607,31
K,2,339.2630,21
Fe,1,339.2652,39
Ac,3,339.2780,56
Ne,2,339.2801,99
Hf,1,339.2815,54
Cl,3,339.2890,83
Ti,3,339.2945,33
Cr,2,339.2982,61
Ni,1,339.2990,95
Rb,2,339.3034,88
Zr,2,339.3120,72
Tm,1,339.3186,85
Ir,2,339.3383,25
Cl,3,339.3450,85
Dy,2,339.3570,94
Nd,2,339.3630,42
Mo,1,339.3649,34
Pu,1,339.3670,21
Ar,1,339.3730,11
Cr,2,339.3836,72
C,2,339.3946,17
Tc,1,339.4179,34
Pr,3,339.4220,92
Sc,2,339.4242,47
Cr,2,339.4291,73
Pu,1,339.4320,22
Yb,2,339.4440,50
Th,3,339.4486,15
Ti,2,339.4572,96
Hf,2,339.4590,60
Ho,2,339.4600,62
Pr,2,339.4620,33
U,2,339.4770,32
Mn,2,339.4842,10
Hf,2,339.4980,36
Am,1,339.5010,28
Gd,2,339.5120,63
Mo,2,339.5360,60
Co,1,339.5380,73
Au,1,339.5400,64
Cu,1,339.5476,53
Ce,3,339.5770,85
S,2,339.5861,52
Hf,1,339.5888,30
Nb,1,339.5930,47
Er,2,339.6070,59
Pr,3,339.6070,90
Dy,2,339.6160,85
Sm,2,339.6190,41
Cu,1,339.6324,21
Zr,2,339.6330,29
Ti,3,339.6432,34
Eu,2,339.6580,81
Kr,3,339.6580,79
Pr,3,339.6620,79
Th,1,339.6728,33
Lu,1,339.6820,87
Rh,1,339.6820,98
Er,2,339.6840,51
Ac,2,339.6920,63
Y,1,339.7032,46
Lu,2,339.7070,85
Bi,1,339.7198,74
Gd,1,339.7220,54
Ti,3,339.7235,34
Hf,1,339.7257,68
Pr,3,339.7460,80
Tm,2,339.7500,90
Th,1,339.7516,70
Hf,1,339.7602,30
Yb,3,339.7660,67
Tm,1,339.7867,67
Ta,1,339.8327,69
Tc,1,339.8327,34
Tb,2,339.8350,55
Th,1,339.8545,67
Ce,3,339.8910,68
W,2,339.8923,53
Ho,2,339.8980,98
Tb,2,339.9100,64
Mg,3,339.9188,83
Re,1,339.9300,97
Fe,1,339.9333,42
Zr,2,339.9350,60
Nb,1,339.9400,33
Gd,2,339.9410,30
Rh,1,339.9700,87
Hf,2,339.9800,99
Tm,2,339.9950,68
Gd,2,339.9990,63
Na,2,340.0093,54
Mn,2,340.0117,82
Hf,1,340.0218,68
V,1,340.0392,35
Tb,2,340.0530,55
Tb,2,340.0860,43
Yb,2,340.1010,50
Ni,2,340.1050,49
Os,1,340.1170,2
Hg,2,340.1389,49
Kr,1,340.1400,42
C,2,340.1530,10
Mn,2,340.1633,42
Ru,1,340.1740,55
Er,2,340.1830,64
Os,1,340.1860,71
W,2,340.1885,75
Gd,2,340.2070,63
Tc,1,340.2105,12
Ac,2,340.2110,37
Cu,1,340.2244,69
Tb,2,340.2330,74
Cr,2,340.2397,62
Ti,2,340.2421,47
Sm,2,340.2460,64
Os,1,340.2510,32
Hf,1,340.2512,68
Th,2,340.2695,90
Bi,1,340.2800,45
Gd,3,340.2970,8
Pr,3,340.2970,31
Sm,2,340.3090,7
Cr,2,340.3256,63
Cr,2,340.3320,91
Cd,1,340.3652,84
C,2,340.3660,14
Ag,1,340.3780,11
Xe,3,340.3910,7
Tc,1,340.3931,13
Yb,2,340.4100,34
K,2,340.4240,60
In,2,340.4270,77
C,2,340.4330,14
Mo,1,340.4335,82
Fe,1,340.4354,34
Ti,3,340.4462,51
Pd,1,340.4576,99
Cu,1,340.4660,60
Re,1,340.4720,80
Ne,2,340.4821,72
Zr,2,340.4830,73
Co,1,340.5120,99
Kr,2,340.5160,70
Bi,1,340.5330,50
Be,2,340.5400,18
Nb,1,340.5410,59
Th,1,340.5558,32
Re,1,340.5890,80
Tm,1,340.5967,92
Ce,2,340.5980,14
Mo,1,340.6011,92
Nb,1,340.6130,36
C,2,340.6361,25
Rh,1,340.6550,69
Cs,3,340.6644,79
Te,2,340.6787,80
W,2,340.6833,83
Gd,1,340.6920,50
Ta,1,340.6935,85
Ne,2,340.6945,84
Dy,2,340.7160,55
Ti,2,340.7202,34
O,2,340.7273,80
Sn,2,340.7410,48
Fe,1,340.7459,74
Gd,2,340.7560,82
Tm,3,340.7730,38
Hf,2,340.7760,37
Dy,2,340.7800,98
Pm,2,340.8060,12
Pt,1,340.8131,97
Dy,2,340.8140,59
Pt,2,340.8237,7
Bk,1,340.8280,5
W,1,340.8379,82
Nb,1,340.8380,65
Re,1,340.8670,46
Nb,2,340.8680,56
Sm,2,340.8680,80
Th,1,340.8750,42
Os,1,340.8760,2
Cr,2,340.8765,95
Kr,1,340.8970,6
Co,1,340.9180,87
Nb,2,340.9190,43
Ru,1,340.9280,55
Gd,2,340.9300,40
Ir,2,340.9524,20
Ni,1,340.9580,55
O,2,340.9710,75
Ti,2,340.9808,40
Re,1,340.9830,61
Kr,1,340.9890,7
Tm,1,341.0048,97
Hf,2,341.0170,60
Ir,2,341.0225,10
Zr,2,341.0250,82
Ho,2,341.0260,87
Tb,2,341.0400,43
Ho,2,341.0650,71
Tb,2,341.0680,43
Gd,1,341.1020,55
Cs,3,341.1337,83
Ne,2,341.1360,31
Tm,1,341.1893,52
Bk,2,341.2130,36
Rh,1,341.2270,87
Co,1,341.2340,94
Hf,1,341.2374,28
Yb,1,341.2450,38
Y,1,341.2464,66
Tm,1,341.2590,90
Co,1,341.2630,74
Os,1,341.2740,2
Nb,2,341.2940,56
W,1,341.2956,49
Th,1,341.3013,46
Cu,1,341.3107,22
Fe,1,341.3132,56
Ne,2,341.3145,73
Pr,3,341.3210,86
Gd,2,341.3270,33
Cu,1,341.3343,65
Ni,1,341.3480,72
W,1,341.3528,49
Ar,3,341.3530,55
S,2,341.3704,36
Tb,2,341.3760,82
Dy,2,341.3780,85
Ac,2,341.3840,95
Se,3,341.3900,72
Ni,1,341.3940,73
Ge,3,341.4270,64
F,2,341.4650,11
Zr,1,341.4660,78
Ni,1,341.4760,99
Kr,2,341.4800,23
Dy,2,341.4820,69
Ne,2,341.4889,10
Ho,2,341.4900,92
Pr,3,341.5150,80
Tm,3,341.5400,19
Rb,2,341.5585,82
Cu,1,341.5800,65
Tm,3,341.5960,19
Nb,1,341.5970,50
Tb,2,341.6240,55
Ac,1,341.6271,51
F,2,341.6450,20
Ho,2,341.6460,97
Tm,1,341.6588,90
W,2,341.6625,99
F,2,341.6800,12
Ne,2,341.6913,84
Gd,2,341.6950,85
F,2,341.7000,28
Co,1,341.7160,78
Hf,1,341.7340,79
Ru,1,341.7350,94
Ce,2,341.7450,28
Ar,3,341.7490,63
Cd,2,341.7491,56
Ti,3,341.7621,69
Er,2,341.7630,59
Ne,2,341.7687,85
Tm,1,341.7692,61
Re,1,341.7770,62
Ac,2,341.7771,97
Pt,2,341.7803,46
Fe,1,341.7840,34
Ne,1,341.7903,77
Ne,1,341.8005,6
Cs,3,341.8112,43
Sm,2,341.8150,18
Yb,1,341.8390,68
Fe,1,341.8507,20
Sm,2,341.8510,48
Mo,1,341.8522,54
Tm,1,341.8625,77
Gd,2,341.8730,85
Th,2,341.8775,59
Pu,2,341.8880,75
Hf,1,341.9171,90
Th,2,341.9173,32
P,2,341.9340,23
Mn,2,341.9405,67
Re,1,341.9410,84
Te,2,341.9627,9
Dy,2,341.9630,78
Am,2,341.9660,46
Ta,1,341.9748,27
Eu,2,341.9840,24
Mo,1,342.0036,58
Pr,3,342.0070,63
Rh,1,342.0160,38
Cu,1,342.0166,9
Ba,1,342.0313,50
Tb,2,342.0340,73
C,1,342.0405,30
Xe,2,342.0730,45
Co,2,342.0791,26
K,3,342.0820,95
Ba,1,342.1000,1
W,2,342.1134,12
Cr,2,342.1210,91
Th,1,342.1210,79
Rh,1,342.1220,78
Pd,1,342.1221,95
Ar,2,342.1611,2
Ho,2,342.1630,91
Os,1,342.1690,2
K,3,342.1830,45
Cu,1,342.2100,32
Pr,3,342.2220,80
Cd,2,342.2228,10
Mo,1,342.2308,43
W,1,342.2415,65
Gd,2,342.2470,100
Fe,1,342.2656,15
Ce,2,342.2710,70
Cr,2,342.2739,96
Gd,2,342.2750,54
Eu,2,342.3090,43
Ra,2,342.3100,19
Es,1,342.3120,5
Th,2,342.3129,37
Na,2,342.3590,2
Ni,1,342.3710,89
Kr,2,342.3730,37
Nb,1,342.3760,50
Br,2,342.3820,45
Gd,1,342.3900,92
Ne,1,342.3912,6
Th,1,342.3989,79
Na,2,342.4030,34
Ar,3,342.4250,72
Fe,1,342.4284,34
Rh,1,342.4380,60
U,2,342.4560,77
Gd,2,342.4590,75
Re,1,342.4620,98
Hg,2,342.4789,54
Kr,1,342.4943,61
I,2,342.4993,21
P,2,342.5000,5
Eu,2,342.5020,68
Dy,2,342.5060,69
Tm,2,342.5080,98
Mo,1,342.5133,3
Ho,2,342.5340,94
Nb,2,342.5420,57
Tm,2,342.5630,84
Nb,1,342.5850,37
Gd,2,342.5930,54
Yb,1,342.6040,84
Re,1,342.6190,71
Ce,2,342.6210,47
Kr,1,342.6270,7
Pr,3,342.6270,31
Eu,2,342.6440,24
Nb,2,342.6570,58
Na,1,342.6862,39
Bk,1,342.6950,6
Pr,3,342.7020,87
Fe,1,342.7119,73
K,2,342.7130,10
Na,1,342.7300,55
Hg,2,342.7310,36
Ce,3,342.7360,93
Pm,2,342.7400,84
Hf,1,342.7430,48
Nb,1,342.7450,60
Re,1,342.7610,58
Os,1,342.7670,10
Kr,2,342.7710,46
W,1,342.7710,50
Mg,3,342.7794,7
Pt,1,342.7927,61
Ho,2,342.8130,95
Mn,2,342.8150,10
Fe,1,342.8192,27
Ru,1,342.8310,96
Hf,2,342.8370,53
Er,2,342.8390,72
Se,3,342.8400,32
Yb,2,342.8460,68
Gd,2,342.8470,33
Es,1,342.8480,41
Ne,2,342.8685,85
Kr,3,342.8830,68
Al,2,342.8894,49
Th,1,342.8999,49
Nb,1,342.9040,37
Ho,2,342.9180,84
Sc,1,342.9199,20
Tm,1,342.9332,91
Dy,2,342.9440,59
Sc,1,342.9479,20
Hg,2,342.9584,64
W,1,342.9592,65
Tm,2,342.9960,82
Ar,3,343.0030,12
Ar,2,343.0415,5
Zr,2,343.0530,90
Bi,2,343.0605,2
Tb,2,343.0610,43
Sr,3,343.0756,98
Ru,1,343.0770,70
Yb,1,343.1110,80
Tm,2,343.1190,68
Bi,2,343.1230,23
Sc,1,343.1351,20
Kr,1,343.1450,7
Ti,2,343.1537,22
Co,1,343.1580,76
Kr,1,343.1722,65
Ho,2,343.2100,62
Bk,1,343.2620,7
Nb,2,343.2700,44
Ru,1,343.2740,55
Yb,3,343.2940,60
Gd,2,343.2990,71
Co,1,343.3040,87
Tb,2,343.3260,64
Cr,2,343.3309,91
Pd,1,343.3428,85
Ni,1,343.3560,93
Cr,1,343.3597,47
Sm,2,343.3680,0
Th,2,343.3999,93
Ge,3,343.4030,84
Kr,1,343.4142,50
Rb,2,343.4177,84
Mg,3,343.4236,7
Dy,2,343.4370,91
Yb,2,343.4610,45
Tc,1,343.4701,13
Mo,1,343.4787,72
Rh,1,343.4890,99
Be,2,343.5000,9
Eu,2,343.5050,25
Eu,2,343.5200,43
Mo,1,343.5447,66
U,1,343.5490,83
Sc,1,343.5541,20
Eu,2,343.5720,18
Xe,3,343.5740,8
Th,2,343.5977,94
Cr,1,343.6191,37
Pr,3,343.6360,80
Ga,2,343.6579,54
Th,1,343.6727,33
Ru,1,343.6740,97
Hg,2,343.6917,54
Ar,3,343.6925,55
Tm,3,343.6930,20
Ir,1,343.7020,78
Zr,2,343.7140,61
O,2,343.7144,1
N,2,343.7150,55
Mo,1,343.7213,82
Ni,1,343.7280,82
Th,1,343.7307,86
Tc,1,343.7439,5
Bk,1,343.7470,8
Ir,1,343.7500,23
Ag,2,343.7707,16
Re,1,343.7710,62
Ar,3,343.8040,69
Sm,2,343.8060,0
Zr,2,343.8230,99
Hf,2,343.8240,63
Ru,1,343.8370,47
In,2,343.8417,80
Hf,1,343.8428,78
Mg,3,343.8623,8
Yb,2,343.8710,51
Yb,2,343.8850,76
Mo,1,343.8869,58
Ne,2,343.8935,52
Dy,2,343.8940,50
Th,2,343.8950,59
Mn,2,343.8971,89
Gd,2,343.9210,89
Ac,2,343.9250,46
Rb,3,343.9262,91
Al,1,343.9347,66
Ir,2,343.9418,19
Kr,3,343.9460,98
Th,2,343.9712,74
Tb,2,343.9720,56
Gd,2,343.9780,76
Gd,2,343.9990,94
K,2,344.0050,72
Ru,1,344.0200,43
Au,1,344.0360,41
Tb,2,344.0370,82
Ac,2,344.0400,67
Sm,2,344.0500,12
Cu,1,344.0507,69
Rh,1,344.0530,91
Nb,2,344.0590,44
W,2,344.0594,32
Os,1,344.0600,32
Fe,1,344.0606,99
Pr,3,344.0620,64
Ne,2,344.0747,10
Eu,2,344.0820,25
Hf,1,344.0860,26
Dy,2,344.0930,72
Fe,1,344.0989,98
Eu,2,344.1000,69
Er,2,344.1130,85
Pm,2,344.1150,29
Ce,2,344.1210,29
Pd,1,344.1390,88
Cr,1,344.1435,30
Mo,1,344.1444,58
Dy,2,344.1450,86
Tm,2,344.1500,97
Hf,1,344.1835,49
In,2,344.1911,46
Mn,2,344.1985,99
Te,2,344.2246,48
Ir,2,344.2346,7
Cd,2,344.2416,57
Rh,1,344.2630,22
Bk,1,344.2660,9
Er,1,344.2680,80
Kr,3,344.2860,42
Co,1,344.2930,64
W,1,344.2998,50
Mo,1,344.3260,59
Tc,1,344.3472,13
Ce,3,344.3630,96
Al,1,344.3640,83
Co,1,344.3640,98
Ne,2,344.3707,32
Fe,1,344.3876,90
O,3,344.4100,30
Xe,3,344.4240,90
Ti,2,344.4306,94
Xe,3,344.4390,73
Mg,3,344.4409,78
Os,1,344.4460,3
Tb,2,344.4580,64
Sr,3,344.4853,66
Al,1,344.4865,67
Mo,1,344.5035,3
Fe,1,344.5149,48
Eu,2,344.5180,25
Mo,1,344.5257,40
Pr,3,344.5290,31
Os,1,344.5550,12
Dy,2,344.5570,94
Cr,1,344.5615,38
Tm,1,344.5668,76
Mo,2,344.6080,61
Am,1,344.6190,31
Ac,1,344.6250,65
Ni,1,344.6260,97
Xe,2,344.6340,36
Ga,2,344.6382,73
Tb,2,344.6400,44
Kr,2,344.6510,59
Kr,3,344.6850,53
Yb,2,344.6890,34
Dy,2,344.6990,79
Ga,2,344.7062,42
Mo,1,344.7123,98
Fe,1,344.7278,0
Tm,1,344.7353,85
Br,3,344.7360,80
Zr,1,344.7360,86
Cr,1,344.7429,22
Ne,1,344.7702,65
Rh,1,344.7740,60
Pt,2,344.7763,30
O,2,344.7861,66
K,3,344.8010,39
Hf,1,344.8284,25
Rh,1,344.8580,38
Kr,3,344.8710,69
Y,2,344.8804,53
Ir,1,344.8970,67
Mo,1,344.9074,83
Co,1,344.9170,85
Os,1,344.9200,46
Ho,1,344.9350,86
Re,1,344.9370,71
Co,1,344.9440,73
Tb,2,344.9460,56
Gd,2,344.9620,54
Pm,2,344.9800,79
Mo,1,344.9853,3
W,2,344.9864,80
Dy,2,344.9890,62
Rh,1,345.0290,61
Fe,1,345.0328,1
Cu,1,345.0332,84
Gd,2,345.0380,86
Cs,3,345.0421,48
Ti,2,345.0448,8
Ne,1,345.0764,6
Hg,3,345.0770,23
Y,1,345.0940,60
Bi,3,345.1000,88
Tc,1,345.1050,13
Rh,1,345.1150,39
Gd,2,345.1230,82
Xe,3,345.1230,45
11B,2,345.1282,50
B,2,345.1303,99
Be,1,345.1372,2
10B,2,345.1388,50
Hg,2,345.1689,87
Th,1,345.1702,9
Re,1,345.1880,99
Fe,1,345.1914,1
Am,2,345.2100,72
La,2,345.2180,53
Fe,1,345.2274,23
Hf,1,345.2304,4
Yb,1,345.2400,55
Ti,2,345.2465,57
W,2,345.2501,73
Mo,1,345.2601,59
Al,1,345.2657,25
Ca,2,345.2660,5
Th,2,345.2682,1
Pa,2,345.2820,53
Ni,1,345.2890,85
Cm,1,345.2920,27
Ne,2,345.3068,32
Ho,2,345.3140,96
La,2,345.3170,64
Cr,1,345.3328,14
Co,1,345.3500,100
Re,1,345.3500,46
U,2,345.3550,39
Sm,2,345.3560,1
Tm,2,345.3660,98
Pt,2,345.3847,23
Bk,1,345.3900,10
Pr,3,345.4050,38
Tb,2,345.4060,89
Yb,2,345.4080,96
Ar,2,345.4095,47
Gd,2,345.4140,63
Ne,1,345.4194,40
Th,2,345.4206,41
U,2,345.4230,22
Xe,3,345.4270,78
Ir,2,345.4274,7
Dy,2,345.4320,93
Ce,3,345.4390,94
Dy,2,345.4510,62
Cu,1,345.4686,65
Mo,1,345.4750,64
Ne,2,345.4772,52
Gd,2,345.4900,77
O,2,345.5085,12
Te,2,345.5116,59
O,3,345.5120,33
Be,1,345.5183,90
Rh,1,345.5220,82
Co,1,345.5230,46
Gd,1,345.5270,51
Rh,1,345.5420,39
Cr,1,345.5601,19
Ho,2,345.5700,88
Ge,2,345.5716,77
Zr,1,345.5910,64
Ho,2,345.6000,100
Mo,1,345.6150,40
Yb,3,345.6180,47
Ra,2,345.6200,21
Tl,3,345.6340,97
Ti,2,345.6384,81
Mo,1,345.6386,90
Dy,2,345.6560,86
Ne,2,345.6608,73
Tc,1,345.6849,14
Kr,1,345.6870,26
Te,2,345.6883,33
Ne,2,345.7008,10
Eu,1,345.7037,65
Gd,2,345.7050,30
U,2,345.7050,22
Rh,1,345.7070,70
Ne,2,345.7084,10
V,2,345.7143,6
Tc,1,345.7243,43
Sc,1,345.7442,21
Eu,2,345.7560,26
Zr,2,345.7560,64
U,2,345.7710,23
W,1,345.7713,24
Se,3,345.7800,78
Cu,1,345.7850,84
K,2,345.7850,11
O,2,345.7920,24
Rh,1,345.7930,72
Al,1,345.8216,67
Yb,2,345.8290,87
Cm,1,345.8340,28
Os,1,345.8380,3
Ni,1,345.8470,97
C,1,345.8503,44
Ir,2,345.8714,13
Zr,2,345.8930,35
O,2,345.8936,1
Hg,2,345.9164,53
Sm,2,345.9200,1
Ne,2,345.9320,73
Ce,3,345.9390,96
Cu,1,345.9428,41
Sr,3,345.9865,58
U,1,345.9920,58
O,2,345.9988,2
Mn,2,346.0026,90
Xe,2,346.0080,6
Kr,2,346.0100,59
Mo,1,346.0223,21
Mo,1,346.0230,22
Pm,2,346.0250,62
Yb,1,346.0270,85
Mn,2,346.0314,98
W,2,346.0379,6
Tb,2,346.0380,70
Re,1,346.0460,100
Tl,2,346.0480,13
Ne,1,346.0523,40
Pd,1,346.0738,89
Ac,2,346.0770,78
Mo,1,346.0777,83
Dy,2,346.0970,95
Th,1,346.1018,84
Ar,1,346.1070,12
Sm,2,346.1130,13
La,1,346.1180,64
Th,1,346.1217,72
Bk,2,346.1240,39
Xe,2,346.1260,63
Eu,2,346.1380,64
Ti,2,346.1495,92
Rb,2,346.1502,88
Ni,1,346.1650,97
Ca,2,346.1870,18
Gd,2,346.1950,34
Ho,2,346.1970,93
Rh,1,346.2040,98
Tm,2,346.2200,99
U,1,346.2220,47
Yb,2,346.2340,35
Na,2,346.2491,76
Hf,2,346.2640,37
Co,1,346.2800,91
Th,2,346.2850,64
Pm,2,346.2910,42
Tb,2,346.2970,49
Gd,2,346.3000,34
Zr,2,346.3020,85
Cs,3,346.3445,87
Yb,3,346.3510,71
W,2,346.3513,61
U,1,346.3550,73
Al,2,346.3630,20
Ta,1,346.3771,69
Nb,1,346.3810,48
Gd,2,346.3980,95
Ar,2,346.4126,50
Bk,2,346.4130,41
Ne,1,346.4339,40
Yb,1,346.4370,97
Cd,2,346.4426,69
Sr,2,346.4457,46
Ge,3,346.4590,33
S,2,346.4626,25
Re,1,346.4730,100
Pu,2,346.5100,76
Cs,3,346.5224,46
Cu,1,346.5401,49
Kr,2,346.5410,2
Os,1,346.5440,3
Ti,2,346.5548,34
Pr,2,346.5740,34
Th,2,346.5765,79
Co,1,346.5800,91
Mo,1,346.5843,19
Nb,1,346.5860,50
Fe,1,346.5860,94
Cd,1,346.6200,91
Cu,1,346.6240,41
Tc,1,346.6278,93
U,1,346.6300,87
Ar,2,346.6333,57
Mn,2,346.6340,42
Ne,1,346.6578,65
Th,1,346.6646,25
Mo,1,346.6824,66
Mo,1,346.6830,66
Gd,2,346.6950,50
Ho,2,346.7070,67
Au,1,346.7210,65
Xe,3,346.7220,73
Gd,2,346.7270,89
Ni,1,346.7500,63
Tm,1,346.7513,87
Hf,1,346.7569,45
Cd,1,346.7655,86
Mo,1,346.7853,59
Sm,2,346.7870,1
Eu,1,346.7871,66
Y,2,346.7871,44
Mg,3,346.7912,78
Tm,3,346.7930,60
Re,1,346.7960,72
Tb,2,346.8030,85
Th,2,346.8220,77
Xe,3,346.8220,66
K,3,346.8320,98
Dy,2,346.8430,77
Ca,1,346.8480,28
Gd,2,346.8990,90
Ag,1,346.9160,58
Mo,1,346.9218,67
Th,1,346.9345,59
Nb,1,346.9440,37
Ni,1,346.9490,67
Er,1,346.9510,83
Rh,1,346.9620,70
Al,1,346.9800,10
Xe,1,346.9810,7
Th,2,346.9921,96
Yb,3,346.9980,29
Kr,2,347.0050,46
O,2,347.0281,90
Ga,2,347.0383,87
Tc,1,347.0514,5
Rh,1,347.0660,96
O,2,347.0676,94
Ce,3,347.0920,99
Mo,1,347.0921,41
Kr,3,347.1020,14
Dy,2,347.1140,72
Nb,1,347.1190,27
Zr,1,347.1190,86
Th,1,347.1218,16
Ar,3,347.1320,73
Ba,3,347.1394,62
Ga,2,347.1440,35
Dy,2,347.1530,72
Au,1,347.1610,41
Er,2,347.1710,89
Tb,2,347.1730,56
Ir,2,347.1810,7
Bk,2,347.2020,43
Cu,1,347.2141,66
Rh,1,347.2250,61
Sn,2,347.2333,86
Xe,3,347.2350,32
Xe,1,347.2360,7
Tb,2,347.2370,56
Hf,1,347.2410,94
Lu,2,347.2480,91
U,2,347.2520,47
Ni,1,347.2540,89
Ne,1,347.2571,77
Ar,3,347.2610,56
Tb,2,347.2790,89
F,2,347.2960,30
Tb,2,347.3000,44
Nb,1,347.3020,40
Gd,2,347.3220,86
F,2,347.3310,21
Bi,3,347.3390,40
Mg,3,347.3424,39
U,1,347.3430,47
Pu,2,347.3640,77
Dy,2,347.3700,55
Ru,1,347.3750,48
Bi,3,347.3780,95
Ho,2,347.3910,88
Co,1,347.4020,97
Mn,2,347.4038,96
Mn,2,347.4127,90
Xe,2,347.4230,27
Ho,2,347.4260,97
Kr,3,347.4650,96
Ca,1,347.4760,38
F,2,347.4780,50
Rh,1,347.4780,97
Sr,2,347.4887,4
Mo,1,347.5029,41
W,2,347.5281,20
Fe,1,347.5450,98
Tc,1,347.5592,72
Na,2,347.5810,2
Ag,2,347.5818,29
Cu,1,347.5999,84
Yb,2,347.6300,96
Sr,3,347.6389,21
Re,1,347.6440,47
Be,1,347.6564,77
Tm,1,347.6692,91
Fe,1,347.6702,88
Ar,2,347.6747,88
Pt,1,347.6760,5
Ce,2,347.6840,61
Ti,2,347.6963,6
Dy,2,347.7070,86
Eu,1,347.7070,60
Ti,2,347.7180,88
Bk,2,347.7620,45
Ne,2,347.7647,32
Pt,2,347.7661,3
W,1,347.7943,50
Ar,2,347.8232,60
Os,1,347.8530,3
Nb,1,347.8690,68
Zr,1,347.8790,64
Yb,2,347.8840,96
Rh,1,347.8910,93
Hf,2,347.8990,53
Th,3,347.9017,27
Th,2,347.9172,32
Hf,2,347.9280,79
Zr,2,347.9390,92
Er,2,347.9410,82
Mo,1,347.9417,37
Ne,2,347.9519,91
I,3,347.9530,36
Nb,2,347.9560,50
Sc,3,347.9785,45
Al,1,347.9806,59
Co,2,348.0014,4
Tb,2,348.0170,71
Te,2,348.0317,42
U,1,348.0360,59
Re,1,348.0380,72
Ar,3,348.0502,99
Ta,1,348.0516,87
Er,3,348.0540,80
Sm,2,348.0560,1
Rb,2,348.0600,48
Pm,2,348.0610,42
Ne,2,348.0718,96
Re,1,348.0850,62
Tm,1,348.0975,91
Sc,3,348.1064,38
K,3,348.1110,14
Zr,2,348.1150,94
Pd,1,348.1152,90
Ac,2,348.1161,98
Gd,2,348.1280,93
Ru,1,348.1300,46
Ac,2,348.1560,47
Tm,2,348.1750,62
Gd,2,348.1800,90
Np,1,348.1930,1
Ne,2,348.1934,96
Mn,2,348.2046,11
Os,1,348.2110,4
Re,1,348.2230,47
Ce,2,348.2350,14
U,2,348.2490,86
Yb,2,348.2560,51
Gd,2,348.2600,61
Al,1,348.2628,60
Mn,2,348.2904,96
Tb,2,348.3040,50
Cd,2,348.3079,29
Pu,1,348.3200,23
Ac,2,348.3249,61
Am,2,348.3310,92
Co,1,348.3410,71
Pt,1,348.3423,34
Zr,2,348.3540,83
Ti,2,348.3625,78
Mo,1,348.3669,4
Te,2,348.3672,35
Tb,2,348.3690,50
Cu,1,348.3761,86
Ni,1,348.3770,77
Mo,1,348.3834,41
Rh,1,348.4040,55
Y,1,348.4047,93
Nb,2,348.4050,14
Ar,3,348.4120,24
Es,1,348.4590,23
Ta,1,348.4621,17
Hf,1,348.4718,22
Ho,2,348.4840,98
Hg,2,348.4872,55
Nd,1,348.4880,76
Ce,2,348.5050,77
Pt,1,348.5264,76
Bi,3,348.5500,93
Ca,2,348.5610,7
Y,1,348.5722,82
Yb,2,348.5760,71
Er,2,348.5850,89
Ni,1,348.5890,55
Mo,1,348.5926,55
Te,2,348.6108,26
W,2,348.6124,21
Gd,1,348.6200,55
Tc,1,348.6226,72
Th,2,348.6513,42
Th,1,348.6551,67
Er,2,348.6820,60
Si,3,348.6910,84
Tm,1,348.7379,94
Sm,2,348.7410,2
Os,1,348.7460,4
Kr,2,348.7490,9
Cu,1,348.7566,53
Br,3,348.7580,75
Ac,3,348.7590,69
Ca,1,348.7600,47
Th,1,348.7991,21
Hg,2,348.8399,45
Yb,2,348.8430,71
Kr,3,348.8590,99
Kr,2,348.8650,47
Mn,2,348.8675,90
Ta,1,348.8847,41
Cu,1,348.8858,55
Sr,3,348.8893,33
Na,1,348.9000,87
Ge,3,348.9080,88
Ti,2,348.9236,47
U,1,348.9370,97
Co,1,348.9400,89
Tb,2,348.9510,58
Ac,2,348.9531,95
Ho,2,348.9580,79
Ti,2,348.9736,32
Pd,1,348.9770,73
Fe,1,349.0574,99
Ar,2,349.0873,29
W,2,349.0921,9
Nb,1,349.1030,60
Ti,2,349.1049,84
Rh,1,349.1070,53
W,2,349.1131,85
Ar,2,349.1244,87
Ac,2,349.1470,26
Ar,2,349.1536,94
Gd,2,349.1950,79
Tb,2,349.2000,44
Mn,2,349.2276,11
Ti,2,349.2364,72
Tm,2,349.2580,48
Rb,3,349.2677,76
Sr,3,349.2678,33
Kr,3,349.2800,54
Ni,1,349.2960,98
Kr,2,349.3040,15
Ho,2,349.3090,83
U,2,349.3330,48
Tc,1,349.3394,44
Th,2,349.3518,19
Sm,2,349.3610,2
Cr,2,349.3800,4
Hg,2,349.3859,81
U,1,349.4000,56
Tb,2,349.4210,57
Ar,3,349.4270,13
Gd,2,349.4400,90
Rh,1,349.4440,60
Dy,2,349.4490,95
Xe,3,349.4510,8
Tc,1,349.4623,51
Ho,2,349.4760,95
U,2,349.4840,23
Ca,2,349.5160,8
O,2,349.5235,2
W,1,349.5236,38
Ag,2,349.5285,30
Fe,1,349.5287,6
Tb,2,349.5360,57
Cd,2,349.5436,81
Co,1,349.5690,76
Hf,2,349.5750,63
Cr,2,349.5779,64
Mn,2,349.5833,92
Yb,2,349.5900,77
Kr,1,349.5990,54
Y,2,349.6079,78
Zr,2,349.6210,99
O,2,349.6276,2
Dy,2,349.6340,73
U,2,349.6410,71
Mn,2,349.6807,90
Th,1,349.6811,24
Er,2,349.6860,60
Ar,3,349.7100,32
Kr,3,349.7130,69
Pm,2,349.7130,33
Hf,1,349.7168,82
S,3,349.7285,96
I,2,349.7406,25
Hf,1,349.7498,98
Mn,2,349.7525,91
Ce,3,349.7810,97
Dy,2,349.7810,56
Nb,1,349.7810,54
Fe,1,349.7840,88
Ta,1,349.7848,82
Zr,3,349.7882,69
Mg,3,349.7994,70
Th,2,349.8010,17
Cu,1,349.8063,60
Ne,1,349.8063,40
Es,1,349.8110,50
Na,2,349.8260,46
Ar,3,349.8310,56
Sb,2,349.8460,38
Os,1,349.8540,13
Nb,1,349.8630,80
Dy,2,349.8710,80
Rh,1,349.8730,89
Ho,2,349.8880,88
Ru,1,349.8940,99
Hf,1,349.8988,21
Er,2,349.9100,99
S,3,349.9180,52
Ge,2,349.9211,88
Tm,1,349.9446,74
Cr,2,349.9609,53
Ar,3,349.9669,97
Sr,1,349.9672,32
Ac,2,349.9750,62
Sm,2,349.9840,9
Tm,1,349.9948,91
Cd,1,349.9952,29
U,1,350.0080,87
Ba,3,350.0290,63
Cu,1,350.0324,49
Ti,2,350.0333,26
Hg,3,350.0350,9
Xe,2,350.0360,38
Ar,3,350.0580,46
Tc,1,350.0704,72
Tb,2,350.0840,90
Ni,1,350.0850,80
Tm,1,350.0918,77
Ba,1,350.1107,97
Os,1,350.1160,32
Ne,1,350.1215,66
Tc,1,350.1241,14
F,2,350.1390,75
F,2,350.1450,82
Dy,2,350.1500,57
Np,1,350.1500,2
Cr,2,350.1567,22
F,2,350.1570,83
Xe,3,350.1650,45
Cr,2,350.1655,34
Co,2,350.1745,23
Ag,1,350.1921,39
Co,1,350.2280,99
Na,1,350.2500,92
Rh,1,350.2520,98
Kr,1,350.2554,65
Ni,1,350.2600,43
Ar,3,350.2683,95
Tc,1,350.2704,64
Er,1,350.2780,87
F,2,350.2840,66
F,2,350.2960,84
Re,1,350.3060,77
F,2,350.3110,91
Xe,2,350.3150,21
Kr,2,350.3250,59
Ne,2,350.3582,53
Ar,3,350.3589,98
Ta,1,350.3868,72
Kr,1,350.3898,61
U,1,350.4010,48
Sb,3,350.4070,95
Mo,1,350.4411,86
V,2,350.4436,50
Dy,2,350.4530,80
Ce,3,350.4640,99
Os,1,350.4660,71
Ti,2,350.4891,92
Pa,1,350.4970,1
Ta,1,350.4976,48
Ti,2,350.5019,13
U,2,350.5070,24
Hf,2,350.5230,98
Eu,2,350.5300,46
Mo,1,350.5313,38
F,2,350.5370,51
Rh,1,350.5410,39
Dy,2,350.5450,80
Zr,2,350.5480,57
Gd,2,350.5510,86
F,2,350.5520,85
F,2,350.5630,92
Zr,2,350.5670,86
Ir,2,350.6018,15
Ac,1,350.6250,21
Co,1,350.6320,96
Br,3,350.6470,35
Xe,2,350.6560,21
Kr,1,350.6660,26
Xe,1,350.6740,15
Dy,2,350.6810,86
Ho,2,350.6950,73
Rh,1,350.7320,94
U,1,350.7340,92
Ne,2,350.7370,53
Lu,2,350.7390,97
Tl,3,350.7410,30
Kr,3,350.7420,100
Tb,2,350.7450,83
Ir,2,350.7503,15
Th,3,350.7546,87
Ni,1,350.7690,40
Yb,2,350.7830,71
Kr,1,350.7840,27
Ce,2,350.7940,3
Nb,1,350.7960,79
Ag,1,350.8025,40
Mo,1,350.8113,80
Er,2,350.8380,64
Lu,1,350.8420,88
W,2,350.8664,48
U,2,350.8840,24
Pt,2,350.8850,59
Xe,2,350.8880,27
Au,1,350.9040,42
Tb,2,350.9170,100
Zr,1,350.9320,94
Ar,3,350.9333,97
Ho,2,350.9370,62
U,2,350.9660,48
Hg,2,350.9758,36
Xe,3,350.9770,59
Ar,2,350.9778,89
Co,1,350.9840,82
Mn,2,350.9940,42
La,2,351.0000,39
W,1,351.0025,89
Tb,2,351.0100,71
Am,1,351.0130,80
Nb,2,351.0260,50
Cm,1,351.0280,29
Ni,1,351.0340,93
Co,1,351.0430,54
Zr,2,351.0460,36
Y,1,351.0517,8
Be,2,351.0520,48
Hg,2,351.0625,63
Ne,1,351.0721,6
Ho,1,351.0730,93
Mo,1,351.0775,6
Au,1,351.0820,16
Ti,2,351.0840,88
Bi,1,351.0864,72
Na,1,351.1000,89
Dy,1,351.1015,91
Ta,1,351.1043,88
Ar,3,351.1148,100
Sm,2,351.1230,31
Hf,1,351.1297,19
Th,2,351.1562,42
Ne,2,351.1580,53
Ar,3,351.1667,95
Rh,1,351.1780,39
Cu,1,351.1835,50
Kr,1,351.1896,36
Cu,1,351.1985,22
Cu,1,351.2121,82
Gd,2,351.2220,74
Re,1,351.2280,13
Gd,2,351.2500,82
Co,1,351.2640,89
La,2,351.2930,39
Os,1,351.2990,58
Tm,2,351.3020,54
Bi,3,351.3090,71
Rh,1,351.3100,40
Tb,2,351.3100,64
Tm,1,351.3128,58
Hf,1,351.3271,74
Ag,1,351.3377,34
Co,1,351.3480,84
Ta,1,351.3612,63
Ir,1,351.3640,94
Gd,1,351.3650,89
U,1,351.3670,48
Ac,2,351.3730,72
Rb,2,351.3773,25
Fe,1,351.3818,77
K,3,351.3880,64
Ni,1,351.3930,69
Tm,1,351.3997,65
Cs,2,351.4047,58
La,1,351.4070,51
Tm,1,351.4112,73
Ar,3,351.4200,99
Es,1,351.4330,59
Ar,2,351.4387,89
Ce,3,351.4410,20
Ru,1,351.4490,76
Kr,3,351.4550,80
Rn,1,351.4600,1
U,1,351.4610,98
Pt,1,351.4713,25
Ra,2,351.4800,22
C,1,351.4801,61
Pm,2,351.4850,12
Er,2,351.4890,72
Ni,1,351.5050,99
Zn,1,351.5110,16
Hg,2,351.5164,49
Ne,1,351.5190,66
Nb,2,351.5420,51
Be,1,351.5539,90
Ho,2,351.5590,97
Mg,3,351.5602,79
Ir,1,351.5950,49
Al,2,351.6050,5
Re,1,351.6650,62
Th,3,351.6737,8
Hf,1,351.6817,4
Pd,1,351.6944,93
Ac,2,351.6970,57
Yb,1,351.7000,39
Cu,1,351.7039,55
La,3,351.7090,95
La,3,351.7220,97
Dy,2,351.7260,73
V,2,351.7300,87
Re,1,351.7330,63
Br,3,351.7360,82
Ga,3,351.7374,90
Ce,2,351.7380,70
Mo,1,351.7546,22
Tm,1,351.7598,88
Nb,2,351.7670,52
In,2,351.7686,44
Er,2,351.8180,65
Mo,1,351.8211,22
Ir,2,351.8300,5
C,1,351.8314,32
Cs,3,351.8321,67
Co,1,351.8350,90
Th,1,351.8404,35
Os,1,351.8720,46
Hf,2,351.8750,33
Sb,3,351.9060,57
Xe,3,351.9110,45
Tl,1,351.9240,99
Tm,1,351.9428,70
Rh,1,351.9540,40
Zr,1,351.9600,97
Ru,1,351.9640,59
Tb,2,351.9760,83
Ni,1,351.9770,80
Bi,3,351.9890,70
Ho,2,351.9940,74
U,2,351.9960,49
Ar,2,351.9993,78
Os,1,352.0000,4
V,2,352.0019,12
Cu,1,352.0031,77
Nb,1,352.0060,55
Co,1,352.0080,52
Ti,2,352.0252,73
Yb,2,352.0290,91
Ne,1,352.0471,87
Sb,2,352.0474,19
Ce,2,352.0520,3
Eu,2,352.1090,86
Kr,3,352.1110,26
Te,2,352.1112,52
Ag,1,352.1123,12
Ar,2,352.1260,61
Fe,1,352.1261,78
Rb,2,352.1391,93
Mo,1,352.1412,84
Y,1,352.1533,63
Hf,1,352.1560,18
Co,1,352.1570,78
Sr,3,352.1611,35
Ce,2,352.1880,39
Th,2,352.1914,31
Ar,2,352.1977,46
Ir,1,352.2030,68
Cm,1,352.2360,30
Ir,2,352.2630,5
In,2,352.2671,59
Kr,1,352.2675,61
Xe,3,352.2800,78
F,2,352.2890,31
Hf,1,352.3025,96
Au,2,352.3340,1
Co,1,352.3430,84
Es,1,352.3490,68
Os,1,352.3640,61
Tb,2,352.3660,95
Ti,2,352.3781,22
Dy,2,352.3980,96
Cd,2,352.4112,70
Gd,2,352.4200,80
Cu,1,352.4231,87
Sr,3,352.4459,3
Ni,1,352.4540,100
Mo,1,352.4646,41
V,2,352.4716,36
Kr,3,352.4780,34
Er,2,352.4910,82
Cm,1,352.4940,31
Ba,1,352.4973,64
Mo,1,352.4975,55
Tb,2,352.5140,71
Hf,1,352.5547,11
Tb,2,352.5610,75
Zr,2,352.5810,65
Tc,1,352.5828,64
Si,3,352.5940,62
Os,1,352.6040,4
Fe,1,352.6041,85
Fe,1,352.6166,68
Tc,1,352.6178,34
Fe,1,352.6381,4
Fe,1,352.6467,16
Ce,2,352.6680,3
W,2,352.6799,1
Co,1,352.6850,94
Hf,1,352.6872,2
I,2,352.6904,37
Ac,2,352.7310,88
Cu,1,352.7482,77
Nd,2,352.7530,21
Na,2,352.7970,13
Ni,1,352.7980,51
Rh,1,352.8020,100
K,2,352.8510,3
Pt,1,352.8535,20
Gd,2,352.8540,56
Os,1,352.8600,83
Ru,1,352.8680,38
Bk,1,352.8720,11
Th,2,352.8954,47
Co,1,352.9030,79
Na,2,352.9110,34
Ac,2,352.9239,89
Tm,3,352.9290,38
Tl,1,352.9430,93
Ba,1,352.9481,27
K,2,352.9530,21
V,1,352.9733,50
Co,1,352.9810,96
Be,2,353.0000,10
Cl,3,353.0030,97
Os,1,353.0060,26
Pb,3,353.0170,2
Cu,1,353.0383,95
Na,2,353.0480,46
Sm,2,353.0600,25
Pa,2,353.0650,56
K,2,353.0750,73
V,2,353.0772,78
Hf,1,353.0870,2
Am,1,353.0950,50
Zr,3,353.1049,23
U,2,353.1110,49
Eu,2,353.1150,46
Hf,1,353.1224,54
Ba,1,353.1342,19
Cs,2,353.1372,47
Bk,1,353.1400,12
Cf,1,353.1490,6
Rb,2,353.1550,93
Dy,2,353.1700,100
Mn,1,353.1850,80
S,2,353.1852,45
Mn,1,353.2120,91
Ac,2,353.2140,49
Eu,2,353.2230,26
Sm,2,353.2570,9
Hg,2,353.2594,93
Os,1,353.2800,26
Ru,1,353.2810,46
Na,2,353.3052,98
Fe,1,353.3198,26
Zr,1,353.3220,80
Tm,3,353.3280,39
Co,1,353.3360,71
Cs,3,353.3383,35
Os,1,353.3410,5
Sb,3,353.3450,60
U,2,353.3570,83
V,1,353.3676,74
Cu,1,353.3746,77
Ac,2,353.3980,48
Ce,2,353.4050,70
Ag,2,353.4188,16
Ti,2,353.4283,41
U,1,353.4330,49
Ac,2,353.4630,89
Re,1,353.4820,17
Tm,2,353.4850,54
Al,2,353.4856,20
Tc,1,353.4878,5
Dy,2,353.4960,96
Mg,2,353.4972,45
Zr,1,353.5160,68
Nb,1,353.5300,96
Ar,2,353.5319,76
Kr,2,353.5350,60
Ti,2,353.5408,83
Tc,1,353.5506,52
Tm,2,353.5520,91
W,1,353.5539,65
Hf,2,353.5540,94
Ir,2,353.5610,5
Sm,2,353.5650,18
Cd,2,353.5691,71
Sc,2,353.5713,91
Bk,1,353.5730,13
Dy,2,353.6020,98
Tm,2,353.6210,73
Tb,2,353.6320,76
Fe,1,353.6556,43
Tm,2,353.6580,83
Hf,1,353.6630,80
F,2,353.6870,22
Mo,1,353.7280,83
W,1,353.7446,50
Re,1,353.7460,63
Sn,2,353.7470,69
Tm,3,353.7470,20
Nb,1,353.7480,93
Ca,3,353.7770,94
Tm,1,353.7910,94
Tb,2,353.7940,83
Ru,1,353.7950,64
Ne,2,353.7976,11
Eu,2,353.8080,44
Tc,1,353.8119,35
Rh,1,353.8140,87
Dy,2,353.8520,96
Ir,2,353.8650,13
Th,3,353.8662,37
Tc,1,353.8678,65
Th,3,353.8702,43
Mg,2,353.8813,59
Hg,3,353.8880,16
Ce,2,353.9080,77
Ar,3,353.9219,24
Th,2,353.9322,65
Re,1,353.9330,24
Dy,2,353.9370,57
Ru,1,353.9370,83
Kr,1,353.9542,42
Th,2,353.9587,97
Er,1,353.9590,81
Xe,3,353.9940,53
Tl,2,354.0080,30
Br,3,354.0160,97
Na,2,354.0230,2
Tb,2,354.0240,93
U,2,354.0470,72
Mn,3,354.0520,3
Ho,2,354.0760,84
Bi,3,354.0810,58
Kr,1,354.0954,42
Nb,2,354.0960,60
Cf,1,354.0980,10
Fe,1,354.1083,55
Rb,2,354.1153,85
Hg,2,354.1352,36
Ba,3,354.1548,86
Ru,1,354.1630,39
F,2,354.1770,32
Tc,1,354.1772,84
Rh,1,354.1910,76
Cm,1,354.2060,32
Fe,1,354.2075,52
Eu,2,354.2150,69
Mo,1,354.2165,67
Mo,1,354.2170,67
Bk,2,354.2190,47
Ne,2,354.2241,32
Dy,2,354.2330,90
Xe,3,354.2350,90
Ag,1,354.2500,70
U,1,354.2570,49
Zr,2,354.2620,75
Os,1,354.2710,27
Gd,2,354.2770,64
Ne,2,354.2845,85
Ar,2,354.3147,6
Nd,2,354.3350,42
Hg,1,354.3460,85
V,1,354.3494,9
Se,3,354.3600,52
Ne,2,354.3791,11
Eu,2,354.3850,51
Tb,2,354.3890,90
Rh,1,354.3950,89
Nb,1,354.4020,81
Ce,3,354.4070,98
Kr,2,354.4140,47
Dy,2,354.4200,57
Dy,2,354.4350,57
Kr,2,354.4540,47
Nb,1,354.4650,62
Ba,1,354.4657,70
Xe,3,354.4860,33
Cu,1,354.4963,60
V,2,354.5196,88
W,1,354.5220,89
Ac,2,354.5441,43
Ar,2,354.5595,93
Ce,2,354.5600,4
Au,1,354.5610,5
Yb,2,354.5720,51
Gd,2,354.5800,97
Ar,2,354.5843,92
Y,2,354.5939,24
Ho,2,354.6050,93
Ce,2,354.6190,29
Cu,1,354.6433,33
Kr,1,354.6460,27
Pm,1,354.6810,5
Ac,2,354.6830,50
Dy,2,354.6830,87
I,3,354.6920,69
Cm,1,354.7020,33
Ac,2,354.7070,26
Ag,1,354.7160,14
U,2,354.7190,49
Zr,1,354.7680,97
Ba,1,354.7682,34
Es,2,354.7750,71
Mn,1,354.7800,93
Cm,1,354.7920,34
Mn,1,354.8030,91
Ir,2,354.8050,6
Sr,1,354.8083,29
Ni,1,354.8180,73
Dy,2,354.8190,51
Mn,1,354.8200,81
Er,2,354.8260,54
Ar,2,354.8514,79
Pt,2,354.8523,39
Kr,2,354.8700,2
Hf,1,354.8816,73
Cu,3,354.8870,11
Y,2,354.9002,88
W,2,354.9052,78
U,1,354.9200,50
Gd,2,354.9360,97
Hg,2,354.9411,87
Kr,3,354.9420,85
Ac,1,354.9470,21
Mg,2,354.9516,46
Rh,1,354.9540,92
Y,1,354.9659,6
S,3,354.9693,70
Eu,2,354.9710,27
Tc,1,354.9725,95
Zr,1,354.9740,68
Yb,2,354.9820,77
Er,2,354.9840,86
Xe,1,354.9860,28
Re,1,354.9890,47
Kr,3,354.9930,26
Ra,2,355.0200,24
Dy,2,355.0220,96
Nb,1,355.0450,69
Zr,1,355.0460,89
Tc,1,355.0645,91
La,2,355.0820,27
U,2,355.0820,95
Yb,3,355.0870,82
Br,3,355.1080,37
Re,1,355.1290,24
Th,1,355.1402,27
Ni,1,355.1530,40
Dy,2,355.1620,92
Mg,3,355.1638,51
Y,1,355.1789,78
Zr,2,355.1950,97
Tb,2,355.1960,65
Al,2,355.2000,14
Xe,3,355.2120,86
U,2,355.2170,24
Te,2,355.2187,57
Eu,2,355.2520,72
Ac,2,355.2550,44
Y,1,355.2690,93
Hf,2,355.2700,82
Ce,2,355.2730,14
Mg,3,355.2933,52
U,1,355.2950,16
U,1,355.3010,60
Pd,1,355.3080,94
Th,2,355.3110,1
Er,2,355.3200,55
V,1,355.3268,9
Mg,2,355.3366,60
Ta,1,355.3415,21
U,1,355.3435,91
Kr,2,355.3490,38
Au,1,355.3570,43
Bk,1,355.3600,14
Re,1,355.3650,24
Zr,3,355.3659,16
Fe,1,355.3738,21
Hf,1,355.4015,36
Xe,1,355.4040,28
Sm,2,355.4150,13
W,1,355.4206,65
Ar,1,355.4306,13
He,1,355.4415,12
Lu,2,355.4430,93
U,1,355.4499,83
Nb,1,355.4520,62
Nb,1,355.4660,92
U,1,355.4874,65
Fe,1,355.4924,70
Ac,2,355.4990,94
Ce,2,355.5000,51
Th,1,355.5013,2
W,2,355.5164,35
U,1,355.5320,90
Es,1,355.5340,77
Kr,2,355.5540,15
Nd,2,355.5770,22
Ir,2,355.5780,3
Tm,1,355.5818,87
U,1,355.5827,81
Bk,1,355.5880,15
Ba,3,355.6327,40
Bk,1,355.6520,16
P,3,355.6546,34
Zr,2,355.6600,98
Ho,2,355.6780,90
V,2,355.6800,92
Fe,1,355.6878,42
Ar,2,355.6904,31
U,1,355.6925,20
Ag,1,355.7010,15
Gd,2,355.7050,86
Ba,3,355.7160,79
Ir,1,355.7170,35
Hg,3,355.7240,26
La,2,355.7260,34
Au,1,355.7360,86
Th,2,355.7464,4
Rb,2,355.7715,37
Tm,2,355.7790,68
Ne,2,355.7805,85
U,1,355.7841,93
U,1,355.8015,35
Er,1,355.8020,95
Mo,1,355.8095,77
Gd,2,355.8190,64
Au,1,355.8220,17
Dy,2,355.8230,63
Gd,2,355.8470,56
Hf,1,355.8470,13
Fe,1,355.8515,86
Sc,2,355.8534,86
U,1,355.8579,75
Er,1,355.8710,84
Y,1,355.8741,83
Zr,3,355.8839,24
Re,1,355.8940,24
Ir,1,355.8990,59
Yb,1,355.9030,27
Sm,2,355.9100,57
Sb,3,355.9180,84
Dy,2,355.9300,63
U,1,355.9400,43
Pm,2,355.9430,13
Th,2,355.9450,62
Ba,3,355.9478,63
Ar,2,355.9508,96
Th,2,355.9614,69
Sr,3,355.9645,66
Tc,1,355.9754,35
Os,1,355.9790,80
Cs,3,355.9817,90
Er,2,355.9900,90
Ho,2,356.0150,74
U,1,356.0309,43
Tc,1,356.0319,65
Yb,2,356.0330,89
Cl,3,356.0680,87
Tl,2,356.0680,44
Yb,2,356.0700,86
Nd,2,356.0750,58
Ce,2,356.0800,93
Os,1,356.0860,83
Co,1,356.0890,49
Tm,1,356.0916,92
Ar,2,356.1030,95
Ne,2,356.1199,73
Xe,3,356.1230,33
Be,1,356.1310,43
Xe,3,356.1370,66
U,1,356.1410,51
Cm,1,356.1440,35
U,1,356.1460,33
Hf,2,356.1660,98
Tb,2,356.1740,98
Ni,1,356.1750,43
U,1,356.1800,95
Ba,1,356.1934,27
Cs,3,356.2137,22
K,2,356.2150,34
Ar,2,356.2191,19
Xe,3,356.2220,66
In,3,356.2320,18
Ac,2,356.2330,65
Os,1,356.2340,5
Hg,2,356.2385,36
Tm,3,356.2410,50
Br,3,356.2430,99
Am,2,356.2680,47
Tb,2,356.2900,79
Xe,3,356.2990,33
Mo,1,356.3136,74
Dy,2,356.3150,92
Tm,3,356.3420,21
Zr,3,356.3423,9
Nb,1,356.3500,85
Nb,1,356.3620,86
U,1,356.3660,65
Dy,2,356.3690,73
U,1,356.3816,23
Tm,1,356.3876,94
Yb,2,356.3940,52
Gd,2,356.4050,31
Rh,1,356.4130,73
Kr,3,356.4230,99
Xe,2,356.4300,28
Hf,1,356.4307,49
Ir,2,356.4310,4
Zr,3,356.4710,2
Ir,2,356.4788,2
Ar,2,356.5030,74
U,1,356.5046,75
Cs,3,356.5143,76
Er,1,356.5170,73
Xe,3,356.5190,81
Pm,2,356.5310,43
Fe,1,356.5379,92
Ac,2,356.5590,99
Ne,2,356.5826,53
Tm,2,356.5910,73
Ti,2,356.5967,15
Au,1,356.5970,43
U,1,356.6002,76
Mo,1,356.6050,64
Zr,1,356.6100,95
Cs,2,356.6144,22
V,1,356.6146,15
V,2,356.6176,39
Na,2,356.6180,34
Sb,3,356.6250,88
Ni,1,356.6370,98
Ir,2,356.6407,15
Tm,2,356.6470,87
U,1,356.6590,99
Ba,1,356.6653,28
Sm,2,356.6840,9
S,2,356.7157,65
B,3,356.7170,47
Bk,2,356.7250,49
Th,1,356.7264,75
Tb,2,356.7350,90
Tm,1,356.7356,94
Hf,1,356.7360,87
B,3,356.7430,67
Tl,2,356.7670,7
Sc,2,356.7702,86
Kr,3,356.7720,80
Lu,1,356.7840,96
W,1,356.8036,25
Re,1,356.8230,25
Sm,2,356.8270,100
Pt,1,356.8316,3
Mg,3,356.8385,52
Ne,2,356.8502,98
Tb,2,356.8520,99
U,1,356.8779,84
Tc,1,356.8853,65
Nd,2,356.8870,49
Zr,1,356.8880,68
Tb,2,356.8980,95
Hf,2,356.9040,97
U,1,356.9080,79
Am,1,356.9160,83
U,1,356.9367,44
Co,1,356.9380,98
Mn,1,356.9490,96
Si,3,356.9670,49
Os,1,356.9780,46
Ti,2,356.9786,38
Mn,1,356.9800,86
Tm,1,356.9805,81
U,1,357.0094,40
Rh,1,357.0180,90
Se,3,357.0200,38
U,1,357.0217,60
Fe,1,357.0254,73
Re,1,357.0260,47
Na,2,357.0480,34
Pa,1,357.0560,3
Yb,2,357.0570,72
U,1,357.0584,38
Ru,1,357.0590,78
Mo,1,357.0643,55
W,1,357.0648,82
U,1,357.0711,69
Er,2,357.0750,88
Pd,1,357.1149,82
U,1,357.1164,81
Ne,2,357.1231,74
Y,1,357.1431,86
Dy,1,357.1438,92
U,1,357.1551,40
Tm,1,357.1723,13
Pa,1,357.1820,5
Ni,1,357.1870,82
Gd,2,357.1930,71
Fe,1,357.1995,16
Tb,2,357.2070,65
Th,2,357.2392,37
Zr,2,357.2470,98
W,2,357.2472,83
Yb,2,357.2500,52
Sc,2,357.2530,92
Kr,2,357.2680,31
Pb,1,357.2729,96
U,1,357.2927,76
Cm,2,357.2950,89
Zr,2,357.3080,42
Ho,2,357.3240,74
Ir,1,357.3720,86
Ti,2,357.3732,46
Fe,1,357.3829,4
Dy,2,357.3830,78
U,1,357.3875,73
Mo,1,357.3878,67
Tm,2,357.4060,57
Os,1,357.4080,5
U,1,357.4110,44
Dy,2,357.4150,87
Ne,2,357.4183,74
La,1,357.4430,91
Ru,1,357.4580,39
Yb,2,357.4580,52
Ne,2,357.4612,97
Gd,2,357.4740,50
U,1,357.4760,51
Ho,2,357.4800,85
Co,1,357.4960,65
W,1,357.5220,51
Tm,1,357.5291,74
Th,2,357.5322,72
Sn,2,357.5326,87
Co,1,357.5360,77
Sr,3,357.5457,33
Tm,1,357.5662,52
Zr,1,357.5790,95
Nb,1,357.5850,94
W,1,357.5968,25
Ba,1,357.6027,28
Y,1,357.6053,88
Ce,2,357.6230,4
Dy,2,357.6240,97
Sc,2,357.6340,86
Ar,2,357.6615,99
Zr,2,357.6850,94
Dy,2,357.6870,91
U,1,357.7069,61
Sr,1,357.7243,3
Ga,3,357.7283,79
Ce,2,357.7450,90
U,1,357.7490,41
P,3,357.7526,38
Ba,1,357.7609,48
Nb,1,357.7720,55
U,1,357.7781,69
Sm,2,357.7790,18
Mn,1,357.7880,94
Rb,2,357.7891,57
U,1,357.7920,59
Ne,2,357.7977,11
Dy,2,357.7980,80
Er,1,357.8240,74
Mg,3,357.8273,9
U,1,357.8327,85
Gd,2,357.8360,55
Cr,1,357.8704,91
U,2,357.8720,84
Ho,1,357.9120,94
Re,1,357.9120,67
Tb,2,357.9200,94
Th,2,357.9337,16
Ac,2,357.9530,58
Ba,1,357.9663,73
Xe,3,357.9700,97
Hf,1,357.9899,32
U,1,357.9952,36
Dy,2,358.0040,63
Tc,1,358.0059,73
Pm,2,358.0100,33
Re,2,358.0150,90
U,1,358.0246,88
Nb,1,358.0270,99
U,1,358.0365,79
Er,2,358.0520,91
Mo,1,358.0538,12
Sc,2,358.0655,65
Ho,2,358.0750,75
U,1,358.0921,70
Sc,2,358.0928,86
Sm,2,358.0940,39
Re,1,358.0970,81
Tc,1,358.1258,61
Ar,2,358.1608,43
Cr,2,358.1747,15
C,2,358.1763,29
Ho,2,358.1830,75
U,2,358.1840,39
Mo,1,358.1884,93
Gd,2,358.1910,80
Tc,1,358.2075,65
Fe,1,358.2200,24
Sn,2,358.2351,54
Ar,2,358.2354,73
Kr,3,358.2480,34
Cr,1,358.2621,3
U,1,358.2622,80
Tc,1,358.2628,85
Re,1,358.3020,85
Rh,1,358.3100,97
Hf,1,358.3267,11
Sm,2,358.3390,25
Rh,1,358.3530,61
Ac,2,358.3550,66
Xe,3,358.3650,97
Ca,3,358.3659,28
Ga,2,358.3682,74
Ag,2,358.3966,13
S,2,358.4157,51
Th,1,358.4175,12
Pr,2,358.4210,50
Cr,2,358.4255,5
Au,1,358.4370,44
Dy,2,358.4420,58
Y,2,358.4514,86
U,1,358.4641,42
Fe,1,358.4659,56
Zr,3,358.4867,17
U,1,358.4880,100
Fe,1,358.4957,24
Gd,2,358.4960,99
Nb,1,358.4970,81
C,2,358.4977,77
Tb,2,358.5030,87
Dy,2,358.5060,94
Ac,2,358.5090,68
Co,1,358.5160,46
Cr,2,358.5294,76
Fe,1,358.5319,83
Ga,3,358.5354,44
U,1,358.5375,84
Yb,2,358.5470,94
Cr,2,358.5504,50
Fe,1,358.5705,76
Dy,2,358.5780,87
C,2,358.5809,26
Ag,2,358.5836,11
U,1,358.5837,88
Pu,2,358.5870,77
Tm,1,358.6067,89
Dy,2,358.6110,73
Fe,1,358.6112,50
Kr,2,358.6250,28
Zr,1,358.6290,93
Ba,1,358.6509,39
Mn,1,358.6540,86
Al,2,358.6557,81
Er,1,358.6600,79
K,2,358.6600,11
Ag,1,358.6679,41
Al,2,358.6708,42
Au,1,358.6730,87
Sc,2,358.6776,55
Al,2,358.6811,6
Al,2,358.6912,58
Al,2,358.6920,66
Al,2,358.6936,47
Fe,1,358.6984,82
Xe,1,358.7020,7
Rb,1,358.7050,83
Al,2,358.7068,72
Ti,2,358.7131,40
Al,2,358.7165,21
Al,2,358.7185,42
Co,1,358.7190,95
Ru,1,358.7200,64
He,1,358.7270,14
Al,2,358.7309,49
Os,1,358.7320,5
Al,2,358.7330,68
Al,2,358.7342,58
Zr,3,358.7370,10
Tb,2,358.7440,84
Al,2,358.7450,65
Nd,2,358.7510,65
C,2,358.7657,69
Tm,3,358.7740,40
Y,1,358.7743,88
U,1,358.7784,35
Ni,1,358.7930,56
Tc,1,358.7942,91
Zr,2,358.7980,65
Ba,1,358.8097,39
Ac,2,358.8310,31
U,1,358.8348,39
Ar,2,358.8440,99
Xe,2,358.8620,0
Mg,3,358.8694,9
Au,1,358.8790,45
C,2,358.8915,55
Mo,1,358.8946,6
Fe,1,358.9105,29
Nb,1,358.9110,88
Ru,1,358.9220,98
Eu,1,358.9260,60
Nb,1,358.9360,81
Th,2,358.9360,28
Sc,2,358.9633,81
Kr,2,358.9650,69
C,2,358.9657,86
U,1,358.9659,89
Y,1,358.9683,70
Th,1,358.9749,9
V,2,358.9759,88
U,1,358.9787,82
Pb,3,358.9870,71
Ba,1,358.9904,6
Dy,2,359.0070,52
Bk,1,359.0320,17
Gd,2,359.0470,64
Si,3,359.0470,91
Sc,2,359.0474,81
U,2,359.0500,25
F,2,359.0520,34
Ce,2,359.0600,40
U,1,359.0726,37
Mo,1,359.0735,43
Er,1,359.0760,88
C,2,359.0820,92
W,1,359.0822,25
Th,3,359.1001,34
Cr,2,359.1053,16
Eu,2,359.1310,27
Dy,2,359.1410,83
Th,1,359.1452,22
Hg,1,359.1480,4
Rb,1,359.1572,60
U,1,359.1740,66
Dy,2,359.1810,74
Xe,3,359.1980,8
V,2,359.2022,88
Dy,2,359.2110,74
Ho,2,359.2230,85
V,1,359.2238,75
W,2,359.2419,73
Cs,3,359.2487,3
Nd,2,359.2590,44
Sm,2,359.2600,100
Gd,2,359.2710,82
Th,1,359.2779,14
Y,1,359.2915,98
Er,3,359.2960,30
U,1,359.2969,61
Ru,1,359.3020,98
U,1,359.3194,67
Ba,1,359.3202,41
K,2,359.3220,12
V,2,359.3333,74
Gd,2,359.3440,31
Tc,1,359.3471,14
Cr,1,359.3502,92
U,2,359.3520,60
Ne,1,359.3526,77
Ne,1,359.3639,71
U,1,359.3686,67
Nb,1,359.3970,81
Cu,1,359.4023,45
Sc,2,359.4086,35
F,1,359.4103,3
Ne,2,359.4158,33
Ir,1,359.4390,59
S,2,359.4439,64
Tc,1,359.4573,35
Fe,1,359.4632,9
Sc,2,359.4831,35
Co,1,359.4870,72
Dy,2,359.5040,91
Mn,1,359.5120,74
C,1,359.5140,32
C,1,359.5456,32
Mo,1,359.5551,7
Tc,1,359.5661,73
Ac,2,359.5750,59
Er,1,359.5840,81
Bk,1,359.5880,18
S,2,359.5977,79
Ti,2,359.6047,73
Dy,2,359.6060,58
Am,2,359.6070,26
Bi,1,359.6110,59
Ru,1,359.6180,98
Rh,1,359.6190,97
Lu,1,359.6340,74
Tb,2,359.6380,90
Re,1,359.6390,25
Zr,3,359.6396,43
Xe,3,359.6590,82
Rh,1,359.7150,98
Sc,2,359.7331,47
Hf,2,359.7420,56
Cs,3,359.7452,91
Al,2,359.7500,15
Ni,1,359.7700,85
Cu,1,359.8011,22
Nd,2,359.8020,49
Au,1,359.8060,45
Tb,2,359.8060,76
Os,1,359.8110,72
Th,1,359.8120,79
Sn,3,359.8350,31
F,2,359.8690,53
Cf,1,359.8770,13
Ho,2,359.8770,91
Mo,1,359.8882,45
Cs,3,359.8951,78
Cu,1,359.9132,89
Kr,2,359.9210,44
Ba,1,359.9400,47
Ho,1,359.9480,84
Er,2,359.9500,82
Ru,1,359.9760,88
Er,2,359.9830,91
Hf,1,359.9867,49
Kr,2,359.9900,54
S,2,360.0056,43
Ne,1,360.0169,41
Ac,2,360.0240,30
Dy,2,360.0380,74
Tb,2,360.0440,95
Rb,2,360.0605,96
Cm,1,360.0620,36
Rb,2,360.0642,97
Br,3,360.0710,84
Y,2,360.0731,97
Nd,2,360.0910,44
Ho,2,360.0950,81
Gd,2,360.0960,64
Th,2,360.1034,69
La,2,360.1060,35
Bk,1,360.1120,19
Zr,1,360.1190,100
Mg,3,360.1288,53
Ag,2,360.1302,24
F,2,360.1390,68
C,1,360.1465,33
Al,3,360.1628,92
Sm,2,360.1690,31
Mn,3,360.1720,20
Os,1,360.1830,19
Xe,3,360.1870,54
Y,2,360.1915,93
Al,3,360.1926,78
Cu,1,360.2032,89
Ir,2,360.2056,4
Co,1,360.2080,65
Cl,3,360.2100,99
Es,2,360.2430,79
Zr,3,360.2497,10
Nb,1,360.2560,82
Dy,2,360.2820,53
F,2,360.2840,77
Cs,3,360.2869,86
Hg,2,360.2931,59
Mo,1,360.2937,61
Bk,2,360.3200,51
Eu,2,360.3200,69
Fe,1,360.3203,49
Th,2,360.3204,48
Am,1,360.3410,39
C,1,360.3440,47
C,1,360.3528,62
Hg,2,360.3908,69
C,1,360.3952,33
Hg,2,360.4085,89
Sm,2,360.4280,94
Tm,1,360.4401,15
Os,2,360.4480,41
Gd,1,360.4870,92
Er,2,360.4900,73
Tb,2,360.4900,65
Gd,2,360.5260,43
U,1,360.5270,74
Cf,1,360.5320,17
Cr,1,360.5345,90
Cs,2,360.5447,41
Fe,1,360.5453,60
Cs,3,360.5571,80
Gd,2,360.5660,40
Hg,2,360.5762,93
Ir,2,360.5810,36
Rh,1,360.5860,77
Ar,2,360.5879,4
W,1,360.6063,83
Dy,2,360.6120,91
Th,3,360.6248,77
U,2,360.6320,40
Yb,2,360.6480,80
Ar,1,360.6522,14
Fe,1,360.6679,77
V,1,360.6686,7
Br,2,360.6800,8
Hg,2,360.6885,81
Xe,3,360.7020,94
W,1,360.7059,51
Tc,1,360.7321,73
Ta,1,360.7406,94
Xe,2,360.7410,6
Er,1,360.7420,82
Mn,1,360.7540,82
Tc,1,360.7625,14
Ce,2,360.7630,47
Kr,2,360.7880,73
C,1,360.7940,33
Tc,1,360.8271,85
Cs,3,360.8312,97
Mo,1,360.8366,46
Mn,1,360.8490,82
C,1,360.8696,47
Gd,2,360.8750,76
Tm,2,360.8770,93
Sn,3,360.8840,28
Fe,1,360.8859,91
K,2,360.8880,46
Xe,3,360.9070,8
Ne,1,360.9179,7
Cu,1,360.9295,95
Th,2,360.9445,96
Xe,3,360.9460,94
Sm,2,360.9490,99
Tm,2,360.9530,55
Pd,1,360.9546,97
C,1,360.9562,23
Ce,2,360.9690,67
Ir,1,360.9770,49
Nd,2,360.9790,47
Fe,1,361.0159,53
Yb,2,361.0230,52
Mn,1,361.0300,80
Th,3,361.0318,11
Xe,1,361.0320,37
Ni,1,361.0460,86
Re,1,361.0490,25
Cd,1,361.0508,92
Gd,2,361.0760,76
Pm,2,361.0760,43
Cu,1,361.0809,66
Gd,2,361.0910,34
Cs,2,361.0934,38
Ba,1,361.0957,40
Y,2,361.1043,94
Kr,3,361.1060,35
Yb,2,361.1300,66
Tb,2,361.1330,65
Cs,1,361.1471,50
Au,1,361.1570,65
Eu,2,361.1570,47
Te,2,361.1782,54
Zr,2,361.1890,78
Pr,2,361.1940,38
Cf,2,361.2110,5
Ne,2,361.2327,11
La,2,361.2340,39
Al,3,361.2356,89
Xe,2,361.2370,28
Ir,2,361.2380,22
Th,1,361.2427,90
Rh,1,361.2470,95
Sn,2,361.2680,20
Ti,2,361.2699,7
Ni,1,361.2740,77
Cl,3,361.2850,88
Th,1,361.2866,51
Cd,1,361.2873,88
S,2,361.3030,56
Xe,1,361.3060,25
La,1,361.3080,71
Zr,2,361.3100,91
Ho,2,361.3310,66
Gd,2,361.3390,65
Bi,3,361.3400,90
He,1,361.3643,33
Ce,2,361.3700,51
Cu,1,361.3761,79
Mg,2,361.3781,22
W,2,361.3790,87
I,3,361.3810,71
Sc,2,361.3831,92
Yb,3,361.3890,77
Au,1,361.4000,46
Gd,2,361.4210,43
Cu,1,361.4218,66
Cd,1,361.4453,54
Ag,2,361.4549,24
Tb,2,361.4630,66
Zr,2,361.4770,91
Rh,1,361.4780,74
Hg,2,361.4875,56
Cs,2,361.5011,54
Hf,1,361.5034,65
Th,2,361.5133,88
Kr,1,361.5475,65
Ir,2,361.5550,2
Mg,2,361.5583,15
Cr,1,361.5645,27
Tb,2,361.5660,66
Nd,2,361.5817,56
Kr,3,361.5820,86
Xe,3,361.5860,33
Mn,3,361.6000,4
Eu,2,361.6150,28
U,1,361.6330,52
Er,2,361.6560,98
Os,1,361.6570,32
Tb,2,361.6580,66
Ir,2,361.6740,4
U,2,361.6760,25
Hf,1,361.6892,98
S,2,361.6911,68
Th,2,361.7018,3
Re,1,361.7080,63
Th,2,361.7117,53
Gd,2,361.7160,57
Ir,1,361.7210,42
Cs,1,361.7308,15
Cf,1,361.7490,21
W,1,361.7515,99
Te,2,361.7565,52
Fe,1,361.7786,39
Er,2,361.7850,74
Tb,2,361.7860,71
Tm,3,361.7960,75
Pa,1,361.8070,7
Cs,3,361.8190,93
Ho,1,361.8430,87
K,2,361.8490,61
Dy,2,361.8510,63
Cs,2,361.8527,47
Zr,3,361.8533,14
Fe,1,361.8768,93
Xe,3,361.8860,9
Er,2,361.8920,74
V,2,361.8927,26
Tc,1,361.8943,15
Nd,2,361.8960,44
Mn,1,361.9280,75
Ni,1,361.9390,99
Os,1,361.9430,6
Cr,1,361.9461,7
Nb,2,361.9510,67
Tb,2,361.9730,72
Yb,2,361.9800,89
Sn,2,361.9960,42
Xe,3,362.0000,45
Hf,1,362.0041,6
U,1,362.0080,52
Dy,2,362.0160,74
Lu,1,362.0310,64
Cu,1,362.0352,66
Gd,2,362.0460,55
Rh,1,362.0460,71
Sn,2,362.0485,65
Sm,2,362.0580,13
Y,1,362.0940,99
Nb,1,362.1030,55
Th,2,362.1119,48
Sm,2,362.1230,95
Cu,1,362.1245,80
Re,1,362.1460,25
Fe,1,362.1460,65
Fe,1,362.2003,52
Ar,2,362.2138,14
Ce,2,362.2150,56
W,1,362.2337,25
Eu,2,362.2540,54
Si,3,362.2540,50
S,3,362.2672,53
Cl,3,362.2690,71
U,1,362.2700,53
Cs,3,362.2704,52
Au,1,362.2740,47
Th,1,362.2795,3
U,2,362.3060,50
Xe,3,362.3130,92
Fe,1,362.3186,50
Mo,1,362.3223,43
Sm,2,362.3320,13
Ag,1,362.3360,16
Kr,2,362.3610,47
Ce,2,362.3740,46
Mn,1,362.3790,70
Ce,2,362.3840,56
Zr,1,362.3860,95
Lu,2,362.3990,57
Be,2,362.4000,12
Hf,2,362.4000,22
Xe,3,362.4060,98
Ca,1,362.4110,52
Cu,1,362.4236,56
Dy,2,362.4270,65
Cs,3,362.4441,36
Mo,1,362.4462,94
Mo,1,362.4616,1
Ag,1,362.4690,71
Ni,1,362.4730,56
Ti,2,362.4826,78
Gd,2,362.4890,43
Th,2,362.4895,69
Gd,3,362.4900,10
Ru,1,362.5200,60
Ta,1,362.5238,21
W,1,362.5398,26
Tb,2,362.5540,91
C,1,362.5609,24
Th,2,362.5628,87
S,2,362.5889,46
Re,1,362.5910,26
Mo,1,362.6180,68
Ir,1,362.6290,35
K,2,362.6420,35
Tb,2,362.6500,84
Ne,2,362.6536,12
Rh,1,362.6590,92
Ta,1,362.6617,95
Ho,2,362.6690,77
Ru,1,362.6740,62
Cf,2,362.6760,15
Kr,1,362.6910,7
Sm,2,362.7010,80
W,1,362.7237,51
Ho,2,362.7250,79
Cu,1,362.7320,60
Tc,1,362.7364,73
Mn,2,362.7478,67
Bk,1,362.7610,20
In,2,362.7612,31
Rh,1,362.7800,55
Co,1,362.7810,47
Ne,2,362.8033,54
Er,1,362.8040,89
Pt,1,362.8111,69
Kr,1,362.8157,54
Sr,1,362.8345,4
W,2,362.8413,69
Xe,3,362.8520,9
Ir,1,362.8670,78
Y,2,362.8700,80
La,2,362.8830,75
Pt,1,362.8866,27
Tm,3,362.9090,88
Sr,1,362.9144,23
Er,1,362.9370,74
Dy,2,362.9420,83
Tb,2,362.9440,72
Gd,2,362.9510,40
Mn,1,362.9740,57
Cu,1,362.9771,22
Pm,2,362.9840,44
Dy,2,363.0240,95
Tc,1,363.0388,15
Ba,1,363.0640,66
Cs,3,363.0688,41
U,2,363.0730,61
Sc,2,363.0742,92
Ca,1,363.0750,57
W,1,363.0819,26
Hf,2,363.0870,71
Hf,1,363.0872,88
Kr,3,363.0960,15
Pr,2,363.0960,47
Ca,1,363.0970,49
Nd,2,363.1020,45
Sm,2,363.1130,81
Na,2,363.1272,96
Au,1,363.1310,66
Mn,2,363.1419,43
Fe,1,363.1463,97
Cr,2,363.1467,61
Ho,2,363.1760,77
Kr,2,363.1889,85
W,1,363.1943,89
S,3,363.1972,91
Fe,1,363.2039,17
Xe,3,363.2140,73
Eu,2,363.2180,54
Pu,2,363.2210,78
Hg,2,363.2363,82
Kr,1,363.2490,36
Kr,3,363.2510,27
Cu,1,363.2558,50
Ne,2,363.2680,12
Dy,2,363.2780,64
Cr,1,363.2841,6
Xe,1,363.3060,20
Y,2,363.3121,95
Au,2,363.3220,8
Tb,2,363.3290,86
Er,2,363.3540,91
Ne,1,363.3664,41
Zr,1,363.4150,75
Pm,2,363.4200,69
Co,3,363.4250,1
Sm,2,363.4290,99
Nd,2,363.4300,50
Au,1,363.4530,47
Ne,2,363.4569,12
Th,1,363.4582,38
Er,1,363.4670,85
Pd,1,363.4688,98
Gd,2,363.4760,50
Ru,1,363.4930,95
Sm,2,363.4930,14
Au,1,363.5120,18
Mo,2,363.5140,4
Tc,1,363.5146,89
Dy,2,363.5270,58
Hf,1,363.5425,27
Mo,1,363.5430,90
Ir,2,363.5490,7
Cu,1,363.5916,69
Be,2,363.6000,13
Xe,3,363.6020,46
Tc,1,363.6070,96
Ir,1,363.6200,49
Lu,1,363.6250,83
Co,3,363.6350,1
Pa,1,363.6520,66
Cr,1,363.6587,40
La,1,363.6670,36
Ba,1,363.6841,50
K,2,363.7000,22
Nd,2,363.7000,29
Bk,1,363.7050,21
Re,1,363.7060,20
La,2,363.7150,50
Nd,2,363.7230,29
Dy,2,363.7280,53
W,1,363.7380,26
Ru,1,363.7470,40
Kr,2,363.7480,38
Se,3,363.7600,82
Yb,2,363.7760,92
Sb,1,363.7830,72
Re,1,363.7840,85
Ar,3,363.7873,94
Au,1,363.7900,88
U,1,363.8200,92
Mo,1,363.8204,35
Mo,1,363.8207,34
Tc,1,363.8220,74
Fe,1,363.8296,36
Ho,2,363.8300,77
Tm,1,363.8408,93
Tb,2,363.8460,86
Er,1,363.8680,95
Sm,2,363.8770,41
Pt,1,363.8788,41
Tc,1,363.8848,15
Gd,2,363.9050,34
Nb,1,363.9330,55
Tc,1,363.9379,69
Cu,3,363.9420,20
Th,2,363.9447,53
Si,3,363.9450,7
Rh,1,363.9510,78
Pb,1,363.9568,97
Ba,1,363.9706,1
Cr,1,363.9796,55
Rb,2,363.9799,80
Ar,2,363.9832,26
Au,1,363.9870,6
Sr,1,363.9902,6
Cm,1,363.9940,38
Rb,2,364.0162,54
Gd,2,364.0180,40
Tc,1,364.0226,44
Nd,2,364.0240,30
Dy,2,364.0250,83
Bk,1,364.0260,22
Os,1,364.0330,59
Fe,1,364.0388,60
Ba,1,364.0389,76
Mo,1,364.0618,26
Ru,1,364.0640,39
U,2,364.0760,17
Bk,2,364.0930,53
Xe,3,364.0990,73
Mg,3,364.1320,10
Ti,2,364.1328,86
Kr,3,364.1340,90
Cs,3,364.1343,84
Gd,2,364.1390,50
W,2,364.1408,82
La,1,364.1530,89
La,2,364.1660,61
Tb,2,364.1660,87
Co,2,364.1671,6
Cu,1,364.1693,50
Cr,1,364.1827,33
Ta,1,364.2057,88
Th,1,364.2249,93
Sc,1,364.2600,21
Zr,3,364.2754,41
Sc,2,364.2782,92
Pt,1,364.3167,56
Hg,2,364.3293,37
Zr,3,364.3610,44
Ac,2,364.3621,46
Pt,2,364.3629,26
Tm,2,364.3650,84
Sc,2,364.3751,48
Cs,3,364.3781,44
Sr,1,364.3838,7
Dy,2,364.3920,58
Ne,2,364.3929,91
Xe,3,364.4140,34
U,1,364.4240,68
Hf,2,364.4360,91
Ca,1,364.4410,59
Ac,1,364.4420,10
Te,2,364.4465,30
Sr,1,364.4595,6
V,1,364.4707,7
Ca,1,364.4770,49
Ne,2,364.4857,54
Ca,1,364.4990,21
Au,1,364.5020,67
U,2,364.5030,18
Si,3,364.5120,20
Cu,1,364.5232,70
Sm,2,364.5290,37
Sc,2,364.5308,87
Sm,2,364.5390,25
Dy,2,364.5400,99
La,2,364.5420,90
Pr,2,364.5550,30
W,2,364.5596,87
Gd,2,364.5620,77
Pr,2,364.5660,59
Nd,2,364.5780,30
Dy,2,364.5860,53
Er,2,364.5940,87
Gd,2,364.6190,99
Rb,2,364.6261,75
Pr,2,364.6300,60
W,2,364.6580,40
Tm,1,364.6703,85
Ce,2,364.6970,42
Tb,2,364.7060,76
Zr,3,364.7231,8
Rb,2,364.7556,72
Tm,2,364.7720,51
Ce,2,364.7750,21
Tb,2,364.7750,84
Lu,1,364.7770,90
Sr,1,364.7830,11
Fe,1,364.7843,95
Ce,2,364.7950,21
K,2,364.7950,13
Tc,1,364.8040,74
Yb,1,364.8150,47
Nd,2,364.8200,50
Pr,2,364.8300,31
Cu,1,364.8383,61
Kr,2,364.8610,55
C,1,364.8623,24
Zr,3,364.8696,11
Dy,2,364.8780,82
K,1,364.8841,4
Tm,1,364.8853,54
K,1,364.8981,10
Cr,1,364.8993,18
Au,1,364.9090,18
Hf,1,364.9106,88
Zr,3,364.9181,17
Al,2,364.9184,35
Ba,3,364.9184,94
Al,2,364.9200,43
Al,2,364.9232,21
Th,2,364.9249,53
Fe,1,364.9303,3
Gd,2,364.9440,48
Fe,1,364.9506,65
La,1,364.9530,77
Sm,2,364.9530,67
Ra,2,364.9550,94
Cd,1,364.9558,19
Xe,3,364.9570,59
Th,1,364.9735,12
Nb,1,364.9850,77
198Hg,1,365.0157,96
Hg,1,365.0158,99
Sr,1,365.0159,8
La,2,365.0180,79
Sm,2,365.0190,32
Fe,1,365.0279,38
Ru,1,365.0320,53
Tb,2,365.0400,97
Er,2,365.0410,74
Nd,2,365.0420,30
Sr,3,365.0727,72
Au,1,365.0740,67
Nb,1,365.0810,62
Gd,2,365.0950,58
W,1,365.0997,26
Kr,2,365.1020,44
Al,2,365.1065,53
Al,2,365.1078,65
Cs,3,365.1079,90
Al,2,365.1096,50
Nb,2,365.1190,82
Fe,1,365.1467,66
Tc,1,365.1467,61
U,1,365.1540,89
Sc,1,365.1798,90
Sc,2,365.1798,81
Hf,1,365.1838,74
Re,1,365.1970,74
He,1,365.1990,17
U,1,365.2060,77
Th,2,365.2168,54
S,2,365.2218,21
Cu,1,365.2340,56
Ne,3,365.2400,17
Sr,1,365.2533,12
Gd,2,365.2540,68
Er,2,365.2580,61
C,1,365.2824,24
Er,2,365.2870,72
Xe,3,365.3090,9
Ce,2,365.3110,51
Nd,2,365.3150,59
Ir,2,365.3190,48
Sr,1,365.3270,28
Ac,1,365.3490,2
Au,1,365.3530,19
Pr,3,365.3580,68
Tm,2,365.3610,77
Ce,2,365.3670,73
Cr,1,365.3916,33
Sr,1,365.3928,5
Kr,2,365.3928,89
Mg,3,365.4040,39
W,1,365.4194,66
Bi,2,365.4200,25
Cu,1,365.4243,67
Ru,1,365.4400,55
Os,1,365.4490,27
S,2,365.4497,61
Xe,3,365.4610,78
Gd,2,365.4620,97
Au,1,365.4690,6
198Hg,1,365.4839,88
Hg,1,365.4842,97
Rh,1,365.4870,80
Tb,2,365.4880,91
Ce,2,365.4970,31
Al,2,365.4981,52
Al,2,365.4991,69
Al,2,365.4998,59
Ar,2,365.5278,23
Au,1,365.5300,20
Cs,2,365.5426,12
B,3,365.5590,25
Yb,1,365.5730,60
Sn,1,365.5776,56
Ba,3,365.5781,86
Ce,2,365.5850,96
Cu,1,365.5859,80
Ar,2,365.6049,8
Gd,2,365.6150,95
Sm,2,365.6220,32
Cr,1,365.6260,22
Al,2,365.6319,6
Mn,2,365.6489,43
S,3,365.6572,64
H,1,365.6650,30
Th,1,365.6694,19
Cs,3,365.6719,59
Cu,1,365.6785,61
Sr,1,365.6819,9
Au,1,365.6900,20
Os,1,365.6900,49
Cl,3,365.6950,72
Sr,1,365.7213,9
H,1,365.7250,32
Mo,1,365.7357,74
Ta,1,365.7495,22
W,2,365.7589,67
W,2,365.7877,36
Rh,1,365.7990,99
H,1,365.8040,33
Th,2,365.8064,37
Sr,1,365.8125,13
Gd,1,365.8190,52
Al,3,365.8300,5
Xe,2,365.8440,0
Tc,1,365.8588,74
H,1,365.8650,35
Tb,2,365.8880,96
U,1,365.9150,94
Ce,2,365.9230,56
Th,3,365.9315,14
Cu,1,365.9353,61
Mo,1,365.9358,94
Ne,3,365.9390,24
Pm,2,365.9390,69
H,1,365.9410,36
Th,2,365.9507,71
Fe,1,365.9517,32
Nb,2,365.9610,52
Th,1,365.9629,91
Ti,2,365.9760,66
Yb,3,365.9840,43
Ce,2,365.9970,42
Be,2,366.0000,7
Zr,3,366.0024,42
B,3,366.0100,17
Ac,2,366.0320,28
H,1,366.0320,38
Pr,2,366.0360,41
Nb,1,366.0370,86
Mn,1,366.0400,51
Ar,2,366.0436,10
Ce,2,366.0640,85
Kr,2,366.1010,31
Hf,2,366.1050,38
Zr,1,366.1200,71
Sr,1,366.1267,14
H,1,366.1270,45
Ru,1,366.1350,97
Sm,2,366.1360,97
Cs,3,366.1404,99
Th,3,366.1452,39
Tc,1,366.1452,44
Pr,2,366.1620,31
Th,1,366.1621,26
Xe,2,366.1700,28
Ir,1,366.1710,58
Rh,1,366.1860,77
S,3,366.1946,76
Ac,2,366.2040,30
La,2,366.2080,62
H,1,366.2220,52
Ti,2,366.2233,65
Gd,2,366.2260,87
Nd,2,366.2260,66
Ho,1,366.2290,97
Ac,1,366.2350,14
Ba,1,366.2537,42
Sm,2,366.2690,10
Cf,1,366.2700,25
Rb,2,366.2735,85
198Hg,1,366.2883,67
Hg,1,366.2887,92
Mo,1,366.2985,27
Ho,1,366.2990,87
Pt,1,366.3092,2
Tb,2,366.3120,76
Th,1,366.3202,57
Mo,1,366.3266,27
198Hg,1,366.3281,84
Hg,1,366.3284,96
W,1,366.3353,66
Ru,1,366.3370,84
H,1,366.3410,46
Kr,2,366.3450,38
S,2,366.3458,38
V,1,366.3591,44
Zr,1,366.3650,95
Th,2,366.3702,42
Yb,3,366.3740,43
Rb,2,366.3807,82
Ne,2,366.4074,97
Ni,1,366.4100,63
Sc,2,366.4245,36
Cm,1,366.4340,39
Er,1,366.4450,78
Zr,3,366.4535,35
Gd,2,366.4600,95
Y,2,366.4610,85
Dy,2,366.4620,76
Ir,1,366.4620,59
H,1,366.4650,49
Ac,2,366.4690,41
Nb,1,366.4700,91
Yb,3,366.4740,77
Mo,1,366.4810,78
Sr,1,366.4827,17
Mo,1,366.4884,79
Sr,1,366.4907,12
Tc,1,366.4916,15
Pt,2,366.5168,46
Nd,2,366.5180,74
Kr,1,366.5325,89
Hf,2,366.5350,57
Ne,3,366.5530,42
Cu,1,366.5735,61
Tm,2,366.5810,73
Sr,1,366.5993,18
H,1,366.6080,48
Rh,1,366.6220,90
Os,1,366.6310,6
Sc,2,366.6530,59
Ho,1,366.6650,92
Mo,1,366.6715,62
Rb,2,366.6715,73
Cd,2,366.6756,23
Dy,1,366.6840,79
Rh,1,366.6910,71
W,1,366.7711,27
H,1,366.7730,51
V,1,366.7738,44
Ne,2,366.7797,12
Sm,2,366.7930,32
Ho,1,366.7970,96
Ce,2,366.7980,86
Tm,2,366.8090,85
F,1,366.8174,6
Y,2,366.8481,25
Kr,2,366.8590,2
C,1,366.8600,40
K,2,366.8600,23
W,1,366.8658,27
Kr,1,366.8736,55
Pr,2,366.8830,74
Nb,1,366.9010,59
Er,2,366.9020,71
S,2,366.9035,85
Ho,2,366.9050,63
Pm,1,366.9220,25
Ni,1,366.9240,56
Ca,3,366.9320,2
Mo,1,366.9345,48
V,2,366.9423,9
H,1,366.9450,57
Sc,2,366.9483,8
Ho,1,366.9520,88
Fe,1,366.9521,45
Ru,1,366.9546,76
Ar,2,366.9602,6
Yb,2,366.9690,92
Re,1,366.9780,17
Ac,2,366.9880,27
Xe,1,366.9910,29
Th,1,366.9968,16
Es,2,367.0010,88
U,2,367.0070,99
Fe,1,367.0088,28
Kr,3,367.0230,27
Ar,3,367.0275,63
Cl,3,367.0280,74
Ni,1,367.0430,61
Mn,1,367.0520,42
Re,1,367.0530,63
Sm,2,367.0660,32
Yb,2,367.0690,53
Sm,2,367.0840,97
Os,1,367.0890,61
Gd,2,367.1200,91
V,1,367.1203,35
Zr,2,367.1270,62
H,1,367.1320,54
Pb,1,367.1491,91
Sr,1,367.1627,19
Cu,1,367.1953,56
Pt,1,367.1999,30
La,1,367.2020,17
Ne,3,367.2030,42
S,2,367.2122,66
Ce,1,367.2180,95
Dy,2,367.2300,81
Hf,1,367.2304,61
Nd,2,367.2360,74
W,2,367.2550,1
Xe,2,367.2570,28
Dy,2,367.2700,60
S,2,367.2779,30
Ce,2,367.2790,43
Mo,1,367.2807,78
Sr,1,367.2951,19
Am,1,367.3120,87
Dy,2,367.3140,59
Eu,2,367.3190,28
Ar,2,367.3264,2
V,1,367.3403,51
Nd,2,367.3540,76
Th,2,367.3793,42
H,1,367.3810,58
Pt,1,367.4045,17
Gd,1,367.4050,92
Dy,2,367.4080,87
Ni,1,367.4150,69
Kr,3,367.4230,27
Eu,2,367.4630,29
Zr,2,367.4720,85
Rh,1,367.4760,66
Ho,2,367.4770,78
Nb,1,367.4780,66
Pm,1,367.4850,6
Sr,1,367.4859,10
Ir,1,367.4980,60
Tm,1,367.5029,37
Yb,2,367.5080,82
Sc,2,367.5267,36
Ca,1,367.5290,9
Os,1,367.5450,6
W,1,367.5554,51
Th,2,367.5567,91
Bk,1,367.5590,23
Rb,2,367.5657,69
V,1,367.5699,66
Hf,1,367.5742,73
Ne,3,367.5750,11
Yb,3,367.5780,29
K,2,367.6050,23
Ne,2,367.6223,13
Fe,1,367.6311,29
Tb,2,367.6350,99
H,1,367.6376,60
Dy,2,367.6590,92
Sc,2,367.6621,36
Xe,3,367.6630,95
V,1,367.6684,25
Cu,1,367.6878,50
Mn,1,367.6960,42
S,1,367.7180,5
Co,3,367.7270,3
Fe,1,367.7627,54
Cr,2,367.7676,34
Sm,2,367.7790,33
Cr,2,367.7841,44
Tb,2,367.7890,58
Tm,2,367.7980,66
Th,2,367.8048,8
S,2,367.8130,60
Nd,2,367.8180,30
Ca,1,367.8210,13
Eu,2,367.8260,29
Ru,1,367.8320,46
Sc,2,367.8331,75
Sr,1,367.8368,21
Dy,1,367.8510,85
Pm,2,367.8510,44
U,2,367.8750,41
Tm,2,367.8850,72
Tc,1,367.9146,74
Ho,1,367.9190,92
Gd,1,367.9210,73
Te,2,367.9266,17
Xe,1,367.9310,7
H,1,367.9370,62
Ir,2,367.9394,11
Ce,2,367.9420,8
Kr,1,367.9561,90
Kr,1,367.9611,90
Ac,2,367.9690,34
Ho,1,367.9700,92
Th,2,367.9710,66
Pm,1,367.9850,25
V,3,367.9860,12
Fe,1,367.9913,95
Cs,2,368.0110,61
V,1,368.0113,52
Tc,1,368.0318,35
Kr,2,368.0370,74
S,2,368.0463,10
Cs,3,368.0470,84
Mo,1,368.0589,92
Co,3,368.0780,3
Ne,2,368.1036,13
Rh,1,368.1040,85
Bk,2,368.1220,55
Si,3,368.1400,36
K,2,368.1540,61
Ir,2,368.1550,11
Sm,2,368.1730,19
Cl,3,368.2050,76
W,1,368.2084,90
Mn,1,368.2090,24
Si,3,368.2150,8
Ne,1,368.2242,41
Hf,1,368.2247,99
Tb,2,368.2260,91
Ag,2,368.2464,22
Th,1,368.2486,32
Cs,2,368.2486,1
Ag,1,368.2504,59
Ho,1,368.2650,93
Er,2,368.2700,73
H,1,368.2823,64
Sr,1,368.2919,20
Pt,1,368.2973,7
Fe,1,368.3055,56
V,1,368.3114,79
Ag,2,368.3348,31
Ar,3,368.3431,56
Pb,1,368.3462,98
Mn,2,368.3618,43
Ac,2,368.3660,71
Ca,2,368.3700,29
W,1,368.3930,27
Er,1,368.4010,75
Fe,1,368.4107,46
Gd,1,368.4130,97
Mo,2,368.4220,19
Er,2,368.4280,63
Zr,3,368.4307,42
Lu,1,368.4320,38
Ir,2,368.4330,8
Bk,1,368.4430,24
Am,2,368.4570,28
Cu,1,368.4672,75
Tc,1,368.4744,93
Dy,1,368.4850,89
Cu,1,368.4930,67
Mn,2,368.5051,67
Ho,2,368.5160,78
Ac,2,368.5170,21
Bk,1,368.5210,25
Ar,3,368.5601,47
Ne,1,368.5735,41
Dy,1,368.5780,93
Nd,2,368.5800,90
Xe,1,368.5900,63
Fe,1,368.5997,25
Ra,2,368.6160,32
Kr,2,368.6182,71
Ta,1,368.6185,36
V,1,368.6257,40
Gd,2,368.6330,72
Cu,2,368.6555,25
Sr,1,368.6559,21
Ar,3,368.6601,57
Bk,1,368.6740,26
H,1,368.6831,65
Pr,2,368.7030,60
Ir,1,368.7080,44
Pr,2,368.7190,42
Sr,1,368.7261,13
Nd,2,368.7300,63
Pt,1,368.7415,35
Cu,1,368.7438,73
Fe,1,368.7456,85
V,1,368.7483,67
Pm,2,368.7650,45
Fe,1,368.7658,1
Cu,1,368.7708,47
Gd,2,368.7740,96
W,1,368.8057,90
Ir,2,368.8059,3
V,1,368.8068,90
S,2,368.8089,29
Tb,2,368.8150,66
Ar,3,368.8230,63
Mo,2,368.8310,37
Sr,3,368.8326,73
Ba,1,368.8373,43
Eu,2,368.8420,96
Ni,1,368.8420,60
Sm,2,368.8420,19
S,2,368.8799,9
Zr,3,368.9038,23
Os,1,368.9060,33
Ar,3,368.9250,32
Ir,2,368.9302,18
Pb,3,368.9310,74
Fe,1,368.9458,18
Re,1,368.9500,86
Nd,2,368.9690,59
Pr,2,368.9710,31
Ta,1,368.9729,36
Pm,2,368.9790,80
V,1,369.0279,87
Mn,2,369.0317,43
Pd,1,369.0337,86
Tm,1,369.0504,6
Yb,2,369.0560,53
Mo,1,369.0586,55
Th,1,369.0624,64
Ho,1,369.0650,91
Kr,2,369.0650,48
Kr,3,369.0650,91
Ac,2,369.0670,48
Rh,1,369.0700,92
Zr,3,369.0819,22
Ca,3,369.0878,47
Tb,2,369.1150,85
Th,1,369.1412,17
Re,1,369.1480,91
H,1,369.1551,70
Th,1,369.1876,30
U,2,369.1920,72
Ho,1,369.1950,84
Ir,2,369.2198,12
V,1,369.2219,91
Sm,2,369.2220,19
B,2,369.2300,32
Ac,1,369.2360,15
Rh,1,369.2360,100
Th,3,369.2393,59
Pm,2,369.2500,70
Y,1,369.2523,83
Th,1,369.2566,36
Mo,2,369.2640,67
Er,2,369.2650,99
Bk,1,369.2730,27
Tc,1,369.2759,36
Tb,2,369.2950,59
Ne,2,369.3389,13
Xe,1,369.3490,63
Br,3,369.3530,11
Tb,1,369.3580,88
Mn,1,369.3670,74
U,2,369.3700,26
Ga,2,369.3861,25
I,1,369.3900,9
In,2,369.3924,65
Ni,1,369.3930,46
Sm,2,369.3990,85
Fe,1,369.4006,33
Gd,2,369.4030,32
Ca,2,369.4110,36
Th,1,369.4178,24
Yb,2,369.4190,100
Ne,2,369.4215,97
Ca,2,369.4360,10
Tm,2,369.4740,67
Dy,2,369.4810,97
Nd,2,369.4810,45
Ac,2,369.4880,86
Ce,2,369.4910,29
Mo,1,369.4939,91
Rh,1,369.4950,40
Fe,1,369.5051,37
V,1,369.5339,66
B,2,369.5340,71
Cu,1,369.5358,10
Bk,1,369.5370,28
Sr,1,369.5409,23
Rh,1,369.5520,88
Bi,3,369.5530,96
V,1,369.5865,87
Mn,2,369.5920,44
Ar,3,369.5988,73
S,2,369.6239,52
Er,2,369.6250,69
Am,2,369.6420,74
Hf,1,369.6524,70
Mn,1,369.6570,64
Ru,1,369.6590,48
Sr,1,369.6613,24
Kr,3,369.6690,35
Xe,1,369.6820,8
Tb,2,369.6850,67
Sc,2,369.7038,9
H,1,369.7157,71
Dy,2,369.7310,53
Zr,2,369.7460,62
Pm,2,369.7500,71
Nd,2,369.7560,59
Pm,1,369.7630,26
Er,1,369.7680,80
Re,1,369.7710,13
Gd,2,369.7730,92
Nb,1,369.7850,94
Kr,1,369.8045,47
Pr,2,369.8060,42
Zr,2,369.8170,89
Dy,2,369.8210,81
Rh,1,369.8260,77
Hf,2,369.8400,18
Rh,1,369.8600,80
Yb,2,369.8600,66
O,3,369.8700,35
Cu,1,369.9097,23
Pu,2,369.9190,79
Ne,3,369.9270,29
Cs,3,369.9494,93
Rb,2,369.9576,92
Hf,2,369.9720,61
Gd,2,369.9730,84
Pt,1,369.9913,25
Ho,1,370.0040,87
Tb,1,370.0120,88
Tm,2,370.0260,96
Gd,3,370.0470,0
Cu,1,370.0536,70
U,2,370.0570,72
Yb,1,370.0580,48
Er,2,370.0720,76
Rh,1,370.0910,99
Th,1,370.0978,22
Fe,1,370.1086,34
Hf,2,370.1150,72
Ne,1,370.1225,1
Ac,1,370.1300,85
Tm,2,370.1360,96
Mn,2,370.1389,11
198Hg,1,370.1432,35
Hg,1,370.1442,82
U,2,370.1520,94
Dy,2,370.1630,70
Zr,3,370.1672,47
Mn,1,370.1730,42
Ne,2,370.1777,54
La,2,370.1810,17
Mo,1,370.2030,48
Al,3,370.2106,77
Ho,2,370.2350,80
Hg,1,370.2360,4
Pm,2,370.2630,80
Pa,1,370.2740,9
O,3,370.2750,38
Tb,2,370.2860,100
Cu,3,370.2920,70
Sr,1,370.3078,14
Tb,1,370.3120,74
Al,2,370.3219,50
Re,1,370.3240,75
Os,1,370.3250,19
Bk,1,370.3280,29
O,3,370.3370,40
V,1,370.3568,98
Tc,1,370.3830,66
H,1,370.3859,74
Tb,2,370.3920,98
Mg,3,370.3930,54
Bk,1,370.4020,30
Hg,1,370.4165,68
198Hg,1,370.4170,10
Ac,2,370.4320,42
Fe,1,370.4461,38
F,2,370.4530,69
La,1,370.4540,83
V,1,370.4700,92
W,1,370.4790,27
Tc,1,370.4797,36
Tm,2,370.4850,61
Nd,2,370.4950,31
Ce,2,370.4980,8
He,1,370.5005,36
Re,1,370.5020,13
V,1,370.5033,79
Bk,1,370.5260,31
V,3,370.5350,5
Hf,2,370.5400,26
Cl,3,370.5450,53
C,1,370.5557,40
Fe,1,370.5566,98
La,2,370.5820,76
Sr,1,370.5901,39
Ga,2,370.5980,43
Pb,3,370.6020,19
Ca,2,370.6030,92
Mn,1,370.6080,68
Tm,3,370.6110,21
Ti,2,370.6217,63
Pt,1,370.6522,26
Au,2,370.6550,48
Os,1,370.6560,6
Sr,1,370.6674,29
Tc,1,370.6705,16
Mg,3,370.6745,87
Pr,2,370.6750,56
Sm,2,370.6750,52
Th,1,370.6767,53
Sm,2,370.6980,53
O,3,370.7240,55
Cl,3,370.7340,54
Dy,2,370.7400,51
Dy,2,370.7570,64
Sn,3,370.7610,27
Tc,1,370.7627,16
Er,2,370.7640,75
Fe,1,370.7822,64
Am,2,370.7860,29
Fe,1,370.7920,67
W,1,370.7922,96
Be,2,370.8000,14
Sc,2,370.8061,9
In,2,370.8133,52
Xe,3,370.8150,34
Dy,2,370.8220,64
Tc,1,370.8261,16
Sm,2,370.8410,53
Bi,3,370.8420,26
Pt,2,370.8473,32
W,2,370.8504,26
Mg,3,370.8609,10
Sm,2,370.8650,82
V,1,370.8714,12
Xe,3,370.8940,9
Ac,2,370.9030,22
Os,1,370.9140,7
Sr,1,370.9173,24
Ag,1,370.9192,72
Fe,1,370.9246,87
Zr,2,370.9260,79
Ce,2,370.9290,91
Tb,2,370.9300,68
S,3,370.9325,85
Cm,1,370.9430,40
Au,1,370.9620,68
Ne,2,370.9622,92
Ho,1,370.9760,82
Ce,2,370.9930,91
Re,1,370.9930,48
Ir,2,371.0064,1
Dy,2,371.0070,60
Ac,2,371.0280,26
Y,2,371.0287,100
Yb,2,371.0340,53
F,2,371.0350,35
S,3,371.0405,54
Th,1,371.0665,3
Cs,3,371.0786,16
Eu,2,371.0870,39
Lu,1,371.0950,39
Mn,2,371.0970,11
Na,2,371.1070,91
Pr,2,371.1100,47
Bk,2,371.1140,57
Sr,1,371.1279,22
Th,2,371.1304,54
Nb,1,371.1340,71
Sm,2,371.1540,53
Xe,2,371.1640,29
Dy,2,371.1660,51
Se,3,371.1700,58
Pm,2,371.1720,94
Tb,2,371.1760,93
Ac,2,371.1820,34
Xe,3,371.1910,34
Yb,3,371.1910,85
H,1,371.1978,76
Cu,1,371.2009,45
C,1,371.2035,40
Tc,1,371.2256,75
Er,2,371.2390,75
Gd,2,371.2700,95
O,2,371.2741,99
Sm,2,371.2760,33
Ar,3,371.2764,78
Tc,1,371.2819,36
Ho,1,371.2880,88
Bk,1,371.2930,32
Cr,2,371.2945,45
Ac,2,371.3000,44
Nb,1,371.3010,97
Rh,1,371.3020,88
Ne,2,371.3083,98
Al,3,371.3123,80
Ac,2,371.3170,35
Rh,1,371.3430,40
Eu,2,371.3450,55
La,2,371.3540,85
U,1,371.3550,56
Gd,1,371.3570,97
Nd,2,371.3700,66
Os,1,371.3730,27
Pb,2,371.3982,52
Li,2,371.4000,8
Pr,2,371.4050,66
Li,2,371.4160,73
Nd,2,371.4200,57
Li,2,371.4270,80
Li,2,371.4290,87
Br,2,371.4300,46
Li,2,371.4400,85
Li,2,371.4410,92
V,1,371.4416,56
Li,2,371.4510,11
Zr,3,371.4655,25
Nd,2,371.4730,79
Nd,2,371.4808,79
Rh,1,371.4830,30
La,2,371.4870,54
Eu,2,371.4900,55
Kr,2,371.5040,28
Nd,2,371.5040,35
O,3,371.5080,57
Sn,2,371.5152,61
Mn,2,371.5267,44
Nd,2,371.5390,22
V,2,371.5464,79
La,2,371.5530,73
Rb,2,371.5581,21
Mo,1,371.5646,43
Er,3,371.5670,90
Nd,2,371.5680,66
Pm,2,371.5750,45
Tc,1,371.5944,52
W,2,371.6069,54
In,2,371.6135,79
Sc,2,371.6317,9
Gd,2,371.6360,87
Ce,2,371.6370,94
Fe,1,371.6442,13
Ar,3,371.6553,69
K,2,371.6600,47
Pt,2,371.6626,5
Eu,2,371.6940,15
Nb,1,371.6990,80
Ru,1,371.7000,65
Xe,2,371.7200,29
Re,1,371.7280,67
U,2,371.7420,15
Gd,1,371.7480,98
Eu,2,371.7690,15
S,3,371.7722,97
Hf,1,371.7802,92
Tm,1,371.7914,99
V,1,371.7939,44
Kr,2,371.8020,90
Y,1,371.8091,54
U,2,371.8110,33
Ce,2,371.8190,52
Ar,2,371.8206,58
Ce,2,371.8380,52
Nd,2,371.8540,59
In,2,371.8558,63
Kr,2,371.8595,85
Li,1,371.8700,10
Tc,1,371.8861,96
Sm,2,371.8880,83
Pd,1,371.8906,64
Mn,1,371.8930,53
Eu,1,371.9160,35
Zr,3,371.9253,18
Hf,2,371.9280,85
Ru,1,371.9330,48
Er,1,371.9350,75
W,1,371.9391,66
Th,1,371.9435,84
Gd,2,371.9450,91
Tb,2,371.9450,59
Os,1,371.9520,23
Mo,1,371.9551,18
Ce,2,371.9800,4
Mg,3,371.9838,54
Th,2,371.9977,66
Zr,3,372.0094,3
Os,1,372.0130,27
Th,2,372.0214,90
Th,2,372.0307,48
Be,3,372.0360,77
Cl,3,372.0450,90
Pu,1,372.0590,23
Ho,1,372.0720,88
Cu,1,372.0771,63
Xe,2,372.0800,45
K,2,372.1340,48
Kr,2,372.1350,82
Nd,2,372.1350,60
Ti,2,372.1636,79
Cu,1,372.1666,10
Pm,2,372.1720,46
Th,2,372.1825,99
Sm,2,372.1850,83
H,1,372.1946,80
Gd,2,372.2070,41
Cf,2,372.2110,25
Th,2,372.2115,86
W,1,372.2235,28
Nd,2,372.2420,27
Ni,1,372.2480,54
Fe,1,372.2563,99
Sb,1,372.2790,65
Ar,3,372.3251,47
In,2,372.3389,73
Nd,2,372.3500,84
Sr,1,372.3628,15
Tc,1,372.3674,83
Yb,2,372.4210,59
V,1,372.4218,47
Fe,1,372.4377,44
Tc,1,372.4395,85
Dy,2,372.4450,89
Ge,3,372.4510,9
Cs,2,372.4757,30
Nd,2,372.4870,60
Sm,2,372.4900,44
Eu,2,372.4940,97
Rh,1,372.4940,3
La,2,372.5050,44
Tm,2,372.5060,83
Sr,1,372.5165,30
Ac,1,372.5248,17
Zr,3,372.5340,5
Ir,1,372.5380,31
Bk,1,372.5390,33
Gd,2,372.5470,57
Mo,1,372.5553,37
Te,2,372.5657,36
Ce,2,372.5680,52
Re,1,372.5760,97
Pu,1,372.5980,24
Pm,1,372.6010,65
Ru,1,372.6100,72
Pu,2,372.6110,80
Nb,1,372.6240,96
Kr,3,372.6320,35
Tc,1,372.6351,93
Zr,3,372.6476,44
Hf,1,372.6485,18
Cl,1,372.6540,0
Th,2,372.6724,54
Pu,2,372.6790,80
Nd,2,372.6900,35
Ru,1,372.6930,100
Ne,2,372.7108,98
O,2,372.7320,99
V,2,372.7341,80
Tc,1,372.7364,16
Ag,1,372.7420,17
Fe,1,372.7619,85
Mo,1,372.7679,77
Th,1,372.7903,67
Dy,1,372.8000,71
Ce,2,372.8020,63
Ru,1,372.8030,100
Kr,2,372.8040,10
Nd,2,372.8130,81
Ce,2,372.8420,82
Sm,2,372.8470,92
Mo,1,372.8497,29
Es,2,372.8550,96
Pb,3,372.8690,53
Mn,1,372.8890,28
Cm,1,372.9000,41
C,1,372.9026,49
Hf,1,372.9093,17
Tc,1,372.9177,44
O,2,372.9225,60
Ar,2,372.9308,82
Zr,3,372.9446,18
Er,2,372.9520,93
Eu,2,372.9680,30
Eu,2,372.9740,30
Sn,3,372.9750,35
U,2,372.9820,33
Tb,2,372.9910,85
Cs,3,372.9992,66
Ga,3,373.0158,48
W,1,373.0419,28
Ru,1,373.0430,98
Nd,2,373.0580,66
S,2,373.0636,44
Th,2,373.0748,22
Cr,1,373.0802,27
Gd,2,373.0840,88
Ta,1,373.1017,48
Xe,2,373.1180,29
Er,2,373.1260,69
Sm,2,373.1260,96
Zr,2,373.1260,47
Ho,1,373.1400,95
Tc,1,373.1735,52
Re,1,373.1870,21
Sr,1,373.1926,29
Mn,1,373.1930,54
Al,2,373.1952,36
V,1,373.2016,52
Cr,1,373.2028,45
Pu,2,373.2030,81
Ne,3,373.2040,17
Ho,1,373.2090,85
Zr,3,373.2115,49
Eu,1,373.2200,21
Re,1,373.2280,21
Gd,1,373.2320,64
C,1,373.2349,56
Cm,1,373.2350,42
Tb,2,373.2390,74
Fe,1,373.2396,62
Gd,2,373.2450,39
Cs,2,373.2556,56
Kr,2,373.2610,32
U,2,373.2620,33
Gd,1,373.2670,58
Mo,1,373.2709,37
V,2,373.2747,75
Nd,2,373.2780,38
Kr,2,373.2950,2
Mo,1,373.3024,18
Pr,2,373.3030,36
U,2,373.3070,34
Gd,2,373.3080,62
Fe,1,373.3317,95
Hf,1,373.3786,91
Al,2,373.3908,45
Tm,2,373.4120,95
Cu,1,373.4180,67
Cs,3,373.4357,83
H,1,373.4369,82
V,1,373.4400,18
Pr,2,373.4410,54
Ac,2,373.4470,28
C,1,373.4509,36
Al,2,373.4567,14
Yb,1,373.4690,75
Al,2,373.4715,6
Ir,1,373.4770,56
Sn,3,373.4880,23
Ne,2,373.4939,54
Ga,2,373.4974,68
Re,1,373.5010,48
Rh,1,373.5280,86
Re,1,373.5310,85
Fe,1,373.5324,6
Nd,2,373.5540,87
Nd,2,373.5600,87
Pr,2,373.5760,60
C,1,373.5776,60
Kr,2,373.5780,55
O,2,373.5784,67
La,2,373.5850,18
Ac,1,373.5950,16
Sm,2,373.5980,92
W,2,373.6212,89
Be,1,373.6298,84
Ho,1,373.6350,94
Pr,2,373.6490,49
Ag,2,373.6516,9
Ac,2,373.6550,29
Ta,1,373.6759,53
Ni,1,373.6810,58
Ca,2,373.6900,96
Nd,2,373.7100,64
Sm,2,373.7140,75
C,1,373.7186,36
Rh,1,373.7270,82
Ru,1,373.7400,51
Tc,1,373.7420,36
Sm,2,373.7480,26
Th,1,373.7512,3
Ne,3,373.7660,59
Xe,1,373.7810,15
Hf,2,373.7880,43
Ar,2,373.7889,68
Al,2,373.8015,59
U,2,373.8040,78
Nd,2,373.8060,87
Eu,2,373.8080,31
Er,2,373.8160,76
S,2,373.8197,19
Fe,1,373.8305,38
Nb,1,373.8420,66
Pm,1,373.8430,6
Ir,1,373.8530,29
Y,1,373.8611,54
Se,3,373.8700,88
Sb,3,373.8900,74
Hf,1,373.9030,16
Sm,2,373.9120,98
K,2,373.9130,48
Pr,2,373.9180,75
Ni,1,373.9230,42
Dy,1,373.9340,90
Cf,1,373.9350,29
Ca,2,373.9380,11
Er,3,373.9430,81
Ru,1,373.9460,65
F,2,373.9570,36
Gd,1,373.9760,81
O,2,373.9762,90
Nb,1,373.9800,96
Sn,3,373.9830,33
Rn,1,373.9890,35
Bk,1,373.9920,34
Pb,1,373.9935,94
Gd,2,374.0020,51
Re,1,374.0100,87
Re,1,374.0410,21
Ac,2,374.0670,20
Pm,1,374.0680,26
Kr,2,374.0730,3
Nb,2,374.0730,89
C,1,374.0789,36
Pr,2,374.0990,42
Er,2,374.1100,58
S,2,374.1157,34
Th,2,374.1183,99
Cu,1,374.1242,76
Sm,2,374.1290,76
Eu,2,374.1310,84
Ne,3,374.1360,29
Nd,2,374.1420,38
C,1,374.1443,63
Kr,2,374.1638,85
Ti,2,374.1638,91
O,2,374.1639,32
Nb,1,374.1780,66
Hf,3,374.1940,26
Zr,3,374.1972,51
I,2,374.2138,16
Re,2,374.2260,38
Ru,1,374.2280,95
Mo,1,374.2282,56
Nb,1,374.2390,95
Pm,2,374.2520,71
Er,2,374.2640,88
Ne,3,374.2750,68
Ru,1,374.2780,84
C,1,374.2851,49
Th,1,374.2923,65
Pm,1,374.2970,26
Se,3,374.3000,42
Bk,1,374.3050,35
Fe,1,374.3362,81
Mn,2,374.3386,44
Fe,1,374.3468,28
Gd,2,374.3470,98
Cr,1,374.3535,1
Eu,2,374.3560,57
Cr,1,374.3573,71
Th,2,374.3806,80
V,1,374.3844,18
Sm,2,374.3870,88
Cr,1,374.3881,76
Pr,2,374.3980,36
O,3,374.4000,60
Tm,1,374.4064,98
Rh,1,374.4170,83
Ru,1,374.4220,51
U,2,374.4250,15
Mo,2,374.4370,48
Ru,1,374.4400,66
K,2,374.4420,49
Cu,3,374.4700,90
Pu,1,374.4780,25
Kr,2,374.4800,82
Gd,1,374.4830,84
Hf,2,374.4980,19
Tc,1,374.5012,45
Mg,3,374.5030,71
Tb,1,374.5040,93
Sn,3,374.5250,22
Cu,1,374.5356,38
Xe,1,374.5380,29
Bk,1,374.5400,36
Re,1,374.5440,59
Sm,1,374.5460,98
Co,1,374.5500,50
W,2,374.5539,12
Fe,1,374.5561,100
Ru,1,374.5590,94
Xe,1,374.5690,8
Xe,3,374.5710,86
V,2,374.5799,71
Pm,2,374.5860,85
Fe,1,374.5899,97
Sr,1,374.5958,32
Zr,2,374.5980,71
Tc,1,374.6148,75
Rb,2,374.6328,73
Ta,1,374.6365,49
U,2,374.6420,86
Sn,3,374.6440,25
Ar,2,374.6447,84
Os,1,374.6470,15
Hf,1,374.6810,69
Tc,1,374.6845,94
Pm,2,374.7090,72
U,2,374.7140,34
Tb,2,374.7170,92
Mo,1,374.7186,13
Ir,1,374.7200,72
Ac,2,374.7250,27
Tb,2,374.7340,92
Er,1,374.7430,91
Th,2,374.7539,48
Y,2,374.7551,74
Sm,2,374.7620,53
Dy,2,374.7820,84
S,3,374.7845,77
Cm,1,374.7860,43
Ti,2,374.8003,27
Ce,2,374.8060,37
Ho,2,374.8170,96
Rh,1,374.8220,90
Fe,1,374.8262,100
Cu,3,374.8270,55
Ca,1,374.8350,14
Mo,1,374.8481,29
Mo,1,374.8490,30
U,2,374.8680,92
S,2,374.8696,35
Cl,3,374.8810,92
Cr,1,374.9027,6
Be,2,374.9300,36
Fe,1,374.9485,97
O,2,374.9486,100
Nd,2,374.9850,22
Y,1,374.9891,48
Cl,2,374.9960,38
Bk,1,375.0080,37
Pm,2,375.0090,85
H,1,375.0151,85
Ca,1,375.0290,22
Nd,2,375.0310,48
Mn,2,375.0477,68
Ne,3,375.0610,42
S,3,375.0697,70
V,2,375.0868,71
Pr,2,375.0980,49
Sr,1,375.1070,22
U,1,375.1170,85
Ne,2,375.1246,33
Cs,3,375.1418,52
Ce,2,375.1450,17
Zr,2,375.1600,88
Hg,2,375.1759,37
Tm,1,375.1806,97
S,3,375.1850,6
Bk,1,375.1910,38
Cu,3,375.2060,80
Tc,1,375.2134,75
Nd,2,375.2490,77
Os,1,375.2520,94
Th,2,375.2569,87
U,2,375.2660,35
Pa,1,375.2670,11
Nd,2,375.2679,57
Al,2,375.3100,6
Ag,1,375.3140,42
Nb,1,375.3180,62
Ca,1,375.3340,28
Dy,2,375.3510,88
Ar,2,375.3517,6
Cu,1,375.3519,10
Ru,1,375.3540,80
Fe,1,375.3611,21
Pu,1,375.3630,26
Rn,1,375.3650,66
Mg,3,375.3714,40
Ho,2,375.3730,63
Dy,2,375.3750,88
Ne,2,375.3779,13
Rh,1,375.4120,74
Ac,2,375.4180,49
Ne,1,375.4215,7
Kr,2,375.4245,71
Rh,1,375.4270,80
Tc,1,375.4368,92
I,3,375.4400,37
Ta,1,375.4517,42
I,3,375.4550,39
Th,2,375.4593,49
N,3,375.4670,16
O,3,375.4670,67
Nd,2,375.4830,35
Ru,1,375.5090,56
Mo,1,375.5099,27
C,1,375.5121,60
Tb,2,375.5240,94
Sm,2,375.5280,76
U,2,375.5480,35
Rh,1,375.5580,84
Nd,2,375.5600,57
Mg,3,375.5606,11
Ca,2,375.5670,20
Nb,1,375.5770,56
Ru,1,375.5930,85
Pu,1,375.5940,26
Er,1,375.6050,85
Ar,3,375.6382,74
Sm,1,375.6410,96
C,1,375.6522,65
K,2,375.6620,24
Ac,2,375.6670,94
Lu,1,375.6700,56
Lu,1,375.6790,57
Tm,2,375.6860,59
Xe,2,375.6870,10
C,1,375.7048,74
Dy,1,375.7050,93
O,3,375.7210,43
Bk,1,375.7350,39
Dy,2,375.7370,97
Tb,2,375.7440,74
Sm,2,375.7530,88
Cr,1,375.7661,59
Ti,2,375.7685,77
Gd,2,375.7740,39
Nd,2,375.7820,71
Pu,1,375.7820,27
C,1,375.7836,49
Bk,1,375.7850,40
Tb,2,375.7900,75
W,1,375.7923,90
Gd,1,375.7940,92
Cr,1,375.8046,4
Fe,1,375.8233,91
Gd,2,375.8310,87
Pu,1,375.8340,28
U,1,375.8350,77
Ca,2,375.8390,30
Sm,2,375.8450,50
Th,1,375.8467,17
Mo,1,375.8521,37
Tc,1,375.8535,75
Kr,2,375.8930,3
Nd,2,375.8950,86
Sm,2,375.8970,68
Gd,2,375.9000,75
La,2,375.9080,95
U,2,375.9240,35
Ti,2,375.9291,100
Tb,1,375.9350,94
Cu,1,375.9492,53
Sr,1,375.9493,30
Pr,2,375.9600,39
Nd,2,375.9790,45
Tm,1,375.9820,37
Ru,1,375.9840,88
O,3,375.9870,94
Ru,1,376.0030,63
Sm,2,376.0040,33
Fe,1,376.0049,71
Pr,2,376.0080,36
W,1,376.0126,90
Zr,3,376.0278,18
Rh,1,376.0400,88
Sm,2,376.0690,95
Gd,2,376.0710,68
Gd,2,376.0920,46
Eu,2,376.1120,80
Tb,1,376.1140,81
Pt,2,376.1162,22
Ac,2,376.1241,51
Ti,2,376.1320,100
Tm,2,376.1330,98
O,2,376.1400,12
Ru,1,376.1510,74
Ca,3,376.1608,86
Pm,1,376.1680,7
Tc,1,376.1807,85
Pr,2,376.1870,86
Ti,2,376.1872,41
Kr,3,376.1910,15
Tm,2,376.1910,97
Ir,2,376.1943,10
Gd,1,376.2200,90
Sr,3,376.2233,51
C,1,376.2251,65
Xe,3,376.2280,88
O,2,376.2465,86
Co,3,376.2540,2
Sm,2,376.2590,68
Th,2,376.2881,69
Th,1,376.2933,36
Ce,2,376.2980,30
Cm,1,376.3050,44
U,1,376.3260,53
Gd,2,376.3330,32
Xe,2,376.3370,21
Nd,2,376.3470,87
Nb,1,376.3490,82
Mn,2,376.3760,82
Fe,1,376.3789,89
Sn,3,376.3890,29
C,1,376.3956,36
Ce,2,376.4120,74
Gd,2,376.4200,53
Sm,2,376.4370,85
Zr,1,376.4390,81
Mg,3,376.4539,79
U,2,376.4570,66
Pr,2,376.4770,56
Nb,1,376.5080,73
Rh,1,376.5080,94
Tb,2,376.5136,96
Tb,1,376.5140,99
Ar,2,376.5270,77
Fe,1,376.5539,70
Pm,1,376.5750,27
Xe,3,376.5850,67
Eu,2,376.5930,56
Ar,2,376.6118,57
Nb,1,376.6130,63
Ne,2,376.6259,74
Os,1,376.6300,9
Re,1,376.6480,21
Nd,2,376.6590,45
Au,1,376.6610,21
Zr,1,376.6720,81
Zr,2,376.6820,55
U,1,376.6890,71
Hf,2,376.6920,46
Gd,2,376.7040,77
Fe,1,376.7192,88
Ru,1,376.7350,74
K,2,376.7360,62
Sm,2,376.7360,54
Dy,1,376.7630,86
Sm,2,376.7760,54
Ac,1,376.7800,64
Th,2,376.7898,97
Tm,1,376.8065,38
Os,1,376.8140,7
Cr,1,376.8238,55
Hf,1,376.8254,28
Re,1,376.8260,18
Gd,2,376.8390,100
W,1,376.8447,93
Ce,2,376.8760,30
Tc,1,376.8774,94
Xe,3,376.8930,54
Pr,2,376.8940,56
Ho,1,376.9090,85
Gd,2,376.9450,68
U,2,376.9530,26
Nd,2,376.9644,71
Ac,2,376.9820,58
Rh,1,376.9970,84
Th,1,377.0056,30
Yb,1,377.0100,91
Ar,1,377.0369,44
Mo,1,377.0444,70
Ar,2,377.0519,17
H,1,377.0633,86
Gd,2,377.0690,87
Au,1,377.0760,22
Ce,2,377.0760,4
V,2,377.0966,62
Tc,1,377.1031,90
N,3,377.1050,44
Bk,2,377.1060,59
Dy,1,377.1110,73
Ac,2,377.1210,20
Gd,1,377.1260,61
Kr,2,377.1340,48
Th,1,377.1371,64
Ra,1,377.1570,30
Ce,2,377.1600,30
Ac,2,377.1640,51
Ne,3,377.1650,69
Nb,1,377.1850,82
Cu,1,377.1904,56
Ra,1,377.2000,0
Ac,2,377.2144,37
Xe,3,377.2530,74
Pr,2,377.2820,47
Dy,1,377.3050,86
La,2,377.3120,40
Sm,1,377.3330,73
Kr,1,377.3424,82
U,1,377.3430,80
Gd,1,377.3450,52
Mg,3,377.3572,40
W,1,377.3706,83
Sr,1,377.3730,35
Pr,2,377.4060,47
Eu,1,377.4100,36
Ac,2,377.4310,19
Yb,1,377.4320,54
Y,2,377.4330,98
Pu,1,377.4380,29
Os,1,377.4400,7
S,3,377.4500,55
Dy,1,377.4710,75
Pm,1,377.5420,27
Nd,2,377.5500,93
Ni,1,377.5570,78
Rh,1,377.5720,46
Tl,1,377.5720,95
Cm,1,377.5750,45
Ba,3,377.5928,87
Ti,2,377.6053,20
Hg,2,377.6141,78
Os,1,377.6250,7
Xe,3,377.6320,96
Nd,2,377.6340,36
Fe,1,377.6454,20
U,1,377.6480,45
Tb,2,377.6490,97
Kr,3,377.6540,27
Y,2,377.6556,76
Ce,2,377.6610,17
Pu,1,377.6710,29
Gd,1,377.6830,52
Cu,3,377.6970,95
Os,1,377.6990,41
Ta,1,377.7102,42
Ne,2,377.7136,74
Tc,1,377.7274,52
O,2,377.7421,75
Am,2,377.7500,93
Ru,1,377.7590,90
Pr,2,377.7620,39
Hf,1,377.7658,97
Re,1,377.7660,22
Hg,2,377.7755,64
Ac,2,377.7799,21
Kr,2,377.8046,95
Rh,1,377.8130,80
Sm,2,377.8140,86
Mn,2,377.8320,68
V,1,377.8677,66
Sn,3,377.8800,44
S,3,377.8868,78
Cl,3,377.9350,26
Tc,1,377.9373,86
Nd,2,377.9470,81
Ba,3,377.9531,87
Zr,3,377.9572,19
Mo,1,377.9765,48
Zr,3,378.0172,49
Nd,2,378.0391,77
Sr,1,378.0527,7
Zr,1,378.0540,90
S,2,378.0611,17
Pr,2,378.0660,48
La,2,378.0670,51
Tc,1,378.0680,90
U,2,378.0710,42
Bk,1,378.0720,41
Sm,2,378.0760,68
Pm,1,378.0770,28
W,1,378.0772,91
Ar,2,378.0839,51
Sm,2,378.0930,44
Th,1,378.0966,36
Xe,3,378.1000,99
Er,2,378.1010,67
Nb,1,378.1010,89
Tm,1,378.1148,74
Bk,1,378.1170,42
Ru,1,378.1180,67
Nd,2,378.1320,71
Eu,2,378.1400,40
Pm,1,378.1430,7
Dy,1,378.1470,79
Mo,1,378.1591,70
Ce,2,378.1620,70
Os,1,378.2200,89
Y,2,378.2262,27
Co,3,378.2310,12
Gd,2,378.2340,80
Ne,3,378.2460,59
Ce,2,378.2520,56
Ru,1,378.2740,74
U,2,378.2840,97
Th,2,378.3013,11
Gd,1,378.3050,100
Kr,2,378.3095,95
S,2,378.3133,61
K,2,378.3190,62
Xe,2,378.3230,10
Th,2,378.3296,66
Ni,1,378.3530,81
Tb,1,378.3530,91
Sn,3,378.3550,30
Tm,2,378.3550,55
Nd,2,378.3780,46
U,2,378.3840,54
Ne,3,378.3940,69
Ac,2,378.4010,33
Tc,1,378.4057,53
Nd,2,378.4250,97
Ta,1,378.4254,60
Ce,3,378.4290,63
Rb,2,378.4668,30
Ir,2,378.4717,4
Nd,2,378.4730,39
La,2,378.4810,35
Bk,1,378.5380,43
Dy,2,378.5410,51
Cs,2,378.5438,82
Hf,1,378.5460,99
Pr,2,378.5460,42
Th,2,378.5600,75
Cf,1,378.5610,33
Sn,3,378.5870,34
Fe,1,378.5948,63
Ru,1,378.6060,96
Tc,1,378.6064,17
Dy,2,378.6180,94
Lu,1,378.6180,23
Zr,3,378.6190,36
Ne,3,378.6490,76
Ce,2,378.6630,84
Fe,1,378.6677,44
Er,2,378.6840,96
Pr,2,378.6860,43
Nb,1,378.7060,95
Sm,2,378.7200,26
Tb,2,378.7220,73
Re,1,378.7520,83
Gd,2,378.7560,83
Er,2,378.7860,78
Fe,1,378.7880,80
Ho,2,378.8080,64
Sm,2,378.8120,91
Bk,1,378.8210,44
Mo,1,378.8254,0
B,2,378.8410,76
Dy,2,378.8440,89
Rh,1,378.8470,88
Ac,2,378.8660,19
Y,2,378.8693,93
Ce,2,378.8750,65
Eu,2,378.8760,18
Sr,1,378.8918,31
Cf,2,378.9040,35
Th,2,378.9117,60
Th,1,378.9168,69
Zr,3,378.9445,3
Hg,2,378.9727,7
Tb,1,378.9920,86
Hg,1,379.0000,86
Fe,1,379.0093,72
Os,1,379.0140,72
Nb,1,379.0150,94
Mn,1,379.0220,73
V,1,379.0324,78
V,1,379.0464,37
Ru,1,379.0510,97
Gd,1,379.0630,51
Os,1,379.0730,15
Th,1,379.0795,48
Cu,3,379.0800,92
La,2,379.0830,98
Gd,2,379.1170,74
Nb,1,379.1210,98
O,3,379.1260,62
Tc,1,379.1282,53
Tm,1,379.1307,53
Zr,1,379.1400,85
Si,3,379.1410,92
Bk,1,379.1420,45
Eu,2,379.1500,31
Nd,2,379.1500,50
Xe,3,379.1670,74
Tc,1,379.1734,37
Yb,1,379.1740,42
Er,2,379.1830,79
Dy,2,379.1870,76
Ta,1,379.2015,42
Rh,1,379.2180,90
Tb,1,379.2200,84
Pu,1,379.2220,30
Ce,2,379.2320,30
Gd,2,379.2390,61
S,2,379.2446,14
Pr,2,379.2510,54
Bi,2,379.2564,95
Kr,3,379.2700,80
W,1,379.2759,66
Er,1,379.2790,84
U,2,379.3100,73
Rh,1,379.3220,95
U,1,379.3260,62
Hf,2,379.3370,86
U,2,379.3570,42
V,1,379.3610,26
C,1,379.3678,57
Ir,1,379.3790,28
Os,1,379.3910,53
Tl,2,379.3950,32
Sm,2,379.3970,92
Fe,1,379.4339,55
O,2,379.4361,60
Mo,1,379.4428,0
Zr,3,379.4601,47
S,3,379.4650,79
Li,1,379.4720,17
La,2,379.4780,98
Ba,1,379.4798,59
Ru,1,379.4920,47
Pr,2,379.4930,49
V,1,379.4949,89
Fe,1,379.5002,84
Tm,2,379.5160,65
In,2,379.5205,85
Ar,3,379.5344,96
Th,2,379.5386,18
Nd,2,379.5450,50
Pm,2,379.5660,81
Zr,3,379.5721,14
Tm,2,379.5750,99
Ac,1,379.5860,53
Au,1,379.6010,69
Ac,2,379.6020,23
Si,3,379.6110,97
Bk,1,379.6210,46
Xe,1,379.6300,63
Gd,2,379.6370,98
Re,1,379.6590,26
I,1,379.6685,5
Ho,2,379.6750,99
Rb,2,379.6811,95
Kr,1,379.6884,66
Er,2,379.7060,79
Te,2,379.7220,28
Cu,1,379.7245,10
Sm,2,379.7280,44
Mo,1,379.7301,59
Hg,2,379.7326,79
Tc,1,379.7435,17
Sr,1,379.7502,37
Fe,1,379.7515,45
Sr,1,379.7526,15
Re,1,379.7590,26
Cr,1,379.7716,28
Sm,2,379.7730,93
Tc,1,379.7767,76
H,1,379.7909,89
Cs,3,379.7926,39
Ru,1,379.8050,80
Ir,2,379.8055,3
Nb,1,379.8120,97
Na,2,379.8250,35
Mo,1,379.8252,100
Th,2,379.8426,88
Fe,1,379.8511,82
Tm,1,379.8541,96
Bk,1,379.8630,47
Hf,1,379.8680,8
Tm,2,379.8750,52
Cl,2,379.8760,49
Ru,1,379.8900,99
Zn,1,379.9000,19
Eu,2,379.9010,64
Pd,1,379.9187,66
In,2,379.9226,55
Mn,1,379.9260,28
Rh,1,379.9310,97
Ru,1,379.9350,99
Pu,1,379.9370,31
Tm,3,379.9410,22
Sm,2,379.9540,55
Fe,1,379.9547,85
Nd,2,379.9550,31
Ac,2,379.9819,90
Cu,1,379.9880,23
V,1,379.9908,80
Ne,2,379.9964,33
Ir,1,380.0120,94
K,2,380.0140,63
Ar,3,380.0250,57
Ru,1,380.0260,56
Pr,2,380.0300,86
Hf,1,380.0380,89
Hf,1,380.0452,49
Cu,1,380.0502,45
Kr,1,380.0543,75
Mn,1,380.0550,51
Lu,1,380.0670,60
Sm,2,380.0890,76
Se,3,380.0900,92
Te,2,380.0920,19
Xe,2,380.0990,21
Sn,1,380.1011,88
Pt,1,380.1072,15
Bk,2,380.1080,61
Nd,2,380.1120,57
Gd,2,380.1290,72
Nb,1,380.1300,66
Nd,2,380.1380,22
Xe,1,380.1390,55
Ce,2,380.1520,98
Hg,1,380.1658,82
198Hg,1,380.1660,37
Xe,3,380.1710,10
In,2,380.1760,63
Tb,2,380.1800,67
Mo,1,380.1839,63
Mo,1,380.1874,63
Rb,2,380.1897,92
Mn,1,380.1910,28
Au,1,380.1920,48
Tm,1,380.2074,68
Nd,2,380.2300,51
Bk,1,380.2350,48
Bk,1,380.2470,49
S,2,380.2608,46
Rb,2,380.2615,7
C,2,380.2720,76
Nb,1,380.2920,97
O,2,380.2985,86
Th,1,380.3075,95
Ce,2,380.3090,82
Tm,1,380.3144,26
Ar,2,380.3172,45
Nd,2,380.3470,91
V,1,380.3477,80
Hg,3,380.3510,67
Nb,1,380.3880,86
Au,2,380.4010,49
Nd,2,380.4100,23
Cu,3,380.4130,81
Dy,2,380.4140,68
C,1,380.4305,57
Gd,1,380.4390,53
Kr,2,380.4670,48
Nb,1,380.4740,83
Cr,1,380.4798,51
Pr,2,380.4840,66
Cr,2,380.4921,55
Ac,2,380.5051,56
Gd,2,380.5090,32
Cs,2,380.5125,88
Cl,2,380.5180,58
Cu,1,380.5232,57
Th,2,380.5314,98
Fe,1,380.5342,62
Nd,2,380.5359,98
Gd,2,380.5520,66
Nd,2,380.5550,51
Sm,2,380.5630,26
Th,2,380.5820,13
F,2,380.5830,13
Rh,1,380.5920,86
Pu,1,380.5930,31
Mo,1,380.5989,13
Pm,2,380.6060,62
Hf,2,380.6070,38
Kr,2,380.6170,16
Dy,2,380.6270,75
Hg,2,380.6312,90
Zn,2,380.6344,26
Na,2,380.6530,35
Si,3,380.6540,99
Ga,3,380.6678,67
Fe,1,380.6695,35
Mn,1,380.6720,96
Rh,1,380.6760,91
V,1,380.6796,41
Tb,2,380.6850,88
Ni,1,380.7140,81
Nd,2,380.7227,67
Xe,2,380.7290,10
Sr,1,380.7424,33
V,1,380.7504,69
Fe,1,380.7537,4
Eu,2,380.7540,56
Tm,1,380.7719,96
Re,1,380.7740,27
Th,2,380.7874,73
Mg,3,380.8073,11
Ce,2,380.8110,91
Sm,2,380.8460,44
V,1,380.8519,79
Ru,1,380.8680,56
Nd,2,380.8770,75
La,2,380.8790,35
U,1,380.8920,63
Nd,2,380.9060,64
Kr,3,380.9160,48
Cu,3,380.9180,83
Pr,2,380.9180,39
Pm,1,380.9200,28
Ce,2,380.9210,63
U,2,380.9220,42
W,1,380.9220,83
Ar,2,380.9456,57
Cl,2,380.9460,44
Rh,1,380.9500,30
Ac,2,380.9520,37
Mn,1,380.9590,86
V,1,380.9601,60
S,2,380.9637,56
Sm,2,380.9750,27
Xe,1,380.9840,56
Sm,2,380.9880,27
Ca,3,381.0020,3
Er,1,381.0330,95
W,1,381.0380,67
Sm,2,381.0430,45
Nb,1,381.0490,86
Nd,2,381.0490,77
Mn,1,381.0690,29
Tm,2,381.0720,65
Ho,2,381.0730,99
W,1,381.0790,73
Pm,1,381.0930,45
Ag,1,381.0941,90
Nb,1,381.1030,83
Xe,2,381.1050,45
Nd,2,381.1060,31
Bi,2,381.1100,26
Eu,1,381.1330,76
Pu,1,381.1400,32
S,2,381.1740,47
Ag,1,381.1773,73
Nd,2,381.1774,39
Hf,1,381.1781,61
Pr,2,381.1840,75
Ho,1,381.1860,89
Cu,1,381.1950,11
U,1,381.1990,99
Ra,1,381.2000,2
Sr,1,381.2020,33
Sr,1,381.2044,10
Sm,2,381.2070,55
Ce,2,381.2200,17
Kr,1,381.2215,66
Cr,1,381.2259,5
Dy,1,381.2270,83
Pu,2,381.2300,82
Rh,1,381.2450,56
Nd,2,381.2530,23
Ru,1,381.2720,75
Fe,1,381.2964,87
Fe,1,381.3058,4
Th,2,381.3067,81
Na,2,381.3120,24
Ba,3,381.3133,87
Ho,2,381.3250,89
Ti,2,381.3388,19
Be,1,381.3454,96
V,1,381.3490,88
Cu,1,381.3542,23
Sm,2,381.3630,54
Dy,2,381.3670,65
U,2,381.3790,43
Gd,2,381.3970,96
U,2,381.4060,43
Ac,1,381.4360,66
Ra,2,381.4422,99
Fe,1,381.4523,30
Ti,2,381.4580,42
Sm,2,381.4630,45
Tc,1,381.4667,17
Nd,2,381.4730,81
Gd,2,381.4740,57
Ac,2,381.4781,32
Rh,1,381.5010,83
Bk,1,381.5290,50
V,2,381.5382,12
Cr,1,381.5433,27
Eu,2,381.5500,61
Nb,1,381.5510,83
V,1,381.5515,22
Br,1,381.5650,11
Re,1,381.5660,18
Ar,3,381.5700,7
Bi,2,381.5800,56
Hg,1,381.5800,4
Fe,1,381.5840,92
Ce,2,381.5850,63
Pr,2,381.6020,94
Cr,1,381.6171,9
Ti,3,381.6178,42
Cm,1,381.6300,46
Rh,1,381.6470,86
K,2,381.6560,64
Gd,2,381.6640,74
Mn,1,381.6750,48
Dy,2,381.6760,88
Er,3,381.6780,96
Tc,1,381.6888,37
Kr,2,381.7110,32
Hf,2,381.7200,19
Ir,1,381.7240,51
Pr,3,381.7250,33
Mn,2,381.7258,12
Ru,1,381.7270,80
Tm,2,381.7390,76
Ce,2,381.7460,59
Cs,3,381.7478,40
W,2,381.7479,85
W,1,381.7480,98
K,2,381.7500,74
Mg,3,381.7575,41
Zr,2,381.7580,43
Pr,2,381.7660,36
Ne,3,381.7886,60
Rh,1,381.8190,91
V,1,381.8241,91
Pr,2,381.8280,87
Y,2,381.8341,75
Ne,2,381.8424,75
Cr,1,381.8479,27
Pt,1,381.8687,86
Gd,2,381.8750,57
Nb,2,381.8860,54
Ce,2,381.9020,31
Ru,1,381.9030,80
Pr,2,381.9140,37
Nb,1,381.9150,56
Pm,2,381.9260,46
Cs,3,381.9555,65
Cr,1,381.9565,19
He,1,381.9607,51
Eu,2,381.9670,99
Nd,2,381.9700,31
S,2,381.9863,14
V,1,381.9964,61
Zr,3,382.0199,6
Cl,2,382.0200,55
Br,3,382.0260,85
Cr,1,382.0360,2
Hg,1,382.0400,83
Na,2,382.0500,3
Pm,2,382.0530,72
Hf,1,382.0728,88
Cu,1,382.0884,54
I,1,382.0910,9
Fe,1,382.1178,58
K,2,382.1300,25
Th,2,382.1431,37
V,1,382.1486,61
O,2,382.1538,67
Ho,2,382.1730,58
Pr,2,382.1800,67
Au,1,382.1850,22
Sr,3,382.1969,77
V,1,382.2005,80
Ti,1,382.2023,7
Ru,1,382.2090,77
Th,2,382.2146,1
Rh,1,382.2260,95
Cs,3,382.2371,40
Zr,1,382.2410,86
Nd,2,382.2470,60
Kr,3,382.2610,15
V,1,382.2889,75
Bk,2,382.3100,64
Pr,2,382.3180,43
V,1,382.3212,69
O,1,382.3410,26
Mn,1,382.3510,96
Cr,1,382.3518,40
Cs,3,382.3626,51
Xe,1,382.3740,29
Ca,3,382.3759,49
Mn,1,382.3890,81
Ce,2,382.3900,60
Bk,2,382.4080,66
Sm,2,382.4180,58
Fe,1,382.4303,23
W,1,382.4388,28
Fe,1,382.4443,95
Tc,1,382.4467,37
Zr,3,382.4605,39
Nb,1,382.4880,87
Ru,1,382.4930,72
Th,2,382.5034,1
Cu,1,382.5047,57
Cm,1,382.5140,47
Bk,1,382.5190,50
Dy,2,382.5680,76
Au,1,382.5700,23
Bk,2,382.5840,68
Fe,1,382.5881,93
Gd,2,382.6050,52
Sm,2,382.6200,93
Tm,1,382.6386,89
Nd,2,382.6416,91
U,2,382.6510,88
Kr,3,382.6630,15
Rb,2,382.6657,85
Tm,1,382.6667,23
Pr,2,382.6670,37
Eu,2,382.6680,62
Mo,1,382.6693,77
Cd,2,382.6710,17
Ar,2,382.6807,14
Ta,1,382.6849,31
Xe,1,382.6860,37
Mo,1,382.7154,4
I,1,382.7235,15
Gd,2,382.7330,39
Bk,1,382.7410,51
Ir,2,382.7569,32
Pu,1,382.7570,33
Cl,2,382.7590,62
Zr,3,382.7717,43
Fe,1,382.7822,89
Nd,2,382.8000,32
Ti,1,382.8188,29
Th,1,382.8385,85
Rh,1,382.8480,94
Tc,1,382.8537,53
V,1,382.8557,93
Ti,3,382.8735,34
C,1,382.8849,49
Nd,2,382.8850,75
Mo,1,382.8876,88
Hg,2,382.8909,64
Lu,1,382.9070,42
Nd,2,382.9160,64
Zr,3,382.9231,49
Ho,1,382.9270,86
Mg,1,382.9355,95
Gd,2,382.9460,39
Mn,1,382.9680,66
Xe,3,382.9710,10
Ne,2,382.9750,86
Xe,2,382.9770,11
Cr,1,382.9950,31
Hf,1,383.0018,22
Cr,1,383.0030,47
Zr,3,383.0088,39
Tb,1,383.0260,98
Tm,1,383.0267,23
Kr,3,383.0290,16
O,2,383.0290,53
Sm,2,383.0290,58
Tc,1,383.0352,17
Tm,1,383.0394,23
Nd,2,383.0470,72
Er,2,383.0480,98
Bk,1,383.0550,52
Ce,2,383.0550,60
Pr,2,383.0720,91
Th,1,383.0773,22
S,2,383.0925,39
Cr,1,383.1029,34
Ce,2,383.1080,63
S,2,383.1383,68
U,2,383.1460,97
Sm,2,383.1500,86
Bk,2,383.1570,70
Ni,1,383.1690,51
Gd,3,383.1730,2
C,2,383.1743,83
Gd,2,383.1800,53
Ru,1,383.1800,81
S,3,383.1819,86
Ho,2,383.1900,64
Mo,1,383.2107,30
Pd,1,383.2286,68
Tl,2,383.2300,48
Mg,1,383.2304,96
Tc,1,383.2448,18
Ac,2,383.2720,23
Tc,1,383.2817,61
Y,2,383.2889,89
Gd,1,383.2970,53
O,2,383.3074,43
Sc,2,383.3080,93
Ca,3,383.3189,24
Cm,1,383.3320,48
C,1,383.3347,67
Cl,2,383.3350,69
Tb,1,383.3420,91
Ti,1,383.3675,7
Ta,2,383.3740,37
Mo,1,383.3746,95
Sm,2,383.3830,58
Mn,1,383.3860,83
Rh,1,383.3890,92
Ti,1,383.3912,7
V,1,383.4206,56
Fe,1,383.4222,90
Mn,1,383.4360,93
Sm,1,383.4480,90
Ce,2,383.4550,64
Sm,2,383.4600,60
In,2,383.4631,99
Ar,1,383.4679,14
Br,2,383.4690,47
Rh,1,383.4750,31
Ac,2,383.4800,57
Pr,2,383.4930,39
Gd,2,383.4990,51
Ru,1,383.5050,43
W,1,383.5058,94
La,2,383.5080,66
Nb,1,383.5180,73
V,1,383.5180,20
Ac,1,383.5320,84
Ho,2,383.5350,76
H,1,383.5397,90
Pu,1,383.5520,34
Sm,2,383.5720,37
C,2,383.5730,38
Zr,1,383.5960,99
Bk,2,383.5970,72
Os,1,383.6060,33
Ti,2,383.6082,13
Ce,2,383.6100,22
Re,1,383.6300,18
Sc,1,383.6418,21
Nb,1,383.6450,63
Dy,2,383.6500,93
Kr,2,383.6540,48
Nd,2,383.6540,82
Th,1,383.6585,50
Ta,1,383.6603,23
C,2,383.6683,3
Zr,2,383.6760,95
Ti,1,383.6767,17
Gd,2,383.6910,78
Pu,1,383.6960,34
Zr,3,383.7026,11
W,2,383.7230,23
Cs,3,383.7462,89
Ho,2,383.7510,92
Tc,1,383.7559,83
Cm,1,383.7590,49
Kr,1,383.7703,75
S,3,383.7709,79
Kr,1,383.7815,75
Rb,2,383.7849,59
Th,1,383.7875,71
Nd,2,383.7910,51
Ru,1,383.8070,56
Tm,2,383.8200,88
S,3,383.8281,94
Mg,1,383.8292,96
N,2,383.8370,40
W,1,383.8511,52
Ce,2,383.8540,92
Sr,3,383.8874,51
Pu,1,383.8920,35
Sm,2,383.8940,55
Nd,2,383.8981,95
V,1,383.9001,39
S,2,383.9158,40
Fe,1,383.9256,48
Hg,2,383.9259,83
Nd,2,383.9510,51
Pm,1,383.9520,29
U,1,383.9630,96
Gd,2,383.9640,81
Th,1,383.9695,90
Ru,1,383.9700,86
Th,2,383.9747,85
Mn,1,383.9780,79
Yb,1,383.9910,73
Zn,2,384.0290,63
Os,1,384.0300,11
V,1,384.0428,76
Fe,1,384.0437,86
Sm,2,384.0450,39
Ne,2,384.0500,14
La,2,384.0720,86
V,1,384.0749,96
Ag,1,384.0750,84
Tm,1,384.0869,89
Dy,1,384.0890,76
I,1,384.0946,31
Pr,2,384.0990,80
Fe,1,384.1048,88
Mn,1,384.1080,85
Lu,1,384.1180,91
Cr,1,384.1274,55
Os,1,384.1290,11
Tc,1,384.1307,66
Dy,2,384.1310,88
Sn,2,384.1376,55
Xe,3,384.1530,90
Nd,2,384.1820,60
Xe,3,384.1870,86
Nd,2,384.1880,61
V,1,384.1891,30
Th,2,384.1960,73
Cm,1,384.2000,51
Dy,2,384.2000,52
Al,2,384.2037,27
Co,1,384.2050,55
Ho,2,384.2050,76
Pu,1,384.2100,36
In,2,384.2189,82
Bk,1,384.2190,53
Gd,2,384.2200,83
Al,2,384.2213,16
Kr,2,384.2280,38
W,1,384.2310,0
Al,2,384.2317,7
Pr,2,384.2340,62
Zr,3,384.2402,40
Si,3,384.2460,37
Tb,2,384.2500,92
As,2,384.2600,23
O,2,384.2815,67
Kr,2,384.2850,3
S,2,384.2854,40
Pm,2,384.2880,47
Pm,2,384.2980,73
Zr,2,384.3020,70
Ac,1,384.3040,96
Sc,2,384.3049,87
Fe,1,384.3256,50
Gd,1,384.3280,95
Ne,3,384.3320,69
Sr,1,384.3325,36
Sm,2,384.3500,93
O,2,384.3587,60
Lu,1,384.3610,43
Ho,2,384.3860,91
Mn,1,384.3980,79
K,2,384.4020,3
Mn,2,384.4167,68
Eu,2,384.4230,67
Dy,1,384.4360,74
V,1,384.4436,74
Kr,2,384.4450,60
Pr,2,384.4540,43
Gd,2,384.4580,88
Sc,1,384.4866,62
Ne,3,384.4970,69
Ge,2,384.5106,51
S,2,384.5208,24
Cl,2,384.5370,63
Pm,2,384.5380,63
Ar,2,384.5405,16
Co,1,384.5470,95
Tb,2,384.5610,69
Cl,2,384.5650,65
Bi,2,384.5800,4
Cl,2,384.5800,51
Nb,1,384.5900,56
Tc,1,384.5974,66
Kr,1,384.5978,61
La,2,384.6000,51
Kr,1,384.6120,8
W,1,384.6218,97
Dy,2,384.6340,60
I,1,384.6410,9
Ti,1,384.6439,21
Ce,2,384.6520,8
Pr,2,384.6590,84
Bk,1,384.6620,54
Ru,1,384.6680,69
Ho,2,384.6730,80
Fe,1,384.6800,26
Zr,1,384.7010,84
Dy,1,384.7020,80
F,2,384.7090,99
Ba,3,384.7113,24
Mo,1,384.7245,72
V,1,384.7326,71
Xe,3,384.7400,10
Kr,3,384.7490,16
W,1,384.7498,83
Sm,2,384.7510,58
Tc,1,384.7596,53
Bk,1,384.7630,55
Kr,2,384.7810,3
Tm,1,384.7836,12
Ag,1,384.7846,43
Ne,3,384.7850,70
O,2,384.7892,60
Na,1,384.8000,33
Tm,2,384.8020,100
Ta,1,384.8046,36
Y,2,384.8050,33
Ce,2,384.8100,17
Mg,2,384.8209,61
Nd,2,384.8233,95
Mo,1,384.8298,42
Nd,2,384.8310,95
Mg,2,384.8335,31
Nd,2,384.8520,94
Xe,2,384.8580,1
Ce,2,384.8590,85
U,2,384.8600,66
Tb,2,384.8730,99
Sm,2,384.8780,67
Bi,3,384.8820,7
Ne,3,384.8850,50
Mg,1,384.8914,6
Cr,1,384.8976,7
La,2,384.9020,94
Ti,3,384.9043,42
Th,3,384.9183,82
Hf,1,384.9190,87
Zr,1,384.9250,84
V,1,384.9319,16
Cr,1,384.9365,5
Dy,2,384.9390,52
Hf,2,384.9520,39
Cr,1,384.9533,64
Xe,2,384.9870,49
Ho,1,384.9880,81
Er,1,384.9910,85
Cm,1,384.9920,52
Os,1,384.9940,19
Fe,1,384.9966,78
F,2,384.9990,98
Cr,1,385.0017,40
Nd,2,385.0220,67
Sb,2,385.0220,60
Mg,2,385.0385,47
Ru,1,385.0430,81
Ar,2,385.0581,83
Gd,2,385.0690,96
Pr,2,385.0790,93
O,2,385.0797,61
Fe,1,385.0818,67
S,2,385.0906,69
Ac,2,385.0910,54
Gd,2,385.0970,98
Cl,2,385.0990,74
Pu,1,385.1010,37
O,2,385.1032,81
Tc,1,385.1222,37
Cl,2,385.1370,73
O,2,385.1471,67
Pr,2,385.1550,87
W,2,385.1563,69
Er,2,385.1600,55
Cl,2,385.1650,40
Nd,2,385.1660,97
F,2,385.1670,97
Nd,2,385.1748,97
Pu,1,385.1850,37
Sm,2,385.1880,45
Ra,2,385.1900,52
Th,1,385.2135,22
Sr,1,385.2144,42
Cr,1,385.2212,63
O,2,385.2383,12
Ho,2,385.2400,64
Gd,2,385.2450,98
Pr,2,385.2800,92
In,3,385.2820,69
Rh,3,385.2980,2
Dy,2,385.3030,84
Ti,1,385.3046,23
S,2,385.3076,64
Ce,2,385.3150,85
Lu,1,385.3290,52
Sm,1,385.3300,88
Si,2,385.3660,59
Ti,1,385.3725,42
Mg,1,385.3960,17
Ho,2,385.4070,94
Pb,3,385.4080,98
Sc,1,385.4081,21
Cm,1,385.4110,53
Ce,2,385.4180,93
Sm,2,385.4210,98
Cr,1,385.4216,25
U,1,385.4220,86
Xe,3,385.4280,67
Ce,2,385.4310,93
Th,2,385.4511,77
Sm,1,385.4560,86
U,2,385.4640,99
La,2,385.4910,54
Mg,1,385.4965,6
Bk,1,385.5030,56
Ce,2,385.5290,71
V,1,385.5364,90
In,2,385.5520,5
W,1,385.5554,0
Gd,2,385.5560,61
V,1,385.5840,97
V,1,385.5850,72
Sr,3,385.5882,73
Er,1,385.5900,88
Sm,2,385.5900,76
Si,2,385.6020,90
O,2,385.6134,75
Fe,1,385.6371,97
Ru,1,385.6460,69
Rh,1,385.6520,99
Tc,1,385.6734,54
Ho,2,385.6940,72
Ce,2,385.7020,47
Os,1,385.7090,28
O,2,385.7166,81
Kr,2,385.7320,39
Ru,1,385.7550,89
Cr,1,385.7624,21
Ce,2,385.7640,44
Ho,2,385.7720,86
Tm,2,385.7840,39
Sm,2,385.7910,54
Sc,1,385.8101,22
Ti,1,385.8137,48
Pr,2,385.8250,37
Ar,3,385.8292,69
Ni,1,385.8300,84
Hf,1,385.8310,80
Na,2,385.8320,78
Er,2,385.8390,76
Dy,1,385.8400,80
Xe,2,385.8530,29
Nd,2,385.8550,52
Ta,1,385.8608,19
Sm,1,385.8740,76
Ac,2,385.8799,19
Mg,1,385.8860,17
Nb,1,385.8950,68
Pr,2,385.9140,34
Fe,1,385.9212,64
S,2,385.9230,32
W,1,385.9303,28
Al,2,385.9330,27
Sc,1,385.9374,22
Sc,2,385.9374,48
U,2,385.9570,100
Sc,2,385.9592,87
Th,2,385.9839,70
Bk,2,385.9890,74
S,2,386.0114,56
Cu,1,386.0472,80
S,2,386.0608,78
S,3,386.0608,80
Ru,1,386.0720,43
Rb,2,386.0735,76
Cl,2,386.0830,88
Hg,1,386.0850,78
Hf,1,386.0910,20
Nd,2,386.0940,39
Cl,2,386.0990,67
Xe,3,386.1040,88
U,2,386.1170,67
Cl,2,386.1370,30
K,2,386.1410,25
Cs,2,386.1500,75
Ho,2,386.1680,95
Cu,1,386.1747,70
Pr,3,386.1800,33
Ba,1,386.1882,64
Po,1,386.1930,64
Sm,2,386.2050,68
C,2,386.2181,7
V,1,386.2217,48
Sm,2,386.2230,33
Nd,2,386.2520,46
Si,2,386.2600,79
Ho,1,386.2620,90
Ru,1,386.2690,77
Ti,1,386.2825,29
Er,1,386.2850,99
Gd,2,386.3050,41
Tc,1,386.3068,18
Tm,1,386.3081,24
Ac,2,386.3119,99
Nd,2,386.3327,99
Nb,1,386.3380,74
Th,2,386.3406,84
Nd,2,386.3409,99
O,2,386.3502,81
Sc,1,386.3725,62
V,1,386.3860,24
Zr,1,386.3870,99
Bi,2,386.4025,75
Mo,1,386.4103,100
Tc,1,386.4106,45
O,2,386.4125,32
Cs,3,386.4335,85
Zr,1,386.4340,91
W,1,386.4343,29
O,2,386.4426,81
La,2,386.4490,40
O,2,386.4667,75
V,1,386.4856,91
Cr,1,386.4930,15
Be,1,386.5130,26
Sm,2,386.5240,27
Be,1,386.5423,44
Pr,2,386.5450,80
Sr,1,386.5451,38
Os,1,386.5470,28
Na,1,386.5500,90
Be,1,386.5513,3
Fe,1,386.5523,76
Eu,1,386.5570,88
Ir,1,386.5640,39
Be,1,386.5722,11
U,2,386.5920,97
Be,1,386.6025,26
Al,2,386.6160,31
Ti,1,386.6439,52
Nd,2,386.6520,32
Dy,2,386.6580,54
U,2,386.6800,44
Nd,2,386.6810,27
Y,3,386.6960,30
Gd,1,386.6990,96
Sr,1,386.7067,44
Fe,1,386.7216,20
Pr,2,386.7520,54
V,1,386.7602,63
Ti,1,386.7737,7
Ru,1,386.7840,89
Nb,1,386.7920,67
W,1,386.7986,99
Tc,1,386.8240,76
Ti,1,386.8396,46
Pt,1,386.8421,18
Dy,2,386.8450,75
Ar,2,386.8528,75
Kr,3,386.8700,43
Dy,1,386.8810,94
C,2,386.8874,57
Nd,2,386.9045,85
Mo,1,386.9081,80
Tl,2,386.9150,15
Ti,1,386.9272,17
Dy,2,386.9420,47
Xe,2,386.9630,30
Tb,2,386.9750,77
Dy,2,386.9860,79
Re,1,386.9940,48
Rh,1,387.0010,84
Cs,2,387.0180,37
Mg,3,387.0456,41
Ca,1,387.0480,29
Pr,2,387.0720,54
U,1,387.1030,97
V,1,387.1075,38
Br,2,387.1210,9
Na,2,387.1260,68
La,2,387.1640,97
C,2,387.1669,74
Sm,2,387.1780,77
He,1,387.1791,20
Ho,2,387.2050,68
Dy,2,387.2110,98
Rh,1,387.2390,46
O,2,387.2439,24
Ti,3,387.2495,86
Fe,1,387.2501,81
Ca,1,387.2540,38
Hf,2,387.2550,53
Ca,1,387.2560,39
Eu,1,387.2720,40
Th,2,387.2722,64
W,1,387.2840,67
Yb,1,387.2850,81
Na,1,387.2900,74
Ne,3,387.2950,60
Co,1,387.3120,93
Ti,1,387.3201,37
Pa,1,387.3350,13
Th,1,387.3474,32
Ru,1,387.3520,48
Gd,1,387.3570,61
Ir,2,387.3633,2
K,2,387.3740,49
Fe,1,387.3760,57
Th,1,387.3822,81
Co,1,387.3960,79
Dy,2,387.3990,85
Pm,1,387.4030,29
Kr,3,387.4040,16
U,2,387.4040,79
Ho,2,387.4090,65
O,2,387.4092,43
Tb,2,387.4170,98
Ar,3,387.4220,33
Th,1,387.4244,39
Sr,3,387.4261,87
Sc,1,387.4334,22
W,1,387.4412,1
Cr,1,387.4550,11
Lu,1,387.4610,29
C,2,387.4666,7
Ce,2,387.4680,22
Ho,2,387.4680,85
Ne,3,387.4720,25
Au,1,387.4730,69
Sr,3,387.4750,51
Th,1,387.4862,77
V,1,387.5071,92
Sm,2,387.5190,40
Ti,1,387.5257,54
Re,1,387.5260,48
Ar,2,387.5264,48
Th,1,387.5373,34
V,1,387.5422,10
Kr,2,387.5440,83
Gd,2,387.5460,35
Sm,2,387.5540,60
Tc,1,387.5658,18
Pt,1,387.5715,18
Nd,2,387.5740,32
Ca,1,387.5780,42
O,2,387.5796,53
Ca,1,387.5800,43
Nd,2,387.5870,67
V,1,387.5898,75
C,2,387.6055,90
V,1,387.6080,81
Cs,1,387.6149,79
C,2,387.6187,96
Pr,2,387.6190,80
C,2,387.6408,95
Lu,2,387.6650,54
C,2,387.6664,94
Os,1,387.6770,75
Y,1,387.6782,63
Re,1,387.6860,49
Ce,2,387.6970,71
Ac,2,387.7030,33
Hf,2,387.7100,43
Pr,2,387.7180,96
Eu,2,387.7270,45
Rh,1,387.7340,81
Ne,3,387.7430,51
Nb,1,387.7560,83
Zr,1,387.7600,93
Pm,2,387.7620,94
Xe,3,387.7820,90
Bk,2,387.7940,76
Fe,1,387.8018,83
C,2,387.8028,66
U,2,387.8080,79
Y,2,387.8285,66
Mg,1,387.8306,29
Ce,2,387.8360,92
Pu,1,387.8540,38
Fe,1,387.8573,99
Nd,2,387.8580,89
K,2,387.8620,36
Fe,1,387.8671,49
V,2,387.8707,47
Nb,1,387.8820,90
Na,2,387.8960,46
Zr,1,387.9050,64
Dy,2,387.9110,65
Tc,1,387.9160,54
Ne,3,387.9180,29
Pr,2,387.9200,62
Nd,2,387.9550,88
C,2,387.9640,64
Th,1,387.9644,32
Sc,1,387.9737,22
Ac,2,387.9820,13
Yb,3,387.9980,30
Bk,1,388.0110,57
Au,1,388.0250,49
Nd,2,388.0380,84
Xe,3,388.0460,86
Pr,2,388.0470,87
C,2,388.0588,64
Er,2,388.0610,95
Tc,1,388.0715,61
Sm,2,388.0770,77
Nd,2,388.0779,91
Hf,2,388.0820,75
Ti,3,388.1212,87
Tm,1,388.1249,34
Ba,1,388.1334,11
Sm,2,388.1380,50
Ti,1,388.1395,37
W,1,388.1405,94
U,2,388.1450,93
Ne,3,388.1520,30
Ho,2,388.1610,82
Cu,3,388.1680,46
Cu,1,388.1714,0
Sm,2,388.1790,50
Na,1,388.1800,97
Os,1,388.1860,33
Dy,2,388.1990,47
Ti,1,388.2146,55
O,2,388.2192,90
Ti,1,388.2320,43
U,2,388.2360,67
O,2,388.2446,54
Ce,2,388.2450,95
Sm,2,388.2500,27
Yb,3,388.2580,7
Bk,1,388.2600,58
Er,2,388.2890,92
Ti,1,388.2891,68
O,2,388.3130,61
Tm,1,388.3132,99
Nb,1,388.3140,87
Hg,2,388.3183,49
U,2,388.3280,44
Cr,1,388.3287,87
Tb,1,388.3340,78
Zn,1,388.3340,21
K,2,388.3420,26
Tm,2,388.3440,91
Cs,3,388.3630,25
Hf,2,388.3770,40
C,2,388.3824,14
Sc,1,388.4022,23
Fe,1,388.4358,7
Eu,1,388.4750,82
Ge,3,388.4780,53
Th,2,388.4819,96
Xe,3,388.4990,60
Xe,2,388.5000,30
Cr,1,388.5083,34
Pr,2,388.5190,77
Ta,1,388.5202,36
Cr,1,388.5214,86
Sm,2,388.5290,99
Zr,1,388.5420,96
Nb,1,388.5440,92
K,3,388.5500,17
Fe,1,388.5510,3
Ac,1,388.5559,99
Nb,1,388.5680,87
Na,1,388.5700,79
Pm,1,388.5790,29
Nb,1,388.6070,56
Fe,1,388.6282,89
La,2,388.6370,94
Sc,1,388.6541,23
Cr,1,388.6795,84
Mo,1,388.6821,81
K,2,388.6840,13
Th,1,388.6916,53
Fe,1,388.7048,82
Tl,2,388.7150,50
Yb,3,388.7170,30
Na,2,388.7220,20
Tm,1,388.7348,98
Y,1,388.7765,36
Nd,2,388.7866,75
Bi,1,388.8170,43
Tb,1,388.8220,89
Rh,1,388.8340,46
Cs,3,388.8374,97
Fe,1,388.8513,77
Cs,1,388.8611,62
He,1,388.8648,96
Th,2,388.8673,3
Na,2,388.8870,35
Ho,2,388.8960,96
H,1,388.9064,93
Ca,1,388.9100,15
Sm,2,388.9160,69
Ba,1,388.9326,79
Pr,2,388.9340,77
Hf,1,388.9362,15
Au,1,388.9480,49
Nd,2,388.9660,58
Ni,1,388.9670,32
In,2,388.9780,68
Nd,2,388.9930,92
Ti,1,388.9950,42
Ce,2,388.9980,91
Sm,2,389.0080,65
Sc,2,389.0135,9
V,1,389.0179,84
Mg,1,389.0241,7
Zr,1,389.0320,100
U,2,389.0360,98
Ho,1,389.0420,89
Tm,2,389.0530,70
Ba,1,389.0571,34
Nd,2,389.0580,92
Er,2,389.0610,65
Ce,2,389.0750,5
Nd,2,389.0940,92
Pm,1,389.0970,21
Ce,2,389.0980,5
Ho,2,389.1020,99
Sm,2,389.1210,28
Nb,1,389.1300,84
Zr,1,389.1380,98
Nd,2,389.1510,77
Br,2,389.1630,68
Pr,2,389.1710,37
Ba,2,389.1779,79
Mg,1,389.1906,18
Cr,1,389.1932,34
Ar,2,389.1979,33
Nd,2,389.2060,67
Tc,1,389.2122,38
Pm,2,389.2150,97
Ru,1,389.2210,77
Cs,3,389.2217,51
Au,1,389.2260,70
S,2,389.2293,78
Ba,1,389.2656,72
Er,1,389.2680,98
U,2,389.2680,80
V,1,389.2856,77
Tc,1,389.3220,18
Cf,2,389.3230,45
Mg,1,389.3304,19
Ac,2,389.3350,76
Fe,1,389.3390,11
O,2,389.3516,32
Ti,3,389.3629,87
Hg,1,389.3860,5
Cr,1,389.4034,79
Sm,2,389.4050,40
Co,1,389.4080,97
U,1,389.4120,78
Pd,1,389.4199,74
Ba,1,389.4349,15
Bk,2,389.4550,78
Ra,2,389.4550,54
Nd,2,389.4627,84
Tb,1,389.4640,91
Gd,2,389.4700,88
Kr,2,389.4710,65
Ba,1,389.4782,2
In,2,389.4820,2
Sc,1,389.4971,23
Xe,3,389.5050,88
Ce,2,389.5110,71
Ti,1,389.5243,46
Th,1,389.5419,63
Mg,1,389.5572,29
Ir,2,389.5592,21
Fe,1,389.5656,92
Na,2,389.5780,35
Gd,2,389.5790,58
Pu,1,389.5890,39
Tb,1,389.5990,78
Nd,2,389.6130,39
V,1,389.6144,0
V,2,389.6144,63
Er,2,389.6230,98
O,2,389.6304,24
Ti,3,389.6330,77
Yb,3,389.6550,72
Tb,2,389.6580,67
Tm,1,389.6617,95
Ho,2,389.6760,82
U,2,389.6770,67
Eu,1,389.6780,23
Ce,2,389.6800,69
Na,2,389.6920,3
Ba,3,389.6958,73
Sm,2,389.6980,93
Cs,2,389.6986,90
Pr,2,389.7250,49
Ti,3,389.7250,60
Mn,2,389.7618,44
Nd,2,389.7630,64
Cr,1,389.7660,11
Au,1,389.7860,92
Fe,1,389.7890,46
Tb,1,389.7890,79
K,2,389.7920,81
Fe,1,389.8009,15
V,1,389.8051,32
Mn,2,389.8067,45
Mg,1,389.8120,7
Ce,2,389.8270,64
F,1,389.8478,0
Ti,1,389.8489,29
Sr,3,389.8500,44
Dy,2,389.8530,98
La,1,389.8600,57
Kr,3,389.8700,69
Pm,1,389.8730,30
Pt,1,389.8732,22
F,2,389.8830,78
Pr,2,389.8840,55
Ce,2,389.8940,22
S,3,389.9032,17
V,2,389.9128,26
Tb,2,389.9200,98
Cu,1,389.9220,11
S,3,389.9247,55
K,2,389.9280,26
Fe,1,389.9707,96
Pm,2,389.9780,81
U,2,389.9780,80
Tc,1,389.9827,62
Hf,1,389.9937,85
K,2,390.0110,27
Eu,1,390.0180,23
Nd,2,390.0210,96
Cm,1,390.0250,54
Os,1,390.0390,9
Na,1,390.0400,67
Eu,1,390.0510,59
Zr,1,390.0520,78
Ti,2,390.0539,95
Al,2,390.0675,72
Pt,1,390.0723,50
Y,3,390.0740,47
Tm,2,390.0790,80
Yb,1,390.0850,82
Th,2,390.0878,75
Ti,1,390.0959,73
Au,1,390.1090,50
Kr,2,390.1150,23
V,1,390.1153,16
Br,2,390.1240,10
Tb,1,390.1330,98
Na,2,390.1670,20
Os,1,390.1710,19
Mo,1,390.1769,73
Nd,2,390.1840,93
198Hg,1,390.1867,24
Hg,1,390.1868,79
F,2,390.1930,70
In,2,390.2079,82
Ho,2,390.2230,55
V,1,390.2253,94
Gd,2,390.2400,72
Pr,2,390.2450,60
Ir,1,390.2510,70
U,2,390.2550,53
La,1,390.2580,36
Gd,1,390.2710,68
Er,2,390.2760,86
Cr,1,390.2909,81
Fe,1,390.2946,84
Mo,1,390.2953,99
Th,1,390.3102,9
Cr,1,390.3161,43
V,2,390.3252,17
Sm,2,390.3420,89
Hg,1,390.3638,0
Xe,3,390.3670,10
Na,2,390.3690,13
F,2,390.3820,54
Mg,1,390.3859,36
Br,3,390.3950,8
Er,1,390.3980,69
Cm,2,390.4060,92
Th,2,390.4083,7
Rh,1,390.4220,16
Gd,1,390.4290,58
U,2,390.4300,61
Ce,2,390.4340,18
Pt,1,390.4382,8
Ho,1,390.4440,82
Er,2,390.4560,44
Y,1,390.4596,54
Sc,1,390.4660,23
Na,2,390.4740,25
Ti,1,390.4784,87
Yb,2,390.4810,54
P,3,390.4812,41
Cs,3,390.4816,69
Th,2,390.5186,7
Er,1,390.5400,94
Si,1,390.5523,92
Gd,1,390.5650,79
Te,2,390.5672,31
Ho,2,390.5680,92
V,1,390.5697,10
Xe,2,390.5850,11
Nd,2,390.5890,95
Ba,1,390.5963,19
Bk,2,390.6090,80
Kr,2,390.6177,83
Er,2,390.6310,100
Hg,1,390.6371,82
198Hg,1,390.6371,34
U,1,390.6450,63
Fe,1,390.6479,81
V,1,390.6747,13
Sn,3,390.6800,24
Cs,2,390.6940,73
S,2,390.6951,57
Eu,2,390.7100,97
Rb,2,390.7289,65
Ce,2,390.7290,78
Ac,2,390.7380,32
Ne,3,390.7400,17
Ag,1,390.7410,74
O,2,390.7455,68
Sc,1,390.7484,75
Zr,3,390.7619,6
Nd,2,390.7700,23
Ar,3,390.7840,64
Nd,2,390.7840,72
Xe,2,390.7910,64
Pr,2,390.8050,89
Tb,1,390.8060,89
Re,1,390.8210,13
Cm,2,390.8240,95
Ce,2,390.8410,67
Ce,2,390.8540,48
Cr,1,390.8756,91
Nb,1,390.8970,57
Ru,1,390.9080,81
Tb,1,390.9140,84
Ag,2,390.9303,15
Ce,2,390.9310,22
Hg,2,390.9320,55
Au,1,390.9380,88
Pm,2,390.9500,63
Tb,1,390.9550,79
Ne,3,390.9660,60
V,1,390.9857,84
Ba,1,390.9909,83
V,1,390.9915,70
Gd,3,391.0240,2
Na,2,391.0260,25
Pm,2,391.0260,98
Cs,3,391.0316,48
Zr,3,391.0783,3
V,1,391.0787,16
La,2,391.0810,23
Pt,1,391.0895,13
Nd,2,391.1160,96
Ti,1,391.1185,8
Yb,1,391.1270,69
S,2,391.1310,40
U,2,391.1670,26
Lu,1,391.1770,20
Ho,1,391.1800,83
Sc,1,391.1812,75
O,2,391.1957,90
O,2,391.2107,76
Bk,2,391.2160,82
Ce,2,391.2190,8
V,1,391.2200,53
Nd,2,391.2230,85
Ce,2,391.2440,88
Kr,2,391.2581,69
Yb,3,391.2750,17
Rh,1,391.2830,11
Pr,2,391.2900,86
Yb,3,391.3230,31
Hg,2,391.3367,31
Ti,2,391.3461,93
Rh,1,391.3510,61
Pr,2,391.3550,67
Nd,2,391.3690,52
Cl,2,391.3870,52
Kr,3,391.3900,16
Re,1,391.3920,20
Br,2,391.4200,11
Hg,2,391.4313,78
P,3,391.4314,62
V,2,391.4321,33
Ti,1,391.4335,85
Br,2,391.4380,88
Ag,1,391.4400,76
Ac,2,391.4470,86
Y,3,391.4580,57
Nb,1,391.4700,87
Ti,1,391.4738,26
Pr,2,391.4760,55
Ar,2,391.4767,5
Dy,2,391.4870,70
Sc,1,391.4954,24
Nd,2,391.5130,65
Eu,2,391.5240,31
Ti,3,391.5253,60
Li,1,391.5300,56
Xe,3,391.5310,11
Li,1,391.5350,60
Ir,1,391.5380,70
Mo,1,391.5429,13
Tb,1,391.5430,94
Ti,3,391.5472,93
Ce,2,391.5520,48
Dy,2,391.5590,70
U,2,391.5880,44
Zr,2,391.5940,50
Nd,2,391.5950,78
Eu,1,391.6000,41
La,2,391.6050,92
Ce,2,391.6140,48
Cr,1,391.6239,76
Bk,2,391.6370,84
V,2,391.6404,1
Th,1,391.6417,35
Tm,1,391.6477,98
Gd,2,391.6510,93
Cl,2,391.6630,33
Fe,1,391.6731,5
Ra,1,391.6740,2
Zr,3,391.6925,31
Tm,1,391.7144,27
Fe,1,391.7181,13
Rn,1,391.7200,37
Ne,3,391.7240,60
Ba,1,391.7252,16
Re,1,391.7270,70
Dy,1,391.7290,84
Eu,1,391.7290,91
Sm,2,391.7440,65
Kr,2,391.7554,60
Ce,2,391.7640,9
Nd,2,391.7650,52
Eu,2,391.7700,2
Na,1,391.7900,93
Er,1,391.8050,71
Hf,2,391.8090,85
S,2,391.8183,14
Sc,1,391.8203,24
Y,1,391.8248,49
Ce,2,391.8280,78
Mn,1,391.8320,37
Er,2,391.8350,36
Ta,1,391.8512,66
Eu,1,391.8520,36
Te,2,391.8534,20
Pr,2,391.8850,94
Lu,1,391.8860,33
C,2,391.8978,97
N,2,391.9000,56
Th,1,391.9023,42
Eu,2,391.9090,58
Pm,2,391.9100,98
Cr,1,391.9159,94
Hg,2,391.9264,58
O,2,391.9285,84
Tc,1,391.9375,38
Ho,1,391.9450,83
Br,2,391.9510,48
Tb,2,391.9520,80
Sr,1,391.9566,39
Pr,2,391.9630,76
Ce,2,391.9810,61
Nd,2,391.9920,27
Kr,2,392.0081,85
Ac,2,392.0100,72
Ag,2,392.0124,18
Nb,1,392.0200,84
Fe,1,392.0258,91
S,3,392.0292,20
V,1,392.0484,16
Pr,2,392.0530,61
Zr,3,392.0624,45
Sr,3,392.0681,58
C,2,392.0693,98
Ru,1,392.0920,49
Nd,2,392.0960,89
Cr,1,392.1021,84
Ne,3,392.1030,88
Cu,1,392.1267,0
Ti,3,392.1384,87
Bk,1,392.1420,59
Ti,1,392.1422,75
Tm,1,392.1446,39
La,2,392.1540,91
Ti,3,392.1611,77
I,1,392.1680,31
Kr,2,392.1680,4
Ce,2,392.1730,69
Zr,1,392.1790,87
Er,2,392.1880,47
V,1,392.1904,17
Tb,2,392.2100,59
In,2,392.2120,10
Rh,1,392.2190,74
Rb,2,392.2196,78
Sm,2,392.2400,98
V,1,392.2429,57
Xe,3,392.2550,98
As,3,392.2600,88
S,2,392.2618,14
Ac,2,392.2730,39
Tb,2,392.2740,80
Ta,1,392.2779,53
Fe,1,392.2912,96
Ta,1,392.2915,53
Ti,3,392.2953,87
Pt,1,392.2956,62
K,2,392.3000,50
Ce,2,392.3110,67
Gd,2,392.3250,58
Dy,2,392.3380,47
S,2,392.3460,88
Ru,1,392.3470,90
Ca,1,392.3480,15
Sc,2,392.3483,65
Tc,1,392.3663,38
Hf,2,392.3900,54
C,2,392.4010,41
S,2,392.4053,24
Br,2,392.4090,69
Sr,1,392.4184,42
Th,1,392.4404,80
Si,3,392.4470,93
Ti,1,392.4527,88
Ga,2,392.4588,36
Ce,2,392.4640,57
V,1,392.4649,47
Ti,3,392.4860,78
Th,1,392.5093,61
V,1,392.5194,20
V,1,392.5238,61
Cu,1,392.5274,11
Pt,1,392.5336,20
Tb,2,392.5450,88
Pr,2,392.5470,92
Cs,3,392.5596,95
Na,1,392.5600,86
Ar,2,392.5719,68
Zr,3,392.5799,36
Cl,3,392.5870,28
Sr,1,392.5872,43
Ru,1,392.5920,95
U,1,392.6210,54
Am,2,392.6250,95
K,2,392.6360,51
Rb,2,392.6436,92
Mn,1,392.6470,52
Lu,1,392.6620,25
Na,2,392.6710,25
U,1,392.6720,55
Ba,3,392.6851,95
Zr,3,392.6941,32
Nd,2,392.7100,72
Bi,3,392.7200,1
Ba,3,392.7227,63
Pr,2,392.7460,80
Ag,1,392.7530,4
La,1,392.7560,86
Tc,1,392.7573,19
Au,1,392.7690,71
Dy,1,392.7860,81
Fe,1,392.7920,79
V,1,392.7925,39
Bk,2,392.8050,86
Sm,2,392.8280,96
Ag,1,392.8370,1
Ac,2,392.8390,41
Pu,1,392.8530,40
S,3,392.8537,87
Ar,2,392.8623,78
Cr,1,392.8637,86
Tm,2,392.8660,36
Eu,2,392.8870,19
C,2,392.9130,29
La,2,392.9220,95
Kr,2,392.9260,39
Nd,2,392.9260,23
Pr,2,392.9290,74
Ac,1,392.9520,12
Zr,1,392.9530,96
Hf,2,392.9540,22
Br,2,392.9550,12
Tm,2,392.9580,76
Sr,1,392.9607,43
Th,2,392.9669,99
Re,1,392.9850,77
Ti,1,392.9874,85
V,1,393.0018,57
Y,1,393.0098,54
Dy,1,393.0140,84
Fe,1,393.0296,98
Bi,3,393.0430,15
Eu,2,393.0480,98
Na,1,393.0600,68
Y,2,393.0658,57
F,1,393.0689,4
Ca,3,393.0870,44
U,2,393.0980,54
Ce,2,393.1090,78
Yb,3,393.1230,88
V,1,393.1335,26
Ce,2,393.1370,31
Hf,1,393.1380,75
Zr,3,393.1476,31
Te,2,393.1487,29
S,2,393.1512,40
Dy,2,393.1520,92
Ru,1,393.1760,75
Ce,2,393.1830,9
Pa,1,393.1830,15
S,2,393.1918,69
Al,1,393.1996,61
Ti,2,393.2009,25
U,2,393.2020,98
Dy,2,393.2220,48
Er,2,393.2250,86
S,2,393.2286,69
Ar,2,393.2546,57
Th,1,393.2911,72
Dy,2,393.3000,54
Cu,1,393.3027,1
Tl,3,393.3050,77
S,2,393.3267,91
Sc,1,393.3375,75
Ne,2,393.3469,55
Sr,1,393.3523,22
Ru,1,393.3550,57
Ca,2,393.3660,99
Tc,1,393.3705,19
Ce,2,393.3730,32
V,1,393.4007,59
Zr,2,393.4120,36
Dy,2,393.4210,48
Rh,1,393.4230,93
Ti,1,393.4234,44
F,1,393.4262,1
K,2,393.4360,51
In,2,393.4374,49
Gd,1,393.4790,94
Zr,2,393.4790,37
Nd,2,393.4820,79
Ir,1,393.4840,66
Sc,2,393.4890,24
Rh,1,393.4980,31
Sr,1,393.5056,44
Sr,1,393.5099,17
V,1,393.5131,26
Tb,2,393.5240,85
Ca,1,393.5290,30
Gd,1,393.5380,55
U,2,393.5380,68
W,2,393.5433,40
Hf,2,393.5650,26
Al,1,393.5677,49
S,2,393.5698,15
Ba,1,393.5717,88
Sm,2,393.5760,51
Pr,2,393.5820,74
Rh,1,393.5840,36
Co,1,393.5970,62
Sr,1,393.6037,40
Nd,2,393.6110,61
La,2,393.6220,64
V,1,393.6277,17
Sr,3,393.6398,87
Ho,2,393.6440,65
Pm,2,393.6480,95
Th,2,393.6604,34
Cm,1,393.6670,55
Dy,1,393.6700,81
Sr,3,393.6722,87
Ce,3,393.6800,33
Re,1,393.6900,22
Na,2,393.6960,25
Er,1,393.7010,97
Tm,1,393.7282,53
Nb,1,393.7440,88
Ba,1,393.7868,66
Ce,2,393.8090,67
Cs,3,393.8264,37
Pr,2,393.8300,61
Mg,1,393.8400,46
N,3,393.8520,19
Kr,3,393.8530,28
Ac,2,393.8579,44
Os,1,393.8590,33
Er,2,393.8630,96
Ho,1,393.8850,72
Nd,2,393.8860,72
Kr,2,393.8880,39
Xe,2,393.8920,22
Tm,1,393.9089,43
S,2,393.9478,24
Tb,2,393.9520,91
Br,2,393.9690,49
Ce,2,394.0340,78
Hg,2,394.0369,14
Ag,1,394.0430,18
U,2,394.0480,27
Rb,2,394.0508,99
Ho,2,394.0530,65
Sr,1,394.0711,27
Sr,1,394.0800,59
Ce,2,394.0970,32
Ra,1,394.1020,4
Mo,2,394.1480,38
Cr,1,394.1488,84
Na,2,394.1500,14
Nd,2,394.1512,96
Eu,2,394.1560,36
Rn,1,394.1720,38
Gd,1,394.1800,79
Sm,2,394.1870,89
Cm,1,394.2030,56
Ce,2,394.2150,97
Eu,2,394.2210,8
C,1,394.2223,68
Ne,2,394.2258,33
Dy,2,394.2530,70
K,2,394.2530,64
Na,1,394.2600,78
Gd,1,394.2630,83
Rh,1,394.2720,86
Ce,2,394.2750,99
Ag,1,394.2900,20
Eu,2,394.2940,40
Na,2,394.2980,36
Mo,1,394.3040,49
Mo,1,394.3077,50
Eu,2,394.3080,62
Gd,1,394.3240,64
Sm,2,394.3240,65
Th,2,394.3394,24
Ti,3,394.3559,60
Xe,2,394.3570,30
Gd,1,394.3620,56
V,1,394.3659,36
Nb,1,394.3670,82
Sr,1,394.3747,37
U,1,394.3820,96
Ce,2,394.3890,79
Al,1,394.4006,97
Cm,1,394.4150,57
C,2,394.4193,12
Pm,2,394.4210,73
Ar,2,394.4271,32
Er,1,394.4420,97
Eu,2,394.4590,8
Dy,2,394.4680,99
Re,1,394.4720,16
Cl,1,394.4820,1
C,2,394.5003,33
O,2,394.5038,87
C,2,394.5197,22
Th,2,394.5507,43
Gd,1,394.5540,95
Ru,1,394.5570,81
Ba,1,394.5593,51
Eu,2,394.5670,8
Hg,2,394.5673,21
Re,1,394.5910,27
Tl,3,394.6020,3
Ca,1,394.6040,16
Ar,2,394.6097,80
Th,2,394.6145,66
Sc,1,394.6172,24
Ir,1,394.6270,29
C,2,394.6278,26
B,2,394.6280,18
Hg,2,394.6281,31
Sm,2,394.6510,55
Tc,1,394.6571,92
Ac,2,394.6590,25
Tb,2,394.6890,86
Dy,2,394.6930,60
S,2,394.6952,47
C,2,394.7079,7
Tc,1,394.7087,86
O,1,394.7290,53
O,1,394.7480,46
Si,3,394.7490,21
Ar,1,394.7505,15
Ba,1,394.7506,35
O,1,394.7590,43
Pr,2,394.7630,88
C,2,394.7720,53
Ti,1,394.7769,93
Ce,2,394.7970,32
Te,2,394.7980,47
Th,1,394.8030,87
Er,1,394.8060,86
Sm,2,394.8110,72
Xe,1,394.8163,73
C,2,394.8333,56
Ti,3,394.8365,43
Pt,1,394.8385,18
U,1,394.8440,45
F,1,394.8563,2
Ti,1,394.8671,94
Cm,1,394.8680,58
Xe,1,394.8720,29
Fe,1,394.8775,17
Ca,1,394.8900,53
Th,2,394.8964,38
Ar,1,394.8979,57
La,2,394.9100,100
Eu,2,394.9130,9
Tm,1,394.9270,97
C,2,394.9373,3
Sr,1,394.9374,24
Pr,2,394.9430,91
Ag,2,394.9435,17
C,2,394.9530,22
Eu,1,394.9600,50
Ca,3,394.9604,53
Fe,1,394.9953,32
Ru,1,395.0210,68
Y,2,395.0349,90
B,2,395.0370,25
Dy,2,395.0390,71
Th,1,395.0395,99
S,2,395.0398,24
Ho,1,395.0560,72
Xe,3,395.0590,98
Br,2,395.0610,50
Sr,1,395.0636,35
Sr,1,395.0670,25
Eu,2,395.0760,32
Xe,1,395.0924,86
W,2,395.1060,77
Nd,2,395.1154,96
Eu,2,395.1330,36
Er,1,395.1480,70
Th,2,395.1515,38
Sr,3,395.1521,77
Y,2,395.1590,50
Hf,1,395.1822,82
Sm,1,395.1890,82
Pb,3,395.1920,81
Ir,2,395.1952,1
V,2,395.1956,42
Ac,2,395.1980,52
Gd,2,395.2000,46
C,2,395.2058,79
Nd,2,395.2195,84
Sc,1,395.2269,24
Rn,1,395.2360,40
Ce,2,395.2540,100
Am,2,395.2580,75
Fe,1,395.2601,10
Pa,2,395.2620,59
C,2,395.2679,3
Ru,1,395.2680,57
Mn,1,395.2840,38
Nd,2,395.2870,48
Ir,2,395.2910,1
Sr,1,395.3095,38
Cm,1,395.3360,59
Gd,1,395.3370,84
Pr,2,395.3510,91
Nd,2,395.3520,48
U,2,395.3580,15
Kr,2,395.3600,39
Ce,2,395.3660,40
La,1,395.3680,45
Cu,3,395.3810,30
Fe,3,395.4330,18
O,2,395.4362,91
Dy,2,395.4550,61
O,1,395.4610,11
U,2,395.4670,40
Xe,2,395.4730,30
Pm,1,395.4760,30
Kr,2,395.4780,73
Y,1,395.5085,55
K,2,395.5210,65
Ce,2,395.5360,32
Ho,1,395.5730,91
Tc,1,395.5734,19
Si,2,395.5740,9
Eu,1,395.5750,50
N,2,395.5850,67
Cs,3,395.5935,81
Ce,2,395.6060,9
K,2,395.6100,28
Ce,2,395.6280,88
Hg,2,395.6319,28
Ti,1,395.6334,94
Er,1,395.6420,76
Fe,1,395.6455,24
Tm,1,395.6492,8
Th,2,395.6593,38
Ne,3,395.6600,42
Fe,1,395.6677,68
Th,2,395.6691,75
Pr,2,395.6750,74
Xe,1,395.6850,20
Sc,2,395.7007,59
Ca,1,395.7050,57
Ce,3,395.7100,5
Cd,2,395.7244,18
Nd,2,395.7450,32
P,3,395.7641,77
Gd,2,395.7670,84
Kr,3,395.7670,87
Pm,2,395.7740,99
Dy,2,395.7790,78
Pa,2,395.7850,86
Eu,2,395.7920,19
Nd,2,395.8001,78
Tm,2,395.8100,89
Ti,1,395.8202,95
Zr,2,395.8220,89
Rh,1,395.8240,56
Ce,2,395.8270,9
Tb,2,395.8360,68
Pd,1,395.8623,69
Sr,3,395.8748,88
Rh,1,395.8860,96
Ce,2,395.8870,10
Au,1,395.9100,24
Th,1,395.9300,5
Gd,2,395.9440,73
Pr,1,395.9440,94
Cs,2,395.9505,91
Ho,2,395.9510,48
Sm,2,395.9530,37
Ho,1,395.9680,90
K,2,395.9840,28
Ne,3,395.9910,25
Sr,1,395.9961,25
Ar,3,396.0487,48
Ne,3,396.0587,51
Ce,2,396.0910,79
Os,1,396.1020,21
Re,1,396.1040,56
C,1,396.1403,68
S,3,396.1516,71
Al,1,396.1520,98
O,3,396.1590,87
S,1,396.2000,7
Sn,3,396.2000,41
Ne,3,396.2010,70
Nd,2,396.2210,73
In,2,396.2333,69
Kr,2,396.2340,23
Pr,2,396.2450,78
Re,1,396.2480,66
S,1,396.2490,7
Dy,1,396.2590,76
Ti,1,396.2851,82
Er,3,396.2870,90
Sm,2,396.3000,91
S,2,396.3107,62
Nd,2,396.3114,93
I,3,396.3160,72
Zr,3,396.3171,47
Eu,1,396.3610,28
Os,1,396.3630,81
Gd,2,396.3660,35
Cr,1,396.3684,82
Si,3,396.3840,22
Nd,2,396.3900,40
Cu,1,396.4160,1
U,1,396.4210,57
Pr,2,396.4260,82
Ti,1,396.4269,84
Ce,2,396.4500,48
Rh,2,396.4540,40
Sr,1,396.4581,36
He,1,396.4729,64
Th,2,396.4738,84
Pr,2,396.4810,96
Cm,1,396.4830,60
Kr,2,396.4890,49
Eu,2,396.4900,63
Ru,1,396.4900,68
Ac,2,396.5070,31
Cs,2,396.5196,88
Zr,3,396.5232,11
Zn,1,396.5430,44
Xe,3,396.5450,11
Ne,3,396.5620,61
Nb,1,396.5690,63
Sc,2,396.5694,24
Sm,2,396.6040,65
Fe,1,396.6061,15
Nb,1,396.6090,91
Ne,3,396.6120,43
Au,1,396.6230,51
Gd,1,396.6280,84
Er,1,396.6350,71
Pt,1,396.6357,75
U,2,396.6520,78
Pr,2,396.6570,82
Eu,2,396.6590,70
Zr,1,396.6660,82
K,2,396.6720,66
Ce,2,396.7050,79
Eu,1,396.7180,41
Cs,2,396.7204,42
Th,1,396.7392,58
Dy,1,396.7510,71
Xe,1,396.7541,89
Sr,3,396.7603,77
Sm,2,396.7680,51
Hf,1,396.8008,45
Gd,2,396.8260,67
Zr,1,396.8260,94
Ar,2,396.8359,39
Dy,2,396.8390,100
Lu,1,396.8460,78
Ca,2,396.8470,98
Th,1,396.8476,74
Th,2,396.8484,54
Gd,1,396.9000,87
Th,2,396.9003,49
Cr,1,396.9057,31
Te,2,396.9222,44
Fe,1,396.9257,87
Sr,1,396.9261,71
Gd,2,396.9290,44
C,2,396.9520,12
Th,2,396.9561,38
Os,1,396.9670,11
Cr,1,396.9743,81
Xe,3,396.9910,11
Sr,1,397.0043,59
Pa,2,397.0070,62
H,1,397.0075,92
Ta,1,397.0098,66
C,2,397.0390,23
Sm,2,397.0530,73
S,2,397.0672,47
Pr,2,397.1160,81
Sm,2,397.1400,91
C,2,397.1574,7
Pr,2,397.1670,68
Ce,2,397.1680,57
Zr,3,397.1690,36
Gd,2,397.1750,59
Nb,1,397.1850,57
Eu,2,397.1960,98
F,2,397.2040,23
O,2,397.2065,2
Ce,2,397.2070,23
Pr,2,397.2140,84
Ni,1,397.2170,33
C,2,397.2440,53
Ac,2,397.2490,27
Ca,1,397.2570,23
K,2,397.2580,66
Xe,2,397.2580,50
F,2,397.2670,37
Gd,1,397.2710,74
Ne,3,397.2790,17
Er,1,397.3040,96
Sr,1,397.3072,31
Th,1,397.3196,5
O,2,397.3256,98
Nd,2,397.3269,89
Hf,1,397.3477,65
Zr,1,397.3500,89
Ni,1,397.3560,51
Er,1,397.3580,98
V,2,397.3629,9
Nd,2,397.3650,83
Ca,1,397.3710,58
Mo,1,397.3756,19
C,2,397.3760,64
Zr,3,397.3978,39
Gd,2,397.3980,67
Sc,2,397.4077,10
Cs,2,397.4250,87
Hg,2,397.4402,58
Xe,1,397.4417,64
Ar,2,397.4476,33
Sm,1,397.4660,91
Er,2,397.4720,94
F,2,397.4780,55
Gd,1,397.4810,68
Pr,2,397.4850,68
Ne,3,397.4890,61
Ce,2,397.5070,23
Zr,1,397.5290,64
Rh,1,397.5310,81
Sr,3,397.5331,21
C,2,397.5341,8
Pu,2,397.5430,83
Cu,1,397.5700,1
Mg,3,397.5738,29
Ho,1,397.5880,73
Mn,1,397.5890,29
Te,2,397.5936,33
C,2,397.5953,4
Sr,3,397.6043,78
Sm,2,397.6270,83
Ir,1,397.6310,75
Sm,2,397.6430,84
Au,1,397.6650,51
Cr,1,397.6659,80
Tm,1,397.6679,75
Sr,3,397.6692,16
Cr,1,397.6701,43
Er,1,397.6730,72
Nd,2,397.6836,83
Tb,2,397.6840,97
Ho,1,397.6930,86
Er,1,397.7020,89
Mn,1,397.7080,38
Os,1,397.7230,75
C,2,397.7269,57
Ac,2,397.7361,82
Si,2,397.7460,10
Cs,3,397.7555,25
Fe,1,397.7741,42
Cs,2,397.7999,76
Rb,2,397.8149,85
Sc,1,397.8152,25
P,3,397.8307,84
Eu,1,397.8420,50
Ru,1,397.8440,75
Dy,2,397.8570,93
Ce,2,397.8650,79
C,2,397.8760,23
Sr,1,397.8929,41
Th,2,397.9038,84
Kr,3,397.9050,17
Sm,2,397.9200,83
Gd,1,397.9330,87
Ar,2,397.9355,53
Ru,1,397.9420,75
Nd,2,397.9479,83
Eu,2,397.9630,9
Tc,1,397.9637,38
Au,1,397.9680,52
S,2,397.9829,69
Cu,1,397.9954,1
Al,3,398.0140,40
Na,1,398.0300,63
C,2,398.0323,81
Tc,1,398.0354,54
Br,2,398.0380,89
Pr,3,398.0510,64
Pm,2,398.0740,86
Ce,2,398.0880,68
Th,2,398.1106,27
Si,3,398.1240,9
Ag,1,398.1580,60
Zr,1,398.1600,65
Ne,3,398.1700,36
Ti,1,398.1762,95
Te,2,398.1766,32
Fe,1,398.1771,7
Pa,1,398.1820,17
Tb,2,398.1870,96
Dy,2,398.1920,89
Cd,1,398.1926,16
Kr,1,398.2170,47
Pa,1,398.2230,68
Er,1,398.2330,92
Nd,2,398.2355,48
Ti,1,398.2481,87
Mn,1,398.2580,54
Y,2,398.2592,87
O,2,398.2714,84
Ce,2,398.2890,68
Sm,2,398.3140,73
Ce,2,398.3290,33
W,1,398.3292,1
Dy,2,398.3650,90
S,3,398.3722,88
Tb,2,398.3850,59
Cr,1,398.3899,78
Hg,1,398.3920,21
Hg,2,398.3931,99
Fe,1,398.3956,10
Ne,3,398.3960,51
Dy,2,398.4210,78
Mg,1,398.4212,8
Cr,1,398.4332,43
Rh,1,398.4400,74
Sn,2,398.4600,34
Ce,2,398.4680,80
Ru,1,398.4860,85
Tc,1,398.4967,97
Ag,2,398.5190,20
Xe,1,398.5202,56
Mn,1,398.5240,58
Li,1,398.5480,33
Li,1,398.5540,37
Yb,3,398.5560,68
Ho,2,398.5710,45
Ne,2,398.5725,34
U,2,398.5790,95
S,3,398.5921,72
Xe,3,398.5960,54
Nd,2,398.6250,68
Ti,3,398.6400,60
Eu,1,398.6600,46
Sm,2,398.6680,73
Mg,1,398.6753,56
Mn,1,398.6830,65
C,1,398.6879,31
Np,1,398.6890,3
Mn,1,398.7100,58
Gd,2,398.7210,59
Th,2,398.7219,81
Sm,2,398.7430,38
Y,1,398.7480,43
Er,1,398.7530,72
Er,1,398.7660,90
Kr,2,398.7780,45
Tc,1,398.7780,45
Sc,1,398.7827,25
Gd,1,398.7840,80
Yb,1,398.7990,99
Eu,2,398.8240,19
La,2,398.8520,98
Zr,3,398.8538,12
Sr,3,398.8667,44
Sc,2,398.9056,70
Ce,2,398.9440,44
Sr,1,398.9593,41
Pr,2,398.9680,95
Ti,1,398.9759,96
Cr,1,398.9978,24
Sm,2,399.0000,91
Nd,2,399.0103,94
B,2,399.0240,55
Xe,2,399.0330,58
U,2,399.0420,62
V,1,399.0537,45
V,1,399.0596,73
Kr,2,399.0660,32
Th,3,399.0729,54
Yb,1,399.0880,96
S,2,399.0913,70
Kr,1,399.1080,66
Cr,1,399.1114,76
Zr,2,399.1130,83
Er,1,399.1150,68
Kr,1,399.1258,55
Dy,2,399.1320,71
Au,1,399.1370,53
Lu,1,399.1380,34
Cl,3,399.1500,78
S,2,399.1530,0
Sr,3,399.1592,21
Cr,1,399.1668,30
Ag,1,399.1680,2
Yb,3,399.1740,8
Nd,2,399.1743,88
Si,2,399.1770,16
K,2,399.1800,36
Pr,2,399.1910,56
Kr,2,399.1940,32
Ir,1,399.2120,69
S,2,399.2156,0
Pr,2,399.2160,70
Sr,3,399.2250,78
Br,1,399.2363,16
Ce,2,399.2390,75
Ag,1,399.2460,3
U,2,399.2530,45
Gd,1,399.2690,71
V,1,399.2795,51
Cr,1,399.2840,22
Xe,3,399.2850,92
Ce,2,399.2910,45
Ba,3,399.3061,95
Gd,2,399.3210,35
Sm,2,399.3310,73
Ba,1,399.3399,90
S,2,399.3502,84
Kr,3,399.3520,28
Cf,2,399.3570,55
Ho,2,399.3730,46
Ce,2,399.3820,86
Cs,3,399.3870,58
Eu,2,399.3930,10
Tc,1,399.4038,39
Gd,2,399.4160,69
Sn,2,399.4300,1
Tc,1,399.4509,86
Th,2,399.4549,91
Nd,2,399.4680,90
Pr,2,399.4790,96
Ar,2,399.4792,38
Kr,1,399.4820,27
Kr,2,399.4840,74
N,2,399.5000,99
Pm,2,399.5050,74
Cm,1,399.5100,61
K,2,399.5100,67
Co,1,399.5310,93
Be,2,399.5500,27
Sc,2,399.5507,24
Ti,3,399.5525,18
Tm,2,399.5580,70
Ar,3,399.5590,70
Rh,1,399.5610,75
Ba,1,399.5655,66
La,2,399.5750,97
Pr,2,399.5830,63
Al,2,399.5838,53
Eu,2,399.5980,36
Ru,1,399.5980,51
Th,2,399.6062,43
Al,2,399.6075,36
Al,2,399.6143,50
Rh,1,399.6150,81
Ta,1,399.6171,66
Al,2,399.6182,21
Gd,2,399.6320,71
Al,2,399.6323,21
Al,2,399.6370,45
C,1,399.6488,12
Tm,2,399.6520,92
Pt,1,399.6567,11
Sc,1,399.6601,76
Dy,2,399.6690,90
C,1,399.6966,13
Na,2,399.6970,36
Tc,1,399.6974,19
Pr,2,399.7040,83
C,1,399.7136,13
Sr,1,399.7174,45
Fe,1,399.7392,63
Yb,3,399.7670,8
Na,1,399.7700,64
Gd,2,399.7760,49
Th,2,399.7865,5
Ba,1,399.7873,2
Co,1,399.7910,45
S,3,399.7924,56
Kr,2,399.7955,74
Pr,2,399.7960,57
Si,2,399.8010,11
Fe,1,399.8053,7
Al,3,399.8164,14
U,2,399.8240,36
N,3,399.8630,64
Ti,1,399.8637,96
V,1,399.8723,67
S,2,399.8757,76
Na,2,399.8780,3
Tm,3,399.8840,50
Pm,2,399.8960,99
Zr,2,399.8970,84
Pr,2,399.9120,68
Ce,2,399.9240,99
Ta,1,399.9283,37
Ac,2,399.9360,70
Tb,2,399.9400,68
Ho,1,399.9580,85
C,2,399.9890,8
B,3,400.0070,65
Pr,2,400.0170,84
Pr,3,400.0200,71
Dy,2,400.0450,99
Nd,2,400.0493,61
Kr,1,400.0720,8
Th,1,400.1058,27
K,2,400.1240,74
Gd,2,400.1260,61
Mg,3,400.1345,29
Al,3,400.1376,7
Ce,2,400.1560,10
Cs,3,400.1698,94
C,2,400.1717,4
Ir,2,400.1950,6
V,1,400.2030,0
Tb,2,400.2190,68
Ac,2,400.2230,42
Mg,3,400.2304,12
Xe,2,400.2350,60
Ho,2,400.2590,32
Tb,2,400.2590,92
Kr,3,400.2610,80
C,1,400.2976,58
Cu,1,400.3028,33
Th,2,400.3308,49
Ho,1,400.3390,73
Sm,2,400.3460,21
Os,1,400.3480,11
N,3,400.3580,81
Ta,1,400.3704,23
Eu,2,400.3710,41
Ce,2,400.3770,86
Ac,1,400.3790,3
Ti,1,400.3797,8
S,2,400.3874,70
Nd,2,400.4020,75
Er,1,400.4050,68
U,2,400.4060,36
Xe,1,400.4550,30
Ac,1,400.4639,50
In,2,400.4668,9
Tc,1,400.4689,39
Pr,2,400.4700,88
Re,1,400.4930,14
Gd,2,400.4940,41
Na,2,400.4980,26
Th,1,400.5093,9
Os,1,400.5160,12
U,1,400.5210,71
Fe,1,400.5242,78
Ac,2,400.5470,40
Tb,2,400.5470,96
Kr,2,400.5570,49
Ce,2,400.5640,45
Al,2,400.5700,7
V,2,400.5702,50
Dy,1,400.5840,81
Dy,1,400.6070,72
Te,2,400.6519,43
Cs,3,400.6544,98
Cs,3,400.6777,88
Sr,3,400.6827,17
Ta,1,400.6835,60
Cd,2,400.6867,24
Th,2,400.7019,30
Tc,1,400.7136,54
Sr,3,400.7339,78
Yb,1,400.7360,40
Nd,2,400.7430,61
Sm,2,400.7480,51
Th,3,400.7496,0
In,2,400.7583,22
Ce,2,400.7590,5
Zr,1,400.7600,65
S,2,400.7773,32
Er,1,400.7960,100
Ti,1,400.8053,8
Kr,2,400.8080,45
Er,2,400.8180,41
Th,1,400.8210,67
Gd,1,400.8330,71
Sc,2,400.8416,36
Kr,2,400.8480,24
Sc,2,400.8608,37
Pr,2,400.8690,97
W,1,400.8751,100
Na,1,400.8800,77
Gd,2,400.8910,47
Ti,1,400.8927,86
Th,1,400.9057,39
Er,2,400.9160,47
S,2,400.9361,33
Al,2,400.9580,7
Ti,1,400.9656,71
Er,3,400.9700,50
Fe,1,400.9712,18
C,2,400.9884,68
C,1,400.9930,79
Pm,2,400.9960,86
Tb,1,401.0040,74
Tm,1,401.0124,16
Ra,1,401.0300,4
Pr,2,401.0600,85
Sr,1,401.0806,48
Cu,1,401.0836,11
Dy,2,401.1290,71
Eu,2,401.1690,73
Te,2,401.1691,20
Th,1,401.1740,6
Tc,1,401.1996,76
K,2,401.2100,52
Sr,3,401.2192,5
Nd,2,401.2250,99
Zr,1,401.2250,65
Ti,2,401.2384,45
Ce,2,401.2390,99
Th,1,401.2495,74
Au,1,401.2570,7
Er,1,401.2580,93
Nd,2,401.2700,76
Pm,2,401.2720,47
Tb,2,401.2750,89
Pa,2,401.2960,65
Tb,1,401.3260,80
Ho,1,401.3500,59
Ti,1,401.3583,21
Pt,2,401.3714,48
Gd,2,401.3800,47
Dy,1,401.3820,84
Ar,2,401.3856,70
In,2,401.3920,17
Ho,2,401.4200,66
Pm,2,401.4200,64
Sc,2,401.4475,93
Fe,1,401.4531,32
Dy,2,401.4700,71
Ce,2,401.4900,86
Cs,3,401.5032,26
W,1,401.5218,67
Ac,1,401.5220,51
Ti,1,401.5374,17
La,1,401.5390,89
Pr,2,401.5390,88
Er,2,401.5570,61
Gd,1,401.5580,51
Cu,1,401.5800,23
Ce,2,401.5880,18
C,2,401.5930,49
Au,2,401.6070,9
Cm,1,401.6170,62
Kr,3,401.6250,28
Zr,3,401.6325,19
W,1,401.6524,1
Tc,1,401.6683,45
Gd,3,401.6910,3
Zr,3,401.6950,24
Tc,1,401.7223,62
Gd,1,401.7250,69
C,2,401.7278,35
K,2,401.7520,37
Zr,3,401.7572,4
Eu,2,401.7580,70
Gd,1,401.7710,77
U,2,401.7720,74
Ti,1,401.7767,23
Ho,2,401.8090,33
Mn,1,401.8100,94
Zr,3,401.8133,33
Pa,2,401.8210,68
Os,1,401.8260,13
Pr,3,401.8360,41
Cl,3,401.8500,56
Nd,2,401.8826,58
U,2,401.8990,16
Th,2,401.9129,100
Tb,2,401.9140,69
W,1,401.9227,29
Pm,2,401.9340,48
Pb,1,401.9632,90
Ac,2,401.9640,77
Gd,1,401.9730,69
Sm,2,401.9980,21
Ir,1,402.0030,39
Am,1,402.0250,6
Sc,1,402.0387,76
Tb,2,402.0470,83
Er,1,402.0510,96
Tc,1,402.0755,86
Nd,2,402.0872,88
Sr,1,402.0882,50
Co,1,402.0900,29
Pr,2,402.0960,85
Mo,1,402.1011,22
C,2,402.1167,14
Nd,2,402.1330,88
Er,1,402.1550,83
In,2,402.1580,4
Nd,2,402.1780,89
Ti,1,402.1815,36
Fe,1,402.1866,40
Tm,3,402.1920,40
Th,2,402.2096,39
C,1,402.2115,64
Ru,1,402.2160,91
Ce,2,402.2270,14
Gd,2,402.2330,47
Tm,1,402.2595,45
Cu,1,402.2629,87
Pr,2,402.2710,79
Ho,2,402.2760,33
C,1,402.2841,75
Tb,1,402.2880,63
Re,1,402.2960,22
Nd,2,402.3000,91
Ac,2,402.3090,28
Gd,1,402.3140,93
Rh,1,402.3140,62
Sc,1,402.3215,25
Sm,2,402.3230,81
Re,1,402.3310,14
Gd,1,402.3350,88
V,2,402.3378,36
Ar,3,402.3586,33
La,2,402.3590,44
Cs,3,402.3604,79
Sc,1,402.3678,76
Dy,1,402.3710,77
In,3,402.3770,73
Ru,1,402.3830,76
Ho,2,402.3940,33
He,1,402.3973,22
Zr,1,402.3980,79
Br,2,402.4040,13
Tm,1,402.4230,87
Ce,2,402.4490,82
Ti,1,402.4571,88
F,2,402.4730,96
Tb,1,402.4770,82
Nd,2,402.4785,52
K,2,402.4880,38
Zr,1,402.4920,91
F,2,402.5010,93
Ti,2,402.5129,8
Ce,2,402.5150,15
Xe,2,402.5190,38
C,1,402.5221,52
Ho,1,402.5390,60
Ir,2,402.5400,20
F,2,402.5490,94
Pr,2,402.5540,72
Tm,1,402.5615,66
La,2,402.5880,72
Hg,1,402.5950,39
Tm,3,402.6030,41
Cr,1,402.6164,10
He,1,402.6191,80
Hg,2,402.6201,14
Tm,1,402.6370,42
Mn,1,402.6440,58
Al,2,402.6500,45
Ti,1,402.6537,39
Mg,3,402.6780,30
Pr,2,402.6830,57
Ta,1,402.6944,61
Th,1,402.7009,37
Cu,1,402.7026,24
Cr,1,402.7095,8
Zr,1,402.7200,94
Ho,1,402.7210,84
Gd,1,402.7610,56
Dy,2,402.7780,61
Yb,3,402.8140,99
Gd,1,402.8150,93
Pm,2,402.8200,64
Dy,2,402.8320,68
Ti,2,402.8338,31
C,1,402.8355,64
Ce,2,402.8410,82
Xe,3,402.8560,74
Th,3,402.8629,3
S,2,402.8750,92
Ho,1,402.8860,76
Zr,1,402.8950,70
Pr,2,402.9000,57
Cd,2,402.9124,72
C,1,402.9413,83
Rb,2,402.9487,89
Pr,3,402.9600,68
Re,1,402.9630,16
Kr,1,402.9660,8
Zr,2,402.9680,63
Pr,2,402.9720,72
Te,2,402.9730,27
Ta,1,402.9940,53
Zr,1,403.0040,82
Pa,2,403.0160,71
Ce,2,403.0340,18
Sr,1,403.0377,76
Nd,2,403.0470,62
Ti,1,403.0511,44
Sc,1,403.0622,62
Ta,1,403.0668,19
Mn,1,403.0760,100
Th,1,403.0842,87
Gd,1,403.0880,89
Pb,3,403.1160,22
Ce,2,403.1340,83
Sc,1,403.1376,25
Tc,1,403.1626,100
Tb,2,403.1660,82
La,2,403.1690,96
Pr,2,403.1750,88
Cm,1,403.1760,64
C,1,403.1795,76
Ho,1,403.1800,70
Nd,2,403.1820,92
Ac,1,403.1948,59
Tm,3,403.2130,78
Hf,1,403.2266,26
Tb,1,403.2280,96
In,3,403.2320,92
Sr,1,403.2379,60
Dy,2,403.2470,69
Pr,2,403.2470,57
Zr,3,403.2476,45
Nb,1,403.2520,92
S,2,403.2779,84
Ga,1,403.2984,51
Tb,2,403.3030,97
Yb,3,403.3030,9
Mn,1,403.3070,99
O,2,403.3155,3
Sr,1,403.3191,26
C,1,403.3228,17
Re,1,403.3310,42
Gd,1,403.3490,86
Sb,1,403.3537,66
Zr,3,403.3594,34
Dy,2,403.3650,61
Ir,1,403.3760,62
Ar,2,403.3809,60
Pr,2,403.3830,92
Tm,1,403.3894,6
S,1,403.4010,22
Sc,1,403.4211,26
Pr,2,403.4330,58
Mn,1,403.4490,98
Ac,1,403.4630,88
O,2,403.5068,13
N,2,403.5080,57
Sm,2,403.5110,74
Cs,3,403.5127,3
Gd,1,403.5400,73
Ar,2,403.5460,33
V,2,403.5620,23
Mn,1,403.5730,95
Am,1,403.5810,9
Ti,1,403.5825,12
Zr,1,403.5890,79
Th,1,403.6048,95
Tb,1,403.6220,81
Dy,2,403.6320,61
Am,2,403.6370,60
Th,2,403.6565,82
La,2,403.6590,24
Zr,3,403.6782,37
Gd,1,403.6840,61
Sc,1,403.6858,26
Ac,2,403.7150,25
As,3,403.7200,62
La,1,403.7210,84
Xe,2,403.7290,64
Gd,2,403.7330,88
Re,1,403.7490,16
Sr,3,403.7516,59
Xe,2,403.7590,75
Ho,1,403.7620,73
Ce,2,403.7670,40
Kr,2,403.7800,49
Gd,2,403.7900,71
Nd,2,403.8124,40
Pr,2,403.8220,58
Mg,3,403.8255,60
Pr,2,403.8450,89
Ca,3,403.8508,50
Sr,1,403.8642,50
Mn,1,403.8730,29
Tb,1,403.8860,62
Ho,2,403.8870,46
Ac,2,403.8930,3
Cr,1,403.9091,38
Mg,3,403.9135,42
Eu,1,403.9190,76
Ru,1,403.9210,57
Tc,1,403.9246,76
Pr,2,403.9340,79
Nb,1,403.9530,63
Y,3,403.9600,53
K,2,403.9690,38
Y,1,403.9826,95
Cs,2,403.9855,93
Ir,1,404.0080,29
Y,3,404.0110,48
Hg,2,404.0457,76
Sc,3,404.0510,47
Hg,2,404.0576,59
Ce,2,404.0760,98
Nd,2,404.0796,98
Ho,1,404.0810,98
Ta,1,404.0870,46
Au,1,404.0930,92
Nd,2,404.1060,24
Th,2,404.1203,32
O,2,404.1289,13
N,2,404.1310,80
Mn,1,404.1360,97
Sr,3,404.1386,5
Ir,2,404.1410,27
Sm,2,404.1680,63
Tm,1,404.1762,14
Tc,1,404.1781,20
Os,1,404.1920,37
Dy,2,404.1980,48
Zr,1,404.2220,70
Ce,2,404.2580,87
K,2,404.2590,67
V,1,404.2630,13
Ne,1,404.2642,7
Sm,2,404.2720,74
U,1,404.2750,95
Ar,2,404.2893,85
Sm,2,404.2900,81
La,2,404.2910,97
Er,2,404.3010,41
Xe,3,404.3230,67
Th,1,404.3395,58
Cs,3,404.3424,90
Cu,2,404.3488,43
N,2,404.3530,58
Zr,1,404.3580,87
Nd,2,404.3596,62
Gd,1,404.3710,75
Cu,2,404.3752,29
Sc,1,404.3803,26
Sm,2,404.4110,14
K,1,404.4136,93
U,2,404.4410,68
Ar,1,404.4418,60
Ac,2,404.4450,14
Tm,1,404.4474,93
Zr,1,404.4560,82
Xe,2,404.4640,1
Kr,2,404.4662,71
Pr,2,404.4810,95
Xe,2,404.4900,6
V,1,404.4921,5
O,2,404.4942,3
Gd,1,404.5010,96
Sm,2,404.5050,60
Mn,1,404.5130,68
Ce,2,404.5210,10
Pm,2,404.5360,48
Co,1,404.5390,31
V,1,404.5395,2
Ho,2,404.5440,98
W,1,404.5594,67
Zr,2,404.5610,63
Pr,2,404.5700,58
Fe,1,404.5812,96
Dy,1,404.5970,99
Sm,2,404.6160,48
Ce,2,404.6340,71
Sc,1,404.6479,26
Hg,1,404.6565,99
198Hg,1,404.6572,97
Pr,2,404.6630,58
I,1,404.6637,50
Se,3,404.6700,62
Gd,2,404.6840,44
Pa,2,404.6930,74
Er,1,404.6960,91
Pr,2,404.7080,70
Gd,1,404.7090,64
Sm,2,404.7160,74
Te,2,404.7168,50
Cs,2,404.7192,75
K,1,404.7208,88
Ho,1,404.7520,74
U,1,404.7610,68
Y,1,404.7628,98
Hg,2,404.7740,27
Sc,1,404.7797,76
Hf,2,404.7960,19
Os,1,404.8050,13
O,2,404.8214,32
Cm,1,404.8290,65
Er,2,404.8340,48
Rh,1,404.8410,41
Sm,2,404.8620,7
Zr,2,404.8670,73
Mn,1,404.8760,92
Cr,1,404.8780,29
Th,3,404.8791,3
Nd,2,404.8810,62
Te,2,404.8882,29
Re,1,404.8990,34
Mn,1,404.9000,43
Rh,1,404.9040,11
Tc,1,404.9108,97
Gd,1,404.9200,65
Gd,2,404.9430,84
Er,2,404.9490,33
Cm,1,404.9650,66
Sm,2,404.9810,63
Gd,2,404.9860,93
Sc,1,404.9937,27
U,2,405.0040,96
Ac,2,405.0060,17
Xe,3,405.0070,94
S,2,405.0075,57
La,2,405.0080,76
Zr,2,405.0330,37
Gd,1,405.0370,65
Zr,1,405.0480,65
Dy,2,405.0560,90
Cu,1,405.0617,38
V,1,405.0954,61
Pr,2,405.1130,77
Nd,2,405.1145,85
Xe,2,405.1270,11
V,1,405.1349,62
Ru,1,405.1400,90
Ce,2,405.1430,5
Pm,2,405.1540,74
Mn,1,405.1730,30
Sc,1,405.1826,27
Tb,2,405.1860,60
U,2,405.1910,73
Tc,1,405.1949,55
Ce,2,405.1990,6
Yb,1,405.2280,49
Sr,3,405.2416,66
Mn,1,405.2470,38
Sr,1,405.2512,53
Sc,1,405.2600,27
Au,2,405.2790,51
Tb,2,405.2870,60
Ar,2,405.2921,76
Ti,1,405.2921,2
Ac,2,405.3060,14
Tc,1,405.3177,20
Gd,2,405.3290,75
Rh,1,405.3440,26
Ce,2,405.3510,75
Th,1,405.3528,34
Gd,1,405.3640,99
Ba,3,405.3709,90
Ti,2,405.3821,10
Ho,1,405.3930,99
Cs,2,405.3970,65
Ru,1,405.4050,78
Ra,1,405.4070,6
O,2,405.4081,13
Tb,1,405.4120,86
U,2,405.4300,16
Lu,1,405.4450,82
Ho,2,405.4480,82
O,2,405.4528,3
Sc,1,405.4544,77
Mg,1,405.4689,19
Gd,1,405.4720,88
Pr,2,405.4880,98
Ce,2,405.4990,57
Ti,1,405.5011,58
Zr,1,405.5030,91
Dy,2,405.5140,69
Pm,2,405.5200,91
Mn,1,405.5210,59
Er,2,405.5470,88
Ag,1,405.5476,91
Mn,1,405.5540,95
Zr,1,405.5710,87
Tm,1,405.5809,71
V,1,405.5906,17
Mo,1,405.6012,61
C,3,405.6060,17
Tc,1,405.6082,20
Pa,2,405.6200,89
Rh,1,405.6340,11
Cu,1,405.6380,46
Mg,3,405.6480,12
Pr,2,405.6540,98
Pm,1,405.6560,8
Kr,1,405.6570,27
Sc,1,405.6593,27
Cu,1,405.6780,46
Al,2,405.6800,8
In,2,405.6938,86
Kr,2,405.7037,91
V,1,405.7064,53
Mg,3,405.7350,71
Ac,2,405.7360,5
P,3,405.7440,45
Xe,2,405.7460,75
Mg,1,405.7505,63
Ho,1,405.7550,77
Pb,1,405.7807,99
V,1,405.7820,19
Mn,1,405.7950,68
U,2,405.8190,55
Gd,1,405.8220,99
C,2,405.8290,54
Ac,2,405.8380,20
S,2,405.8681,1
Cr,1,405.8769,19
Pr,2,405.8800,78
Sm,2,405.8870,49
Mn,1,405.8930,92
Nb,1,405.8940,100
Cl,3,405.9070,58
Th,1,405.9253,33
P,3,405.9312,95
Mn,1,405.9390,59
Er,1,405.9510,86
Nb,1,405.9510,57
Er,2,405.9780,83
Gd,1,405.9880,84
Ar,3,405.9890,25
Nd,2,405.9961,86
Ti,3,406.0208,78
Ti,1,406.0262,64
Ho,1,406.0310,74
La,1,406.0330,92
Tb,1,406.0370,86
V,1,406.0382,41
Xe,3,406.0450,98
Tm,1,406.0478,13
O,2,406.0599,54
Tm,1,406.0737,15
Nb,1,406.0790,74
Tb,2,406.0870,45
Sr,1,406.0923,51
O,2,406.1028,43
Nd,2,406.1085,100
Sc,3,406.1209,89
Gd,2,406.1300,44
Ta,1,406.1399,84
Zr,1,406.1530,76
Tb,1,406.1580,97
Ac,2,406.1600,75
Mn,1,406.1740,87
Mo,1,406.2077,94
Xe,2,406.2120,1
Pb,1,406.2136,89
Ce,2,406.2220,25
Pr,2,406.2220,59
In,3,406.2300,53
U,2,406.2540,91
Gd,2,406.2590,69
Cu,1,406.2641,96
Pr,2,406.2810,99
Hf,1,406.2840,45
O,2,406.2936,61
Ce,2,406.2940,10
Ne,2,406.2973,34
Ac,1,406.3100,89
Cu,1,406.3238,83
Gd,2,406.3390,91
Th,1,406.3407,37
Mn,1,406.3530,87
Sm,2,406.3540,60
C,1,406.3577,65
Gd,2,406.3590,65
Fe,1,406.3594,94
Tb,2,406.3890,45
V,1,406.3926,42
Ne,1,406.4036,7
Zr,1,406.4160,97
Ti,1,406.4210,53
C,1,406.4271,77
Sm,2,406.4320,21
S,2,406.4404,47
Ru,1,406.4460,63
Sm,2,406.4580,90
Ta,1,406.4630,66
La,1,406.4790,86
V,1,406.4898,63
Au,1,406.5070,95
Mn,1,406.5080,44
Ho,2,406.5090,93
Ti,1,406.5095,59
Kr,2,406.5128,91
K,2,406.5230,39
C,1,406.5246,80
I,1,406.5344,15
La,1,406.5580,63
Pt,2,406.5704,26
Pt,1,406.5918,33
Gd,1,406.6040,62
Hf,1,406.6210,8
Tb,2,406.6220,72
Co,1,406.6370,30
Os,1,406.6690,80
Sm,2,406.6740,77
C,1,406.6752,65
Cr,1,406.6933,30
Sc,1,406.7001,28
Ta,1,406.7235,37
Ce,2,406.7280,25
Ne,3,406.7350,11
Kr,3,406.7390,76
La,2,406.7390,88
Ho,1,406.7570,68
Ru,1,406.7610,39
Sc,1,406.7632,28
U,2,406.7750,69
Ta,1,406.7908,78
C,3,406.7940,48
Cs,2,406.7960,80
Mn,1,406.8000,44
Ho,1,406.8050,93
Nb,1,406.8260,57
Sm,2,406.8330,70
Gd,1,406.8350,81
Ru,1,406.8370,82
Sc,3,406.8661,96
Gd,1,406.8740,62
Cs,2,406.8781,86
Pr,2,406.8800,55
Ce,2,406.8840,52
C,3,406.8910,63
Sr,3,406.8951,52
Th,2,406.9201,89
Nd,2,406.9267,90
Cu,1,406.9530,6
Ti,3,406.9538,69
V,1,406.9621,71
O,2,406.9623,91
Mo,1,406.9881,96
O,2,406.9886,94
Ir,1,406.9920,64
W,1,406.9950,52
Ti,3,406.9992,34
Se,2,407.0200,18
C,3,407.0260,67
Mn,1,407.0280,75
Gd,2,407.0290,73
Pa,2,407.0400,92
W,1,407.0608,29
Ir,1,407.0680,33
Sr,1,407.0718,55
Sr,1,407.0805,50
Os,1,407.0860,34
C,1,407.0970,64
U,2,407.1120,53
O,2,407.1233,61
Ca,3,407.1362,26
V,1,407.1532,46
Os,1,407.1560,20
In,3,407.1570,76
Fe,1,407.1738,91
Ce,2,407.1810,92
Ho,1,407.1830,77
Ar,2,407.2004,92
Xe,2,407.2100,1
O,2,407.2157,97
Ar,2,407.2384,77
C,1,407.2643,62
Zr,1,407.2700,98
Ce,2,407.2920,23
In,3,407.2930,79
Ru,1,407.3000,40
Dy,2,407.3120,93
Ho,1,407.3130,77
Gd,2,407.3200,69
Cu,1,407.3224,38
C,1,407.3327,28
Te,2,407.3474,11
Ce,2,407.3480,97
Xe,2,407.3500,22
Ho,1,407.3510,79
Ce,2,407.3740,6
Gd,2,407.3760,47
Tm,1,407.4111,24
W,1,407.4358,99
U,2,407.4480,17
C,2,407.4520,93
Yb,3,407.4530,31
Os,1,407.4680,28
C,2,407.4845,87
Zr,1,407.4930,73
Sc,1,407.4962,62
Mg,1,407.5059,30
Nd,2,407.5116,81
Tb,1,407.5220,69
Nd,2,407.5272,68
C,2,407.5395,26
Si,2,407.5450,28
Th,1,407.5503,15
Cu,1,407.5572,51
Ce,2,407.5710,95
Pm,2,407.5840,91
Sm,2,407.5840,77
C,2,407.5850,97
Ce,2,407.5850,95
O,2,407.5862,98
C,2,407.6142,39
Sr,1,407.6147,52
Tm,3,407.6150,22
Mo,1,407.6191,42
Ce,2,407.6240,6
C,2,407.6251,15
Au,2,407.6350,11
Ti,1,407.6361,8
C,2,407.6526,26
Zr,1,407.6530,66
Ar,2,407.6628,52
Sm,2,407.6650,22
U,2,407.6690,27
La,2,407.6710,47
Ru,1,407.6730,87
Si,2,407.6780,17
Ar,2,407.6943,30
I,3,407.7140,74
Tm,1,407.7221,47
Yb,2,407.7280,72
La,2,407.7350,96
Y,1,407.7359,100
Ce,2,407.7470,53
Rh,1,407.7570,47
Nd,2,407.7620,33
C,2,407.7630,10
Cr,1,407.7679,1
Sr,2,407.7714,71
C,2,407.7778,27
Hg,1,407.7837,94
198Hg,1,407.7838,75
Er,1,407.7880,82
Dy,2,407.7960,99
Zn,2,407.8140,8
Eu,1,407.8240,41
Zr,1,407.8310,70
Ce,2,407.8320,66
Gd,2,407.8440,84
Ti,1,407.8471,77
Ce,2,407.8520,23
Sc,1,407.8564,28
Ac,2,407.8699,62
Gd,1,407.8700,99
Xe,3,407.8700,93
Xe,1,407.8820,79
O,2,407.8842,82
Bi,2,407.9072,81
La,1,407.9180,83
Mn,1,407.9240,88
Mn,1,407.9420,88
Ar,2,407.9573,61
Nb,1,407.9730,100
Pr,2,407.9770,81
Ti,3,407.9958,61
P,3,408.0084,80
Ne,1,408.0148,8
Nd,2,408.0227,68
Ho,2,408.0230,24
Zr,3,408.0267,7
Ce,2,408.0440,24
Ne,2,408.0510,14
Cu,1,408.0534,33
Sm,2,408.0560,14
Ru,1,408.0600,97
U,2,408.0600,28
Ar,2,408.0636,52
Ar,2,408.0702,24
Th,1,408.0706,26
Ba,1,408.0962,43
Pr,2,408.0980,81
Ac,1,408.1040,11
Y,1,408.1185,67
Ce,2,408.1220,74
Zr,1,408.1220,98
Er,2,408.1240,77
Tb,1,408.1240,85
W,2,408.1293,26
Na,2,408.1369,55
Re,1,408.1430,49
Mo,1,408.1440,93
Pt,1,408.1467,11
Cs,3,408.1492,83
Ca,3,408.1766,83
Ac,2,408.1770,7
Mg,1,408.1833,20
Pr,2,408.1850,90
Ar,2,408.2387,47
Sc,1,408.2387,77
C,1,408.2415,40
Kr,3,408.2430,43
Al,3,408.2450,41
Ti,2,408.2455,84
Ti,1,408.2455,63
Sm,2,408.2600,42
Rh,1,408.2780,85
Mg,3,408.2939,63
Mn,1,408.2940,92
C,1,408.2981,33
C,1,408.3161,34
Se,3,408.3200,8
Ce,2,408.3230,87
Au,2,408.3280,2
Pr,2,408.3340,81
Hf,1,408.3360,31
Ag,1,408.3430,21
Tc,1,408.3537,46
Sm,2,408.3580,22
Mn,1,408.3630,93
Mn,2,408.3660,68
Ho,1,408.3670,75
Gd,1,408.3700,81
Y,1,408.3705,96
Rb,2,408.3881,92
O,2,408.3895,68
F,2,408.3910,39
Au,1,408.4100,71
Rh,1,408.4280,7
Mo,1,408.4372,88
Sm,2,408.4400,10
Ne,3,408.4420,11
O,2,408.4652,54
Nb,1,408.4860,67
Ba,1,408.4867,63
Th,2,408.5042,86
Ho,1,408.5090,64
O,2,408.5113,87
Ce,2,408.5230,57
Pm,1,408.5310,8
Dy,1,408.5340,77
Eu,2,408.5380,63
Ru,1,408.5430,57
Gd,2,408.5560,89
Nd,2,408.5815,33
Ag,2,408.5915,30
Sc,1,408.6019,28
Pm,2,408.6100,87
Th,2,408.6520,97
Tb,1,408.6600,62
Sc,1,408.6664,29
La,2,408.6720,99
Kr,1,408.6900,8
Zr,3,408.7111,34
Sc,1,408.7150,63
O,2,408.7152,68
Pr,2,408.7210,51
Ba,1,408.7247,32
Pd,1,408.7343,56
Ba,1,408.7344,35
Sr,1,408.7344,48
Ho,1,408.7350,69
Ce,2,408.7360,18
Sr,1,408.7442,45
Sc,1,408.7474,29
Ho,1,408.7590,71
Na,2,408.7603,36
Er,1,408.7630,98
Gd,2,408.7690,41
Ac,1,408.7759,37
Rh,1,408.7790,31
S,3,408.7791,18
O,2,408.8268,13
Kr,2,408.8337,95
Ac,2,408.8441,90
Rh,1,408.8500,41
Er,3,408.8580,13
Al,3,408.8611,53
Tc,1,408.8707,97
Ce,2,408.8850,11
Ar,3,408.8891,64
O,2,408.9288,87
Am,2,408.9290,96
Am,2,408.9320,31
La,1,408.9610,90
Yb,1,408.9680,87
Mn,1,408.9940,39
U,2,409.0130,99
Gd,1,409.0410,85
Cu,3,409.0490,22
V,1,409.0568,86
Yb,3,409.0670,32
S,3,409.1170,57
Ho,1,409.1640,65
Os,1,409.1820,62
Tb,1,409.2190,63
Pt,1,409.2252,29
Sm,2,409.2270,84
Co,1,409.2390,35
V,1,409.2392,43
Ir,1,409.2610,24
V,1,409.2683,93
Gd,1,409.2710,93
Er,1,409.2900,67
O,2,409.2929,82
U,2,409.3030,62
Sc,1,409.3119,29
Hf,2,409.3160,82
V,1,409.3480,25
K,2,409.3690,52
Tc,1,409.3694,20
Gd,1,409.3720,62
Sr,3,409.4032,88
Sm,2,409.4050,23
O,2,409.4140,33
Tm,1,409.4187,100
Tb,2,409.4370,53
Mg,3,409.4375,61
Gd,2,409.4480,42
Tb,1,409.4490,69
Pb,3,409.4540,26
Th,2,409.4747,95
Ho,1,409.4780,60
Sc,1,409.4861,29
V,1,409.5475,85
O,2,409.5644,68
Tc,1,409.5668,99
Sr,1,409.6063,60
Dy,1,409.6100,78
Nd,2,409.6130,40
O,2,409.6188,33
O,2,409.6525,69
Eu,2,409.6800,47
Pr,2,409.6820,83
O,2,409.6929,14
Sr,3,409.7019,88
Ca,2,409.7100,45
Pu,1,409.7120,40
Ar,2,409.7135,11
Ta,1,409.7188,11
Bi,2,409.7200,5
O,2,409.7258,82
N,3,409.7330,96
Rh,1,409.7520,66
Th,1,409.7747,54
Ru,1,409.7790,87
Er,1,409.8100,93
Nd,2,409.8180,28
Ar,3,409.8190,34
Yb,3,409.8230,32
O,2,409.8243,62
Sc,1,409.8360,30
Pr,2,409.8400,75
Ca,1,409.8530,53
Ca,1,409.8570,54
Gd,2,409.8610,94
Kr,2,409.8729,89
Ne,2,409.8865,34
Xe,2,409.8890,64
Gd,2,409.8900,62
Th,2,409.8933,16
Cf,1,409.9120,37
S,3,409.9143,38
La,2,409.9540,74
V,1,409.9783,96
N,1,409.9940,1
Ti,3,410.0050,51
Ho,1,410.0220,75
Gd,1,410.0260,85
Os,1,410.0300,8
Sc,1,410.0313,30
Xe,2,410.0340,31
Th,1,410.0341,87
Nb,1,410.0400,78
Sc,1,410.0525,30
Er,2,410.0560,61
Pr,2,410.0720,99
Nb,1,410.0920,99
W,2,410.1001,10
Te,2,410.1045,45
Au,1,410.1700,53
H,1,410.1734,95
Ru,1,410.1740,60
In,1,410.1745,98
Ce,2,410.1770,58
Si,3,410.1860,10
Pu,1,410.1960,41
Mo,1,410.2149,60
V,1,410.2149,78
I,1,410.2221,62
Y,1,410.2364,100
Si,3,410.2420,50
W,1,410.2702,68
Tm,1,410.2727,33
Si,1,410.2936,45
O,2,410.3001,62
F,2,410.3070,79
Xe,2,410.3100,6
V,1,410.3204,59
F,2,410.3220,56
Dy,2,410.3300,95
N,3,410.3430,84
F,2,410.3510,87
F,2,410.3710,72
Ar,2,410.3832,73
Ho,1,410.3840,100
Dy,1,410.3870,89
F,2,410.3870,58
Tb,2,410.3900,54
Ar,2,410.3912,89
Sm,2,410.4130,14
Cu,1,410.4218,41
Cl,3,410.4230,29
Rb,2,410.4284,91
V,1,410.4377,44
Re,1,410.4420,22
O,2,410.4723,76
V,1,410.4767,51
Cl,1,410.4790,2
Cr,1,410.4859,2
La,1,410.4870,81
Xe,2,410.4950,45
O,2,410.4993,85
Ce,2,410.5000,19
Ta,1,410.5021,47
Ho,1,410.5040,60
V,1,410.5157,96
Mn,1,410.5360,30
Tb,1,410.5370,95
Sr,3,410.5629,89
Tm,1,410.5841,100
Pu,2,410.5950,83
O,2,410.6019,14
U,2,410.6380,45
Y,1,410.6384,55
Ho,1,410.6500,78
Hf,1,410.6553,12
Nd,2,410.6582,24
Cl,3,410.6830,31
Eu,1,410.6880,51
O,2,410.7091,54
Sm,2,410.7280,78
Ho,1,410.7360,57
Ce,2,410.7420,64
Lu,1,410.7440,26
Mo,1,410.7462,84
Rh,1,410.7490,31
Tm,1,410.7930,68
Sr,3,410.7975,52
Hg,1,410.8054,86
198Hg,1,410.8058,47
V,1,410.8196,7
Cs,2,410.8237,11
Ir,2,410.8300,29
Zr,1,410.8400,66
Th,2,410.8420,93
Kr,1,410.8430,28
Ho,1,410.8620,98
O,2,410.8753,14
Nd,2,410.9073,94
Xe,3,410.9080,91
F,2,410.9160,59
Kr,2,410.9248,74
Sm,2,410.9400,42
Nd,2,410.9455,98
Xe,1,410.9709,73
V,1,410.9757,95
V,1,410.9817,50
Ca,2,410.9820,49
Tl,3,410.9850,90
N,1,410.9950,13
Xe,3,411.0050,54
Sm,2,411.0190,22
O,2,411.0198,25
Tc,1,411.0221,77
Ca,2,411.0280,32
Sn,2,411.0300,30
Xe,2,411.0410,38
Nd,2,411.0472,73
V,1,411.0539,51
Co,1,411.0540,32
Pb,2,411.0760,23
O,2,411.0786,69
Y,1,411.0805,63
Re,1,411.0890,49
Mn,1,411.0900,67
Pu,1,411.1070,42
Sn,2,411.1300,31
Dy,2,411.1340,89
Ce,2,411.1390,19
Gd,2,411.1440,55
V,1,411.1779,100
Ag,2,411.1888,7
V,1,411.1978,57
Mg,3,411.1992,64
Ho,1,411.2000,81
Os,1,411.2020,84
O,2,411.2022,69
Eu,2,411.2040,52
K,2,411.2140,39
Xe,2,411.2140,38
V,1,411.2321,7
Tb,1,411.2500,74
Lu,1,411.2670,52
Ti,1,411.2708,79
Ho,1,411.2720,57
Ru,1,411.2740,93
Th,1,411.2754,92
Ar,2,411.2815,89
Mg,3,411.2835,43
V,1,411.3058,39
Zn,1,411.3210,46
Cm,1,411.3290,67
Pb,2,411.3350,19
V,1,411.3507,57
Hf,2,411.3530,23
Na,2,411.3704,69
Kr,2,411.3730,16
Ac,1,411.3769,77
Nd,2,411.3826,46
O,2,411.3835,44
Ac,2,411.3860,9
Pr,2,411.3890,63
Sm,2,411.3900,42
O,2,411.4502,3
Pu,1,411.4910,43
K,2,411.4990,68
Tc,1,411.5077,97
V,1,411.5178,98
Ce,2,411.5370,53
Si,3,411.5500,11
Th,1,411.5759,19
Ir,1,411.5780,32
U,2,411.6100,89
Xe,1,411.6115,76
Rh,1,411.6330,47
Er,1,411.6360,76
V,1,411.6472,94
F,2,411.6540,40
V,1,411.6547,63
Th,2,411.6714,92
Ho,1,411.6730,78
Nb,1,411.6900,69
Ne,3,411.6940,4
Ce,2,411.7010,19
Ce,2,411.8140,80
Kr,2,411.8140,49
V,1,411.8177,35
Pr,2,411.8460,97
Fe,1,411.8545,48
Er,1,411.8550,77
Sm,2,411.8550,96
V,1,411.8625,46
Pt,1,411.8675,72
Co,1,411.8770,80
Ce,2,411.9020,19
Ti,3,411.9140,78
F,2,411.9210,25
O,2,411.9215,96
Yb,2,411.9250,79
Tc,1,411.9274,62
Eu,2,411.9300,32
Zn,2,411.9390,10
V,1,411.9444,58
Tm,1,411.9475,27
Rh,1,411.9680,62
Ce,2,411.9790,33
Ce,2,411.9880,33
Tb,1,411.9920,70
Mo,1,412.0093,81
Sr,3,412.0119,44
Ho,1,412.0200,96
O,2,412.0280,82
Hg,2,412.0440,76
V,1,412.0526,46
O,2,412.0544,62
He,1,412.0815,59
Ce,2,412.0830,58
Yb,3,412.1060,18
Cs,2,412.1183,13
Co,1,412.1320,86
Sm,2,412.1360,42
Zr,1,412.1460,79
O,2,412.1462,62
Y,3,412.1610,24
Re,1,412.1640,28
Rh,1,412.1680,89
Bi,1,412.1704,57
Cu,1,412.1740,24
Cr,1,412.1816,29
B,2,412.1933,98
Hg,3,412.2070,94
Lu,1,412.2490,71
Sm,2,412.2510,22
Na,2,412.3082,62
V,1,412.3175,35
La,2,412.3230,99
Ce,2,412.3240,64
Cu,1,412.3287,45
Cr,1,412.3382,42
Ce,2,412.3490,65
V,1,412.3498,94
Xe,1,412.3550,30
Ti,1,412.3560,2
Nb,1,412.3810,99
Ce,2,412.3870,88
Nd,2,412.3881,62
Sm,2,412.3960,70
V,1,412.4061,25
Tc,1,412.4217,96
Os,1,412.4600,16
Dy,2,412.4630,67
Lu,1,412.4730,94
U,2,412.4730,53
Ce,2,412.4790,65
Y,2,412.4904,61
S,3,412.5291,21
Zr,3,412.5434,37
Tm,1,412.5476,39
Ho,1,412.5650,95
Zr,3,412.6381,45
Cr,1,412.6512,75
Sc,1,412.6547,30
Na,2,412.7030,14
Ho,1,412.7160,99
Ar,3,412.7190,34
Eu,1,412.7280,61
Te,2,412.7319,45
Ce,2,412.7370,89
Th,1,412.7412,20
Ti,1,412.7531,18
Ce,2,412.7740,20
Hf,2,412.7800,41
Ir,1,412.7920,12
V,1,412.8064,97
Ce,2,412.8070,0
Si,2,412.8070,86
Pb,3,412.8110,12
Pu,1,412.8120,43
Sr,1,412.8213,61
Dy,2,412.8240,56
Tc,1,412.8268,77
Y,1,412.8304,99
U,2,412.8340,54
Au,1,412.8590,54
V,1,412.8851,13
Rh,1,412.8870,91
Ir,2,412.8880,14
Os,1,412.8960,16
Dy,1,412.9120,74
Pr,2,412.9150,61
I,1,412.9211,62
Sm,2,412.9230,23
La,3,412.9240,12
O,2,412.9321,33
Ta,1,412.9378,67
Dy,2,412.9420,81
Nb,1,412.9430,88
Eu,2,412.9700,99
Cm,1,412.9710,68
Nb,1,412.9930,89
Pu,2,412.9930,84
Dy,1,413.0350,74
Gd,2,413.0370,93
Ba,2,413.0649,86
Ce,2,413.0710,66
Pr,2,413.0770,70
Si,2,413.0890,91
Th,1,413.1002,53
Xe,2,413.1010,31
Ne,1,413.1061,23
Ce,2,413.1100,62
Mn,1,413.1120,59
Kr,3,413.1330,93
Cu,2,413.1361,25
Gd,2,413.1480,44
Er,1,413.1500,87
Ar,2,413.1723,94
Lu,1,413.1790,61
Mo,1,413.1917,38
V,1,413.1991,97
Cs,2,413.2006,57
Fe,1,413.2058,80
Zr,3,413.2091,38
Gd,2,413.2280,83
Xe,3,413.2400,55
Ac,2,413.2420,16
Ba,1,413.2427,86
Cl,2,413.2500,76
Li,1,413.2560,71
Li,1,413.2620,75
Tm,2,413.2690,36
Th,2,413.2753,77
O,2,413.2800,83
Sc,1,413.2984,63
Pu,1,413.3010,44
Nd,2,413.3361,68
Re,1,413.3420,49
Pr,2,413.3610,51
Sb,2,413.3630,62
Ne,2,413.3691,55
Ce,2,413.3800,99
Dy,1,413.3850,78
Th,1,413.4068,34
Th,2,413.4113,31
I,1,413.4143,41
Gd,1,413.4160,87
V,1,413.4484,95
Ho,1,413.4540,81
Kr,3,413.4560,43
Fe,1,413.4677,29
K,2,413.4720,75
Cd,2,413.4768,86
V,1,413.4779,8
Tc,1,413.4813,39
Mn,1,413.5040,53
Yb,2,413.5090,66
Xe,1,413.5133,44
Sm,2,413.5140,16
Rh,1,413.5270,93
Nd,2,413.5330,73
Ce,2,413.5440,24
Br,2,413.5660,14
Os,1,413.5780,90
Pu,1,413.5970,45
Rb,2,413.6112,89
Ta,1,413.6198,69
Ac,2,413.6219,5
Ho,1,413.6220,97
Ca,3,413.6247,61
Re,1,413.6450,93
Eu,2,413.6590,10
La,1,413.7040,81
Eu,1,413.7070,36
Ca,3,413.7084,29
Gd,2,413.7100,55
Nb,1,413.7100,96
Ti,1,413.7284,14
Sr,3,413.7339,44
La,3,413.7430,23
W,2,413.7456,46
W,1,413.7457,52
Ce,2,413.7470,24
Ce,2,413.7650,97
Fe,3,413.7762,14
Os,1,413.7840,12
Sr,3,413.7916,21
Ac,2,413.7990,30
Ce,2,413.8100,24
Ne,3,413.8330,8
Tm,1,413.8334,93
Ce,2,413.8350,6
Tm,1,413.8387,75
Sr,3,413.9046,22
Ir,2,413.9050,16
Tc,1,413.9116,39
Ho,1,413.9340,62
Ti,3,413.9424,43
Nb,1,413.9440,78
Ac,1,413.9650,40
Nb,1,413.9710,97
Tc,1,413.9849,66
Pu,1,414.0040,46
Br,2,414.0200,15
Th,2,414.0235,62
Sc,1,414.0272,63
Hg,3,414.0340,50
Pm,2,414.0460,65
Sb,2,414.0540,40
In,2,414.0588,23
Mg,3,414.0688,43
O,2,414.0703,4
In,2,414.0854,23
Am,1,414.0960,13
Eu,2,414.1020,11
Mn,1,414.1060,44
Pu,2,414.1200,85
Pr,2,414.1220,95
U,2,414.1220,62
Tc,1,414.1267,46
Cu,2,414.1297,5
In,2,414.1458,41
Cd,2,414.1493,58
Dy,2,414.1500,66
Eu,2,414.1720,41
La,2,414.1740,86
O,2,414.1933,44
Xe,3,414.1990,60
O,2,414.2065,44
Ho,1,414.2190,75
S,2,414.2256,92
O,2,414.2268,25
Al,3,414.2370,43
Ce,2,414.2400,80
Pr,3,414.2460,41
Th,2,414.2474,10
Th,2,414.2701,89
Y,1,414.2841,99
Ne,3,414.2880,43
Er,2,414.2910,77
Dy,2,414.3100,85
Pr,2,414.3110,99
Nb,1,414.3210,74
O,2,414.3324,14
Fe,1,414.3414,57
Tb,1,414.3510,72
O,2,414.3516,44
Mo,1,414.3550,97
O,2,414.3736,45
He,1,414.3761,38
Fe,1,414.3868,86
Ac,2,414.4150,9
Ru,1,414.4160,93
Re,1,414.4360,83
Tb,2,414.4410,94
Pr,3,414.4480,56
Ce,2,414.4490,49
Tc,1,414.4950,95
Ce,2,414.5000,74
S,2,414.5067,94
Tc,1,414.5080,90
Kr,2,414.5122,89
Ru,1,414.5740,77
Xe,3,414.5740,94
O,2,414.5907,25
Tm,1,414.5910,18
Dy,1,414.6060,91
O,2,414.6076,55
Ce,2,414.6230,62
C,1,414.6264,46
Pr,2,414.6500,63
Zr,3,414.6645,20
Ru,1,414.6770,49
S,2,414.6910,70
Ne,3,414.6970,8
C,1,414.6971,18
Bk,2,414.7130,89
B,3,414.7250,26
Sc,1,414.7378,31
Mg,3,414.7487,13
Mn,1,414.7530,30
Tc,1,414.7615,21
Ca,3,414.7683,17
Sm,2,414.7710,28
Pr,3,414.7850,41
Ta,1,414.7891,70
C,1,414.7976,34
Th,2,414.8182,28
I,1,414.8415,29
Pr,2,414.8440,63
Mn,1,414.8800,45
Gd,1,414.8860,65
Ce,2,414.8900,26
Mo,1,414.8937,50
Ho,1,414.8970,79
Mo,1,414.8975,50
Ar,3,414.9030,25
Na,2,414.9070,21
Yb,1,414.9070,90
Tm,1,414.9144,79
K,2,414.9190,75
Zr,2,414.9200,92
In,2,414.9630,74
Ce,2,414.9790,53
Sm,2,414.9830,78
Al,3,414.9915,83
Ce,2,414.9940,89
Re,1,414.9960,23
Th,2,414.9987,63
Yb,3,415.0040,9
Nb,1,415.0120,90
Al,3,415.0173,84
Ne,3,415.0190,18
In,2,415.0240,19
S,1,415.0370,35
Ne,2,415.0689,55
Ce,2,415.0910,53
Ti,1,415.0959,34
Pu,1,415.1090,46
Er,1,415.1110,99
Cs,2,415.1272,71
Pu,1,415.1450,47
Eu,2,415.1520,11
Eu,2,415.1640,33
Cs,2,415.1732,26
Ce,2,415.1970,94
La,2,415.1970,92
Cs,3,415.1998,64
Xe,3,415.2040,11
Sm,2,415.2210,88
Ne,3,415.2280,8
Sc,1,415.2341,63
Nb,1,415.2580,98
S,1,415.2604,63
Ho,2,415.2610,90
Zr,1,415.2640,66
Tm,1,415.2732,2
La,2,415.2780,69
Pb,2,415.2820,54
Ac,2,415.2880,0
S,2,415.3064,96
Yb,3,415.3110,18
Ce,2,415.3130,11
O,2,415.3298,85
Sm,2,415.3330,59
Zr,3,415.3366,1
C,1,415.3374,26
Ca,3,415.3565,66
Cr,1,415.3813,71
U,1,415.3970,93
Lu,1,415.4080,76
Rh,1,415.4370,75
Kr,3,415.4460,93
Fe,1,415.4498,11
Sc,1,415.4736,31
Sm,2,415.5220,61
Mo,1,415.5284,60
Pu,1,415.5460,48
Ir,1,415.5700,14
Tl,3,415.5750,37
Nd,2,415.6083,99
Ar,2,415.6085,40
Zr,2,415.6240,49
Nd,2,415.6265,73
C,2,415.6330,88
Mg,3,415.6475,44
Pr,2,415.6500,51
Th,2,415.6516,55
O,2,415.6530,55
U,1,415.6650,64
Fe,1,415.6798,14
Mo,1,415.7399,44
La,1,415.7520,45
Y,1,415.7624,70
S,1,415.7699,51
Eu,1,415.7724,29
Pb,1,415.7814,32
Mo,1,415.7899,4
Xe,2,415.8040,75
C,1,415.8340,20
Sr,1,415.8526,65
Tb,1,415.8530,82
Ar,1,415.8590,79
Cs,3,415.8601,77
Tm,1,415.8601,79
Lu,1,415.8980,19
Ce,2,415.9030,58
Mg,3,415.9041,13
Pu,2,415.9390,86
Ti,1,415.9637,18
V,1,415.9680,48
I,1,415.9850,5
Kr,3,416.0210,28
La,1,416.0260,80
Nd,2,416.0570,53
Zr,3,416.0826,40
Cu,2,416.1140,29
Zr,2,416.1210,64
Sc,1,416.1695,31
Sr,2,416.1796,21
Sc,1,416.1847,31
Xe,2,416.2160,58
S,2,416.2306,57
Hf,2,416.2360,41
S,2,416.2665,98
Yb,3,416.2720,68
Gd,2,416.2730,65
C,3,416.2860,21
Ho,1,416.3030,99
Gd,2,416.3090,45
Cs,3,416.3251,56
Nb,1,416.3470,90
Ce,2,416.3520,33
Te,2,416.3551,34
Cr,1,416.3619,52
Ti,2,416.3644,65
Th,2,416.3647,2
Nb,1,416.3660,99
U,2,416.3680,37
Pr,2,416.4160,97
Ar,1,416.4180,61
Ca,3,416.4310,63
Kr,1,416.4480,9
Pt,1,416.4549,74
Nb,1,416.4660,98
Fe,3,416.4731,35
Sn,2,416.4800,2
Ne,1,416.4808,8
S,2,416.5100,48
Mg,1,416.5101,36
Sc,1,416.5187,64
Zr,3,416.5295,14
Tc,1,416.5609,98
Ce,2,416.5610,94
Ti,3,416.5721,0
Th,1,416.5766,52
Ba,2,416.6001,56
Ir,1,416.6040,6
Zr,1,416.6360,79
Fe,3,416.6840,4
Ce,2,416.6880,72
Gd,2,416.7160,45
Mg,1,416.7271,74
Kr,1,416.7280,43
Tc,1,416.7424,55
Ru,1,416.7510,85
Y,1,416.7513,98
Pu,1,416.7770,49
Ce,2,416.7800,20
Dy,1,416.7970,98
Nd,2,416.8000,63
Pb,1,416.8033,86
Pr,2,416.8040,64
Nb,1,416.8130,98
S,2,416.8370,76
Ac,2,416.8400,88
Th,2,416.8634,10
W,2,416.8730,17
He,1,416.8967,25
Tb,1,416.9090,64
Se,3,416.9100,98
Ac,2,416.9120,2
O,2,416.9225,69
Tb,1,416.9320,65
Ce,3,416.9420,21
Pr,2,416.9450,59
Sm,2,416.9480,78
Tc,1,416.9680,77
Ce,2,416.9770,38
Te,2,416.9770,59
Pd,1,416.9839,48
Cr,1,416.9841,5
Ce,2,416.9880,38
Tc,1,417.0274,92
Re,1,417.0400,26
Po,1,417.0520,91
Th,1,417.0533,65
Pu,1,417.0950,49
Xe,2,417.0990,7
Ti,1,417.1017,3
Tb,1,417.1050,65
W,1,417.1174,29
Zr,3,417.1353,20
Sc,1,417.1534,32
Sm,2,417.1570,43
U,2,417.1590,96
Kr,3,417.1790,81
Pr,2,417.1820,85
Cu,2,417.1851,8
Ti,2,417.1904,56
Dy,1,417.1930,78
Na,2,417.1930,47
Ga,1,417.2042,59
Pr,3,417.2150,42
Sn,2,417.2200,3
Ho,1,417.2230,68
Pr,2,417.2250,89
La,1,417.2320,57
Kr,2,417.2510,40
Tc,1,417.2532,94
Ir,1,417.2560,20
Os,1,417.2570,16
Tb,1,417.2600,66
Eu,2,417.2800,59
Tb,1,417.2820,66
Kr,1,417.2830,28
Zr,3,417.2870,43
Na,2,417.2880,47
Yb,3,417.2950,55
Ho,1,417.3230,98
Os,1,417.3230,84
Tb,1,417.3470,70
Cs,3,417.3543,76
Ar,3,417.3690,13
S,2,417.4002,82
V,1,417.4007,1
Na,2,417.4130,42
Y,1,417.4133,97
Fe,3,417.4259,8
S,2,417.4265,92
Mn,2,417.4320,45
Hf,1,417.4348,93
Ne,1,417.4367,23
Yb,1,417.4560,62
Eu,2,417.5160,12
Xe,1,417.5170,20
Ta,1,417.5206,67
Ne,1,417.5220,22
Se,2,417.5300,68
Pr,2,417.5320,61
Ne,1,417.5488,1
Gd,1,417.5540,98
W,2,417.5588,36
Nd,2,417.5606,85
Pr,2,417.5620,62
Os,1,417.5630,72
Ca,3,417.5652,62
Cr,1,417.5949,10
N,2,417.6160,41
Pa,2,417.6180,77
Tc,1,417.6276,77
Xe,3,417.6530,78
Ti,3,417.6540,0
Mn,1,417.6600,60
Ce,2,417.6700,41
Na,1,417.6700,84
Gd,3,417.7260,11
Nd,2,417.7321,98
Sc,1,417.7466,32
La,1,417.7480,70
Y,2,417.7528,96
Cu,1,417.7758,57
Ta,1,417.7919,37
Ra,1,417.7980,50
Sm,2,417.8020,49
Th,2,417.8060,81
Mo,1,417.8276,44
Pu,2,417.8280,86
P,2,417.8480,7
Pr,2,417.8630,51
Nd,2,417.8640,24
Ge,3,417.8960,95
Cr,1,417.9256,48
Te,2,417.9286,41
Ar,2,417.9297,33
Ba,1,417.9349,45
Pr,2,417.9390,100
V,1,417.9408,63
Cu,2,417.9512,15
Kr,2,417.9580,40
Nd,2,417.9585,80
Br,2,417.9630,70
Th,2,417.9715,81
Pr,3,417.9770,64
Th,2,417.9960,26
Ac,1,417.9980,100
Xe,2,418.0100,97
S,2,418.0634,6
Yb,2,418.0810,94
Se,2,418.0900,88
Tm,1,418.0902,19
Ce,2,418.1080,41
Sm,2,418.1100,59
Ta,1,418.1152,49
Fe,1,418.1754,49
Ar,1,418.1884,61
Eu,1,418.2220,73
Ir,1,418.2470,16
V,1,418.2582,48
Re,1,418.2900,43
Ar,3,418.2967,88
Re,1,418.3060,43
Ac,1,418.3119,95
Ir,1,418.3210,6
Zr,1,418.3320,66
Sm,1,418.3330,55
Si,2,418.3350,11
Dy,1,418.3720,90
Sm,2,418.3760,59
Os,1,418.4130,8
Ac,1,418.4170,18
Pr,3,418.4180,69
Ca,3,418.4201,67
Gd,2,418.4250,94
Lu,2,418.4250,66
Nb,1,418.4440,70
Kr,1,418.4473,66
Fe,1,418.4891,3
Nd,2,418.4980,36
Kr,2,418.5110,60
Ce,2,418.5330,41
Sr,1,418.5424,64
O,2,418.5449,87
Ag,2,418.5475,21
Na,1,418.5500,91
Ir,1,418.5660,8
Pm,2,418.5740,49
Mo,1,418.5819,76
S,2,418.5917,48
Ac,1,418.6050,41
Ti,1,418.6118,68
Tb,1,418.6210,66
K,2,418.6240,82
Sc,1,418.6421,32
Tc,1,418.6506,67
Ce,2,418.6600,100
Dy,1,418.6820,99
C,3,418.6900,71
Fe,1,418.7039,50
Tb,1,418.7160,75
Ce,2,418.7320,66
La,1,418.7320,94
Cs,2,418.7546,21
Zr,1,418.7560,89
Sc,1,418.7605,32
Tm,1,418.7615,99
Fe,1,418.7795,52
Ac,2,418.8080,8
Am,2,418.8120,77
Sm,2,418.8130,84
Mo,1,418.8323,96
U,2,418.9270,17
Pr,2,418.9480,98
S,2,418.9676,76
Bk,2,418.9690,91
Ac,2,418.9750,58
O,2,418.9789,91
V,1,418.9838,58
Th,3,418.9878,7
Pu,2,418.9900,87
Os,1,418.9910,47
Er,2,418.9980,48
Mn,1,418.9990,53
Pu,2,419.0060,88
As,2,419.0082,88
Er,1,419.0700,92
Co,1,419.0710,20
Ar,1,419.0713,68
Si,2,419.0720,60
Gd,1,419.0780,98
Nb,1,419.0880,92
Dy,1,419.0940,72
Tm,1,419.0975,43
Ar,1,419.1029,62
Gd,2,419.1070,73
Ti,3,419.1091,51
Cr,1,419.1271,55
Fe,1,419.1430,37
V,1,419.1516,58
Pr,2,419.1600,83
Gd,1,419.1630,87
Dy,1,419.1640,95
Ce,3,419.1700,5
Sm,2,419.1930,43
Nb,1,419.2070,90
Ti,3,419.2141,1
La,2,419.2360,74
Pt,1,419.2423,61
O,2,419.2518,45
Sr,1,419.2777,65
Pm,2,419.2920,75
Xe,1,419.3010,44
Th,1,419.3016,6
Rb,2,419.3076,95
Ce,2,419.3090,68
Sr,1,419.3148,47
Xe,2,419.3150,92
Cs,3,419.3238,46
Ce,2,419.3280,45
Br,2,419.3450,16
Mg,2,419.3482,7
S,2,419.3493,57
Zr,3,419.3502,41
Sc,1,419.3528,33
Xe,1,419.3528,87
Ce,2,419.3870,45
Ra,2,419.4090,66
Yb,3,419.4340,44
Ho,1,419.4350,91
Ac,1,419.4399,93
Mo,1,419.4562,60
Pm,2,419.4700,49
Zr,1,419.4760,80
B,2,419.4792,75
Ce,3,419.4830,21
Dy,1,419.4840,98
Xe,3,419.4870,24
Yb,3,419.4950,69
Nb,1,419.5090,91
Sb,2,419.5170,42
Dy,2,419.5190,48
Eu,2,419.5360,20
Ra,2,419.5560,26
Nb,1,419.5660,94
N,3,419.5760,47
Eu,2,419.6180,20
Pu,2,419.6200,89
Ce,2,419.6340,73
Rh,1,419.6500,79
La,2,419.6550,93
O,2,419.6701,25
Tb,1,419.6740,85
Pr,3,419.7010,75
Zr,3,419.7309,15
As,2,419.7400,75
Bk,2,419.7440,93
Ir,1,419.7540,12
Ru,1,419.7580,72
Gd,2,419.7680,59
Xe,2,419.7810,11
Ce,2,419.8000,26
Dy,1,419.8020,88
Ho,1,419.8080,58
Ne,1,419.8102,24
Si,2,419.8130,50
Fe,1,419.8304,32
Ar,1,419.8317,77
Nb,1,419.8510,70
Ne,3,419.8610,4
Ce,2,419.8670,26
Ce,2,419.8720,83
Ac,1,419.8721,56
Yb,3,419.8740,10
Ar,3,419.8830,25
Ru,1,419.8880,72
Zr,1,419.9090,87
Fe,1,419.9095,74
Y,2,419.9273,46
Sm,2,419.9450,19
Ne,3,419.9590,18
Ru,1,419.9900,99
Tm,2,419.9920,74
Ti,3,420.0061,69
N,3,420.0100,67
Ar,1,420.0674,80
Tb,2,420.1000,77
Au,1,420.1130,55
Pr,2,420.1170,67
Pt,1,420.1210,19
Ce,2,420.1240,15
Xe,2,420.1250,22
Dy,1,420.1300,87
Kr,2,420.1420,50
Os,1,420.1450,16
Zr,1,420.1460,88
Nb,1,420.1520,74
Sr,1,420.1534,61
Ti,3,420.1662,35
Mn,1,420.1760,39
Rb,1,420.1792,96
Ac,1,420.1920,53
Ar,2,420.1971,39
Fe,1,420.2029,75
Os,1,420.2060,34
Sr,1,420.2209,55
Dy,1,420.2240,87
Sr,1,420.2522,31
Na,2,420.2764,36
Ac,2,420.2790,1
Ne,3,420.2920,18
Sm,2,420.2920,67
Ce,2,420.2940,87
Sm,2,420.3050,86
Ho,1,420.3210,62
Ti,3,420.3410,43
Ti,1,420.3459,3
Zr,3,420.3547,38
Cr,1,420.3589,44
V,1,420.3615,22
I,1,420.3709,2
Tm,1,420.3727,99
Tb,1,420.3740,95
Sr,1,420.3780,47
Xe,3,420.3890,60
La,2,420.4040,71
Sc,1,420.4518,33
Ca,3,420.4611,36
Y,2,420.4692,64
Gd,2,420.4860,68
Na,1,420.4900,81
Ti,3,420.4916,70
Eu,2,420.5050,100
Dy,1,420.5060,69
In,2,420.5063,52
Sc,1,420.5197,33
Nb,1,420.5310,91
Er,1,420.5320,58
Mn,2,420.5375,45
Xe,1,420.5404,30
Nd,2,420.5595,69
Ac,1,420.5700,22
Ta,1,420.5876,76
Tm,2,420.6000,48
Ru,1,420.6020,91
Sm,2,420.6130,69
Ca,2,420.6180,38
Mn,2,420.6368,69
Ta,1,420.6404,47
Pu,1,420.6480,50
Tb,1,420.6490,92
Dy,2,420.6540,54
Hf,2,420.6580,44
Rh,1,420.6620,47
Sm,2,420.6620,20
Pr,2,420.6720,98
W,1,420.7052,1
F,2,420.7150,15
Ca,3,420.7235,77
Ne,3,420.7320,30
Ti,3,420.7491,70
Cm,2,420.7660,98
Pu,1,420.8230,51
Pr,2,420.8320,82
Xe,2,420.8480,89
Na,2,420.8720,14
Th,2,420.8891,88
Ac,1,420.8910,72
Zr,2,420.8980,74
Ce,2,420.9410,25
Xe,2,420.9470,75
K,2,420.9490,40
Xe,3,420.9580,67
Cl,1,420.9670,15
Ac,2,420.9690,61
C,1,420.9710,17
Cr,1,420.9755,22
I,1,420.9819,10
V,1,420.9852,64
C,1,420.9905,17
Ti,3,421.0133,19
Fe,1,421.0343,10
Sm,2,421.0350,69
Th,1,421.0765,24
Th,1,421.0923,90
Ag,1,421.0960,93
C,1,421.1115,47
Rh,1,421.1140,95
Dy,1,421.1240,82
Nd,2,421.1286,69
Ho,2,421.1300,19
Te,2,421.1312,12
Ag,2,421.1528,4
Ca,3,421.1609,37
C,1,421.1613,34
Cm,1,421.1620,69
Dy,1,421.1720,100
Mn,1,421.1750,39
C,1,421.1817,47
Os,1,421.1860,84
Pr,2,421.1860,68
Cu,2,421.1865,11
Zr,2,421.1880,38
Tm,1,421.1980,1
Gd,2,421.2000,85
Sr,1,421.2036,71
Ru,1,421.2060,96
Sc,1,421.2318,33
C,1,421.2342,72
Sc,1,421.2481,34
Cs,3,421.2753,67
Ag,1,421.2814,79
Pd,1,421.2954,76
In,2,421.3010,67
Y,1,421.3018,64
C,1,421.3074,46
Cs,2,421.3142,87
Ca,3,421.3144,62
Dy,1,421.3180,94
Sr,1,421.3230,56
Ti,3,421.3257,70
Ce,3,421.3260,6
Tb,1,421.3500,75
S,2,421.3517,1
Y,1,421.3524,43
Yb,3,421.3640,83
In,2,421.3660,58
Xe,2,421.3720,89
Os,1,421.3860,8
Zr,1,421.3860,80
Xe,3,421.3990,96
Ce,2,421.4040,46
Sr,1,421.4246,56
Tb,2,421.4420,60
Ru,1,421.4440,82
Xe,2,421.4690,2
Nb,1,421.4730,75
Ti,3,421.4923,52
Gd,2,421.5020,79
Tb,1,421.5090,90
Dy,1,421.5160,97
W,2,421.5471,27
Rb,1,421.5524,94
Sr,2,421.5524,54
Ti,3,421.5525,84
Xe,2,421.5600,76
Ag,2,421.5734,10
Ti,3,421.5950,52
Sc,1,421.6083,34
Fe,1,421.6184,53
Sn,2,421.6200,5
Na,2,421.6270,47
Xe,3,421.6710,34
Hg,3,421.6740,99
Ce,3,421.7130,7
Ne,2,421.7170,55
S,2,421.7179,70
Gd,2,421.7200,70
Pa,2,421.7230,95
Ru,1,421.7270,87
S,2,421.7293,41
Ar,2,421.7431,8
La,2,421.7560,75
Tb,1,421.7560,76
Ce,2,421.7590,34
Ir,1,421.7760,14
Y,1,421.7799,81
Pr,2,421.7810,69
Nb,1,421.7940,77
Ac,1,421.8020,67
Dy,1,421.8090,97
Sc,1,421.8225,34
Er,1,421.8430,94
Ti,3,421.8518,19
Yb,2,421.8560,83
Tc,1,421.8609,40
Ar,2,421.8665,39
Sb,2,421.9070,64
In,2,421.9080,39
Tb,1,421.9160,70
Fe,1,421.9360,35
Ne,2,421.9367,34
W,1,421.9372,52
Pr,3,421.9450,56
In,2,421.9700,67
Sc,1,421.9703,34
Ne,2,421.9745,92
Ca,2,422.0070,46
Ra,2,422.0240,2
Nd,2,422.0258,42
Ti,3,422.0282,19
Y,1,422.0629,88
Sm,2,422.0660,74
Ru,1,422.0680,63
Ir,1,422.0800,5
Yb,3,422.0830,10
Ne,2,422.0894,56
Er,1,422.0990,66
Eu,2,422.1080,33
Re,1,422.1080,81
Dy,1,422.1110,98
Cs,2,422.1121,70
Ti,3,422.1357,19
Sc,1,422.1848,35
Pu,1,422.1870,51
Pm,2,422.2150,50
P,3,422.2195,98
Kr,2,422.2200,40
Dy,1,422.2210,85
Fe,1,422.2213,17
Ho,1,422.2290,79
U,1,422.2370,57
C,1,422.2466,62
Ce,2,422.2600,95
Ar,2,422.2637,47
Tm,1,422.2671,93
Pr,2,422.2930,99
K,2,422.2970,76
Ti,3,422.2980,1
Xe,2,422.3000,90
Tl,2,422.3050,34
C,1,422.3159,72
C,1,422.3360,63
Ho,1,422.3470,80
Eu,2,422.3880,21
Br,2,422.3890,99
Ba,1,422.3963,60
Ne,3,422.4070,61
Ti,3,422.4127,1
Pu,1,422.4200,52
Y,1,422.4253,64
Tb,1,422.4280,71
Ti,3,422.4575,20
Bi,3,422.4670,64
Sr,1,422.4698,71
Gd,1,422.5030,72
Dy,1,422.5160,95
F,2,422.5160,60
Sm,2,422.5330,85
Kr,3,422.5350,17
Pr,2,422.5350,100
Sc,1,422.5540,35
K,2,422.5670,77
Sc,1,422.5692,35
Te,2,422.5728,47
Sc,3,422.5779,48
Gd,1,422.5850,100
Kr,3,422.5920,86
Ac,1,422.5990,74
Ne,3,422.6060,70
Rn,1,422.6060,41
Cl,1,422.6420,11
Tb,2,422.6450,80
Ge,1,422.6562,70
Kr,3,422.6580,88
V,1,422.6617,17
Th,2,422.6727,100
Ca,1,422.6730,100
Cr,1,422.6750,41
Sr,1,422.6771,57
Al,2,422.6813,59
Sr,1,422.6826,58
Al,2,422.6918,8
Xe,3,422.6970,60
Ar,2,422.6987,55
Ho,1,422.7040,97
Gd,2,422.7140,35
In,2,422.7160,49
Eu,2,422.7400,52
Al,2,422.7420,36
Fe,1,422.7426,53
Re,1,422.7460,96
Al,2,422.7492,59
Al,2,422.7545,22
Nd,2,422.7719,65
N,2,422.7740,42
Ce,2,422.7750,80
Zr,1,422.7760,98
Al,2,422.7875,8
Au,1,422.7880,55
Al,2,422.7945,22
Al,2,422.7999,60
Ca,3,422.8150,46
Ar,2,422.8158,86
C,1,422.8326,79
In,2,422.8550,49
Kr,2,422.8790,40
Tm,1,422.9058,18
Nb,1,422.9150,77
In,2,422.9230,42
Eu,2,422.9330,47
Ne,3,422.9350,76
Sc,3,422.9371,50
Ho,2,422.9520,72
Sm,2,422.9700,75
Pu,2,422.9770,89
Gd,2,422.9800,36
Ar,2,422.9869,6
Er,2,423.0200,56
Rh,1,423.0200,17
Ru,1,423.0310,73
Cu,1,423.0900,2
La,2,423.0950,67
S,2,423.0952,71
Ti,3,423.1070,52
Yb,3,423.1070,19
Ho,1,423.1240,62
Y,1,423.1302,6
Pr,3,423.1450,69
Ne,2,423.1533,35
Sc,1,423.1636,35
Ne,2,423.1636,56
Ce,2,423.1740,49
Tb,1,423.1890,71
Sc,1,423.1915,36
Yb,1,423.1970,63
Dy,1,423.2020,88
Cs,2,423.2198,86
Nd,2,423.2378,93
Hf,2,423.2440,47
Eu,2,423.2450,48
V,1,423.2456,64
Y,1,423.2541,20
Mo,1,423.2589,95
Ac,2,423.2670,16
Na,2,423.2720,37
Tb,1,423.2820,90
V,1,423.2946,37
Pr,2,423.3110,69
Na,2,423.3260,62
O,1,423.3270,1
Os,1,423.3460,14
Sc,1,423.3591,36
Fe,1,423.3603,45
Ca,3,423.3737,73
Ne,2,423.3847,75
V,1,423.4000,37
Bi,3,423.4170,57
Nd,2,423.4196,36
Ce,2,423.4210,15
Cs,2,423.4411,82
Ti,3,423.4415,35
I,1,423.4529,39
Sm,2,423.4570,66
Ac,1,423.4610,31
Er,2,423.4780,28
Xe,1,423.5030,38
Mn,1,423.5140,81
Nd,2,423.5240,43
Mn,1,423.5290,83
Tb,1,423.5350,76
Th,1,423.5463,81
Zr,3,423.5697,41
Y,2,423.5727,67
V,1,423.5758,18
Y,1,423.5929,98
Fe,1,423.5937,66
Ce,2,423.6020,0
Zr,1,423.6060,67
Pr,2,423.6150,69
Kr,2,423.6640,75
Sm,2,423.6740,88
Br,2,423.6890,17
N,2,423.6910,43
N,2,423.7050,34
Ar,2,423.7219,84
Eu,2,423.7510,53
Sm,2,423.7660,56
Sc,1,423.7799,36
Ti,1,423.7887,26
O,2,423.7930,15
Sc,1,423.8053,64
Tc,1,423.8191,94
Xe,2,423.8250,92
La,2,423.8380,94
Eu,2,423.8690,34
Gd,2,423.8780,70
Mn,2,423.8784,12
Mg,3,423.8916,30
Na,1,423.8987,13
Zr,1,423.9310,99
Mg,3,423.9468,72
Sc,1,423.9552,36
Ba,1,423.9555,55
Mn,1,423.9720,66
Nd,2,423.9840,43
Dy,1,423.9850,88
Ne,2,423.9919,35
Ce,2,423.9920,89
Sr,1,424.0010,66
Pr,2,424.0020,64
Ne,2,424.0105,56
Xe,3,424.0240,79
Zr,1,424.0340,91
Na,2,424.0370,55
Ca,1,424.0460,55
Ag,2,424.0685,11
Cr,1,424.0707,44
Al,2,424.0708,37
Ca,3,424.0742,69
Mo,1,424.0830,42
Na,2,424.0903,62
Pr,2,424.1010,92
Ru,1,424.1050,82
Zr,1,424.1200,92
Re,1,424.1390,23
W,1,424.1445,68
Tm,1,424.1528,9
Ag,2,424.1574,6
U,2,424.1670,93
Zr,1,424.1690,96
N,2,424.1780,68
Au,1,424.1800,72
Cs,2,424.1983,52
Na,1,424.2082,25
Pb,2,424.2140,44
Tm,2,424.2150,95
Cu,1,424.2260,46
Mn,2,424.2329,45
Cf,1,424.2380,40
Sr,1,424.2399,66
Mg,2,424.2445,16
Mg,2,424.2543,8
Ba,1,424.2605,48
Ce,2,424.2720,49
Na,2,424.2810,3
B,3,424.2980,71
As,2,424.2982,77
Ru,1,424.3060,82
Tm,1,424.3170,1
Na,2,424.3410,4
Pr,2,424.3510,71
B,3,424.3610,81
Ho,1,424.3780,80
Sr,1,424.3868,62
Xe,2,424.3880,12
Ti,3,424.3890,1
F,2,424.4120,26
Mn,2,424.4246,50
Kr,3,424.4330,35
W,1,424.4364,91
U,2,424.4370,69
Rb,2,424.4397,100
Xe,2,424.4410,39
Rh,1,424.4440,26
Sm,2,424.4700,66
Ra,2,424.4720,68
Eu,1,424.4740,41
Pb,2,424.4920,85
Ta,1,424.5350,49
Xe,2,424.5380,92
Ge,3,424.5410,43
Ce,2,424.5890,34
Dy,1,424.5910,83
Ce,2,424.5980,34
Mo,1,424.6018,42
Mn,3,424.6170,6
F,2,424.6230,88
Ac,1,424.6330,43
F,2,424.6390,80
Te,2,424.6469,15
Gd,2,424.6570,31
F,2,424.6590,73
Ce,2,424.6720,49
P,3,424.6720,88
Ru,1,424.6730,63
F,2,424.6770,61
Ac,1,424.6780,23
Sc,2,424.6820,87
F,2,424.6840,41
Eu,2,424.7060,34
Ti,3,424.7147,52
Nd,2,424.7367,97
Ti,3,424.7615,20
Pr,2,424.7630,91
Mn,2,424.7954,12
Th,2,424.7989,2
Pa,2,424.8080,98
Cr,1,424.8490,7
Ti,3,424.8540,61
Ce,2,424.8680,92
Cu,1,424.8956,63
Be,3,424.9140,70
Na,1,424.9410,2
Sm,2,424.9550,7
Fe,3,424.9717,1
S,2,424.9873,15
La,2,424.9990,55
Ti,3,425.0086,2
Fe,1,425.0119,61
Th,1,425.0314,84
Th,2,425.0343,55
Kr,2,425.0580,83
Ne,2,425.0647,86
Fe,1,425.0787,79
Te,2,425.1148,32
Ga,2,425.1155,45
Pt,1,425.1171,6
Ar,1,425.1185,50
Y,1,425.1201,88
Lu,3,425.1440,55
Xe,2,425.1570,64
Mn,2,425.1727,51
Gd,2,425.1730,90
Sm,2,425.1780,16
Er,2,425.1940,33
Be,2,425.2100,28
Ti,3,425.2121,53
Tm,1,425.2191,10
Nd,2,425.2440,86
Na,1,425.2520,14
Kr,2,425.2670,61
In,3,425.2680,82
Sr,1,425.2939,72
Mn,2,425.2961,51
Mn,2,425.3018,51
Be,1,425.3050,52
Ce,2,425.3370,50
Gd,2,425.3370,76
Cu,1,425.3390,38
S,3,425.3473,100
Gd,2,425.3610,70
Be,1,425.3760,45
Eu,2,425.3800,35
Na,1,425.3800,70
O,2,425.3895,70
Ga,2,425.4073,26
Ti,3,425.4114,35
Be,1,425.4120,12
O,2,425.4121,70
Cr,1,425.4352,95
Pr,2,425.4400,82
Ho,1,425.4430,95
Pu,2,425.4760,90
Kr,2,425.4850,75
Mo,1,425.4951,27
Al,1,425.5120,26
Tb,1,425.5240,83
Nb,1,425.5440,64
Cr,1,425.5500,52
Ga,2,425.5720,46
Ce,2,425.5790,72
Ga,2,425.5937,3
Ti,1,425.6026,21
Th,1,425.6254,3
Dy,2,425.6330,64
Sm,2,425.6390,97
Ca,3,425.6626,37
Ti,3,425.7045,2
S,2,425.7379,71
Th,1,425.7496,80
O,2,425.7549,15
Re,1,425.7600,52
Mn,1,425.7660,76
Ne,2,425.7802,56
Ac,2,425.7820,29
Tb,2,425.8230,80
Ti,3,425.8472,53
Sm,2,425.8580,8
Ho,2,425.8610,26
Sr,1,425.8745,38
Ru,1,425.8990,58
Cs,2,425.9002,6
Ti,3,425.9009,43
Sr,1,425.9013,54
Ir,1,425.9110,19
S,2,425.9146,62
Mn,2,425.9191,51
V,1,425.9309,40
W,1,425.9351,53
Ar,1,425.9362,78
Cu,1,425.9401,63
Bi,2,425.9413,98
Ac,2,425.9650,16
Pt,1,425.9931,1
Gd,1,426.0120,89
Fe,1,426.0474,80
Tm,1,426.0487,67
Na,2,426.0580,55
Ti,3,426.0763,20
Ge,3,426.0850,98
Os,1,426.0850,95
Ac,2,426.1101,10
Te,2,426.1112,63
Sc,1,426.1312,37
Ga,2,426.1478,4
Ti,1,426.1590,9
Ac,2,426.1669,10
Nd,2,426.1840,63
Pu,1,426.1880,53
Ti,3,426.1904,44
Ne,3,426.1980,70
Ga,2,426.2014,69
Nb,1,426.2050,89
Gd,1,426.2090,96
V,1,426.2155,18
Tc,1,426.2270,98
Sr,1,426.2320,72
La,1,426.2340,57
Ac,1,426.2420,56
Ti,3,426.2441,44
Sm,2,426.2680,90
Tc,1,426.2687,78
Ti,1,426.3133,65
Ga,2,426.3136,5
Cr,1,426.3138,59
Kr,1,426.3286,67
W,1,426.3304,2
K,2,426.3400,77
Xe,3,426.3400,55
Ce,2,426.3430,1
Hf,1,426.3450,10
Pt,1,426.3502,6
Xe,2,426.3570,12
La,2,426.3590,76
Tb,1,426.3660,72
Pr,2,426.3780,64
Ho,1,426.4050,90
Pm,1,426.4320,31
Te,2,426.4360,18
Ba,1,426.4417,62
Cl,1,426.4580,14
Cs,2,426.4702,96
Sm,2,426.5080,56
Sb,3,426.5090,91
Ra,1,426.5120,32
Ne,3,426.5220,61
Ir,1,426.5300,14
Am,1,426.5550,54
Sr,1,426.5660,62
Mn,1,426.5920,76
Nb,1,426.6020,77
Ho,1,426.6040,82
Ar,1,426.6286,69
Tb,1,426.6340,95
Cm,1,426.6450,70
Ar,2,426.6526,85
Rb,2,426.6581,78
Gd,1,426.6600,85
Nd,2,426.6716,53
Ac,1,426.6940,62
Gd,1,426.7000,80
C,2,426.7003,100
C,2,426.7258,100
S,2,426.7759,92
Ba,2,426.7920,19
Ne,1,426.8009,24
Zr,1,426.8020,74
Ne,3,426.8050,43
Ir,1,426.8100,54
Ac,2,426.8216,24
Ta,1,426.8255,49
Dy,1,426.8264,92
Kr,2,426.8570,65
V,1,426.8638,74
Kr,2,426.8810,75
C,1,426.9020,86
Pr,2,426.9090,69
Mo,1,426.9279,61
W,1,426.9382,91
La,2,426.9500,83
Os,1,426.9610,8
Tb,1,426.9690,80
Ne,1,426.9722,24
S,2,426.9724,77
Pu,1,426.9770,54
Tl,3,426.9810,83
Ti,3,426.9840,84
Xe,2,426.9840,46
Ti,1,427.0127,3
Ce,2,427.0190,72
Ne,1,427.0225,8
Eu,2,427.0240,12
Rb,2,427.0253,66
Nd,2,427.0565,33
Nb,1,427.0690,68
Ce,2,427.0720,50
Cr,1,427.1062,15
Fe,1,427.1153,66
Th,3,427.1266,1
V,1,427.1548,71
Tm,1,427.1716,88
Cs,2,427.1736,30
Fe,1,427.1760,90
Ti,3,427.1860,2
Ca,3,427.1896,62
Lu,3,427.1910,66
Bi,2,427.2000,68
Ar,1,427.2169,73
Pr,2,427.2270,90
Ti,1,427.2424,26
Xe,3,427.2580,82
Pb,3,427.2660,84
Ca,3,427.2723,16
B,2,427.2730,48
Nd,2,427.2789,53
Hf,2,427.2850,47
Li,1,427.3070,63
O,2,427.3104,33
Li,1,427.3130,67
Rb,2,427.3140,98
Pu,2,427.3340,91
Th,2,427.3357,77
Te,2,427.3429,42
Rh,1,427.3430,41
Ho,2,427.3630,20
Na,1,427.3642,28
Ca,3,427.3881,52
Na,1,427.3900,75
Pt,1,427.3922,21
Kr,1,427.3969,98
Gd,1,427.4170,69
O,2,427.4240,26
W,1,427.4548,68
Ti,1,427.4588,63
Ne,1,427.4662,8
Cr,1,427.4812,95
Tc,2,427.4970,89
Tl,2,427.4980,85
Pr,3,427.5070,69
Nd,2,427.5090,53
Cu,1,427.5107,85
Ar,2,427.5159,20
Mg,3,427.5201,14
Tb,1,427.5210,64
F,2,427.5360,63
W,1,427.5486,2
Ti,3,427.5528,20
O,2,427.5551,76
Ne,1,427.5559,24
La,2,427.5640,71
O,2,427.5994,34
Hg,2,427.6224,37
O,2,427.6281,34
Ti,1,427.6427,28
Er,2,427.6480,29
Dy,1,427.6690,70
W,1,427.6740,30
O,2,427.6748,70
Na,1,427.6787,34
Th,2,427.6807,33
Mo,1,427.6906,87
V,1,427.6951,72
Cs,2,427.7130,96
Mo,1,427.7239,92
Th,2,427.7314,95
O,2,427.7427,63
Lu,1,427.7500,61
Ar,2,427.7528,97
F,2,427.7530,42
Yb,1,427.7740,50
O,2,427.7892,45
Hg,2,427.7995,37
Ca,3,427.8209,56
Ti,1,427.8220,14
S,2,427.8500,77
Tb,2,427.8520,89
Rh,1,427.8600,41
Ce,2,427.8860,1
Ca,3,427.8890,28
Tc,1,427.8895,67
F,2,427.8930,44
Sm,2,427.9680,89
Ca,3,427.9723,60
Sc,2,427.9928,10
Sm,2,427.9940,15
Gd,3,427.9960,8
Pr,2,428.0070,79
La,1,428.0270,94
Cr,1,428.0403,56
Gd,2,428.0490,77
Sm,2,428.0790,97
Lu,1,428.1030,68
Th,2,428.1068,49
Mn,1,428.1100,73
Pu,1,428.1170,54
O,2,428.1318,34
Ti,1,428.1364,41
Th,2,428.1414,13
Ti,3,428.1563,53
Th,2,428.2041,92
Zr,1,428.2200,84
Sm,1,428.2210,93
Fe,1,428.2403,67
Pr,2,428.2420,90
Nd,2,428.2440,69
Nd,2,428.2570,33
S,2,428.2595,77
Ti,1,428.2699,57
Sm,1,428.2830,82
Ar,2,428.2897,43
O,2,428.2964,63
Kr,1,428.2967,90
Al,2,428.2970,9
Ca,1,428.3010,73
Ba,1,428.3097,90
O,2,428.3249,15
Cu,3,428.3400,37
Sm,1,428.3500,60
Sc,1,428.3549,37
Ca,3,428.3571,21
O,2,428.3727,45
V,1,428.4043,70
Mn,1,428.4080,40
Ti,3,428.4090,21
Cs,2,428.4251,11
Ru,1,428.4330,83
Pm,1,428.4370,31
Ca,3,428.4388,67
Nd,2,428.4518,82
Ce,3,428.4770,16
S,3,428.4885,97
K,2,428.4890,29
Ti,1,428.4981,47
Cd,2,428.5078,73
Tb,2,428.5130,60
Ce,2,428.5370,26
Ti,3,428.5610,70
O,2,428.5687,70
C,2,428.5704,49
Gd,1,428.5820,77
Te,2,428.5854,49
Xe,3,428.5890,91
Ti,1,428.6004,79
Gd,1,428.6120,70
Fe,3,428.6160,18
Pr,3,428.6320,57
Kr,1,428.6487,79
Ti,3,428.6516,35
Sc,1,428.6554,37
Er,1,428.6560,88
Ir,1,428.6620,12
Sm,2,428.6640,34
Na,1,428.6700,83
La,2,428.6970,87
Nb,1,428.6990,76
Ti,1,428.7403,80
Na,1,428.7838,15
Ti,2,428.7873,20
Rb,2,428.7967,93
Kr,1,428.8020,43
Pt,1,428.8051,34
Sr,1,428.8145,66
Er,3,428.8180,93
Cs,2,428.8375,92
P,2,428.8600,37
Mo,1,428.8631,94
Ce,2,428.8660,1
Ti,3,428.8660,61
K,2,428.8700,41
Rh,1,428.8710,87
O,2,428.8820,55
Ti,1,428.9070,81
Pu,2,428.9080,91
Ti,3,428.9250,2
Am,1,428.9260,91
Ca,1,428.9360,62
Ce,2,428.9440,1
Yb,3,428.9640,33
Tb,1,428.9700,76
Cr,1,428.9731,95
C,2,428.9880,27
Ce,2,428.9940,97
Er,3,429.0060,100
Ca,3,429.0069,57
Ti,2,429.0215,70
Ne,2,429.0374,57
Ne,2,429.0602,35
Pt,1,429.0899,17
Ti,1,429.0929,77
Na,1,429.1006,26
Ti,1,429.1126,28
Ba,1,429.1157,56
Re,1,429.1170,18
O,2,429.1254,63
Pa,2,429.1340,80
Br,2,429.1390,18
S,2,429.1432,48
Ge,3,429.1710,91
V,1,429.1806,60
C,2,429.1820,50
Ti,3,429.1925,36
Dy,1,429.1966,96
Cs,2,429.2002,49
In,2,429.2064,19
Mo,1,429.2130,84
Sm,2,429.2180,34
O,2,429.2211,55
Mn,2,429.2233,69
C,2,429.2410,79
Cu,2,429.2471,0
Na,2,429.2488,63
Kr,1,429.2640,47
Na,2,429.2864,63
Zn,1,429.2884,30
Kr,2,429.2923,97
Cm,1,429.3000,71
Mo,1,429.3215,88
Ru,1,429.3280,43
Sn,2,429.3300,29
Ti,3,429.3340,3
Pb,2,429.3820,32
Mo,1,429.3880,71
Os,1,429.3950,67
Rb,2,429.3971,89
Kr,3,429.4060,17
Ti,2,429.4094,78
Fe,1,429.4124,54
Sr,1,429.4148,67
Sn,2,429.4330,47
S,2,429.4398,95
W,1,429.4606,100
Ac,1,429.4620,27
Sc,2,429.4764,93
Hf,1,429.4780,50
O,2,429.4781,71
Ru,1,429.4790,49
Zr,1,429.4790,85
Kr,3,429.4830,69
Dy,2,429.4930,54
Ti,3,429.5420,61
Ca,3,429.5571,37
B,2,429.5710,49
Ti,1,429.5749,77
Cr,1,429.5749,38
C,2,429.5920,62
Ru,1,429.5930,73
Lu,1,429.5970,72
La,2,429.6050,87
Ce,2,429.6070,2
Gd,2,429.6080,65
Lu,1,429.6090,73
Cs,3,429.6097,42
V,1,429.6097,42
Mg,3,429.6355,15
Xe,2,429.6400,92
Pb,2,429.6650,28
Ce,2,429.6670,96
Ti,3,429.6702,85
Sm,1,429.6740,100
Rh,1,429.6770,47
Ce,2,429.6780,54
Fe,3,429.6850,24
Tc,1,429.7058,98
Gd,2,429.7170,36
Cs,3,429.7518,33
V,1,429.7672,29
Ru,1,429.7710,95
Cr,1,429.7733,48
Pm,2,429.7780,92
Nd,2,429.7800,40
V,1,429.8024,29
Pr,3,429.8270,42
Zn,1,429.8325,35
Tb,1,429.8360,83
Tm,1,429.8365,83
Ti,1,429.8666,86
Eu,1,429.8730,83
Er,1,429.8910,77
Pr,2,429.8980,78
Ca,1,429.8990,62
F,2,429.9170,89
Ti,1,429.9203,56
Fe,1,429.9235,57
Gd,1,429.9290,77
Ce,2,429.9360,69
Nb,1,429.9600,85
Ti,1,429.9629,65
Tb,1,429.9900,77
Ti,2,430.0042,87
Ar,1,430.0101,69
Ce,2,430.0330,81
La,2,430.0440,51
Kr,1,430.0487,83
Kr,2,430.0500,86
Cr,1,430.0503,2
Ti,1,430.0554,91
Ar,2,430.0649,52
Cs,2,430.0653,86
Nb,1,430.0990,85
Ca,3,430.1005,55
Ti,1,430.1079,92
Yb,3,430.1140,47
Cr,1,430.1174,18
Ca,3,430.1494,58
Kr,2,430.1540,55
Er,2,430.1600,56
Ir,1,430.1600,20
Bi,2,430.1697,96
Pr,3,430.1730,42
Ti,2,430.1923,50
W,1,430.2110,91
Na,2,430.2190,4
Y,1,430.2290,90
Kr,1,430.2446,55
Ca,1,430.2530,79
Ca,3,430.2804,77
O,2,430.2858,15
Zr,1,430.2890,74
Tb,1,430.2950,67
Ta,1,430.2978,58
O,2,430.3070,4
Nd,2,430.3573,100
O,2,430.3609,34
Pr,2,430.3610,67
Er,2,430.3810,29
O,2,430.3825,71
Pm,2,430.3890,51
Yb,3,430.4010,33
Re,1,430.4400,35
Nd,2,430.4450,54
Ti,3,430.4505,71
Ce,3,430.4710,7
Fe,3,430.4780,31
Sm,2,430.4940,28
K,2,430.5000,78
Ra,1,430.5000,50
Ce,2,430.5140,54
Ba,1,430.5181,29
Kr,3,430.5200,59
O,2,430.5390,26
Sr,2,430.5447,29
Pm,1,430.5640,9
Sc,2,430.5711,96
Pr,2,430.5760,96
Ti,1,430.5908,93
Yb,1,430.5970,64
V,1,430.6209,58
Ne,1,430.6251,25
Rb,2,430.6257,78
C,2,430.6330,17
Gd,1,430.6340,94
Th,2,430.6365,70
Cs,2,430.6474,17
Bi,3,430.6570,36
Cd,1,430.6672,11
Ce,2,430.6720,81
Na,2,430.6750,4
Tl,2,430.6800,99
W,1,430.6870,30
V,1,430.7173,50
Th,1,430.7176,28
Tb,1,430.7180,67
Al,2,430.7203,22
O,2,430.7233,46
C,2,430.7590,29
Ru,1,430.7600,87
W,1,430.7638,2
Ca,1,430.7740,68
Rn,1,430.7760,87
Nd,2,430.7778,24
Ti,2,430.7866,60
Fe,1,430.7902,90
Cs,2,430.7961,31
Sr,1,430.8105,73
Mn,2,430.8153,46
Bi,1,430.8360,41
Ti,1,430.8500,23
Dy,2,430.8630,82
Na,2,430.8817,63
O,2,430.8999,35
Sm,2,430.9010,81
Na,2,430.9043,63
Ar,2,430.9093,58
K,2,430.9100,79
Pt,1,430.9176,11
Ar,2,430.9239,66
Ba,2,430.9266,4
Gd,1,430.9290,62
Sc,3,430.9471,74
Nb,1,430.9560,33
Lu,1,430.9570,62
Y,2,430.9620,84
Am,2,430.9650,49
Ce,2,430.9740,50
V,1,430.9793,59
Th,2,430.9993,43
Fe,3,431.0360,41
Tb,1,431.0420,89
Ti,3,431.0481,21
Xe,2,431.0510,93
Ir,1,431.0590,18
Ho,1,431.1040,71
Ag,1,431.1074,77
Nb,1,431.1270,75
Os,1,431.1400,67
Ir,1,431.1500,49
Tb,1,431.1560,77
Ac,2,431.1640,10
O,2,431.2107,35
Ti,3,431.2163,21
Nb,1,431.2450,33
Mn,1,431.2550,40
Cs,3,431.2797,3
Sm,1,431.2850,61
Ti,2,431.2860,57
Th,1,431.2984,57
Th,1,431.2998,75
C,2,431.3100,78
Sr,1,431.3182,17
Tb,1,431.3250,84
O,2,431.3442,46
Ag,2,431.3510,25
Gd,1,431.3840,97
Hg,1,431.4050,5
Sc,2,431.4082,99
Gd,3,431.4280,4
Sb,2,431.4320,65
Ti,1,431.4344,30
Gd,1,431.4400,82
Nd,2,431.4511,69
Ti,1,431.4729,30
Ti,1,431.4800,79
Ti,2,431.4971,55
Fe,1,431.5084,56
Au,1,431.5110,80
Th,1,431.5254,37
O,2,431.5393,4
As,2,431.5657,55
La,2,431.5900,29
Gd,2,431.6050,62
Y,1,431.6303,49
Pr,3,431.6340,43
Yb,2,431.6950,67
O,2,431.7138,88
C,2,431.7260,88
O,2,431.7700,35
Kr,2,431.7810,95
Y,1,431.7863,12
Mo,1,431.7922,35
Th,2,431.8416,70
Ru,1,431.8430,64
Kr,1,431.8552,95
C,2,431.8600,74
Ti,1,431.8629,59
S,2,431.8645,77
Ca,1,431.8650,63
Pm,1,431.8800,45
Tb,1,431.8830,99
Sm,2,431.8940,96
Sr,1,431.9053,76
Sr,1,431.9220,48
Sm,1,431.9530,83
Ti,3,431.9561,36
Kr,1,431.9579,99
Ag,2,431.9590,33
O,2,431.9629,88
Ru,1,431.9870,73
Er,2,431.9940,23
Th,2,432.0126,60
Gd,1,432.0520,73
Ce,2,432.0720,68
Sc,2,432.0745,96
Te,2,432.0898,17
Na,2,432.0913,64
Gd,2,432.1110,73
Na,1,432.1400,40
C,2,432.1647,33
Ti,1,432.1654,47
Xe,2,432.1820,46
I,1,432.1839,81
Sr,1,432.1953,67
Tb,1,432.2230,92
Ne,2,432.2371,35
La,2,432.2510,82
Ne,2,432.2742,14
Kr,2,432.2980,83
Ba,1,432.3003,67
Sn,2,432.3093,0
C,2,432.3102,50
Sm,2,432.3280,63
W,2,432.3385,46
Pr,2,432.3550,55
As,2,432.3867,58
Sm,1,432.4460,61
Am,2,432.4570,84
Na,1,432.4615,45
Sc,2,432.4998,93
Mn,2,432.5047,46
Cr,1,432.5061,34
Ba,1,432.5109,49
Ti,1,432.5126,55
Li,2,432.5420,75
Li,2,432.5470,77
Li,2,432.5540,13
C,3,432.5560,52
Gd,2,432.5570,94
In,2,432.5684,66
O,2,432.5758,71
Fe,1,432.5762,94
Nd,2,432.5766,90
Mo,1,432.5802,16
C,2,432.5827,46
Tb,2,432.5830,84
Dy,1,432.5860,73
Pm,2,432.5920,65
Mo,1,432.6136,87
C,2,432.6156,62
Cs,3,432.6328,45
Nb,1,432.6330,75
Ti,1,432.6351,51
In,2,432.6375,58
Tb,1,432.6430,100
Sr,1,432.6445,46
Mn,2,432.6644,91
In,2,432.6645,58
Mo,1,432.6744,60
Ti,3,432.6824,36
Na,2,432.6980,37
Pt,1,432.7053,67
Gd,1,432.7120,97
Ac,2,432.7240,6
In,2,432.7332,63
Nb,1,432.7380,33
O,2,432.7465,46
Ti,3,432.7620,53
Bi,3,432.7870,65
Nd,2,432.7930,74
Ba,3,432.7942,63
Ca,3,432.8225,25
O,2,432.8586,35
Cu,1,432.8680,39
Os,1,432.8680,50
Se,1,432.8700,23
Er,1,432.8810,58
Tb,1,432.8900,68
Th,1,432.8915,20
Sm,2,432.9020,95
Cf,1,432.9030,44
Ca,3,432.9185,65
Eu,1,432.9360,66
Pr,2,432.9410,64
Ti,3,432.9496,21
Be,2,432.9550,45
Bk,1,432.9580,60
Gd,1,432.9580,74
In,2,432.9800,53
C,2,432.9880,71
Eu,1,432.9970,61
Sm,1,433.0020,79
V,1,433.0023,79
Sn,3,433.0200,57
Cs,2,433.0253,74
Hf,1,433.0282,13
Se,1,433.0300,10
Ce,2,433.0450,34
In,2,433.0460,53
Xe,2,433.0520,97
Eu,2,433.0610,42
Gd,2,433.0610,51
Ho,2,433.0640,49
Y,1,433.0770,73
Cm,1,433.0820,72
Eu,1,433.1175,37
O,2,433.1176,46
Ar,2,433.1199,91
Kr,2,433.1240,71
Er,1,433.1360,55
Nb,1,433.1370,76
Gd,1,433.1380,59
V,1,433.1443,24
O,2,433.1862,36
Mg,2,433.1945,23
Al,2,433.2000,9
Ar,2,433.2029,74
Pm,2,433.2050,51
Ca,3,433.2065,26
Tb,1,433.2120,93
Re,1,433.2250,35
Sr,1,433.2439,68
S,3,433.2644,92
O,2,433.2707,36
Ce,2,433.2710,35
Lu,1,433.2720,44
V,1,433.2819,81
N,3,433.2910,21
Ba,1,433.2915,61
Ag,2,433.3140,19
Be,2,433.3170,15
Kr,2,433.3340,61
Ti,3,433.3542,54
Ar,1,433.3561,70
Ca,3,433.3567,65
La,2,433.3740,99
S,2,433.3828,41
Pr,2,433.3970,95
Ne,1,433.4127,25
Sm,2,433.4150,90
O,2,433.4186,16
Na,2,433.4420,14
La,2,433.4960,9
Cf,1,433.5220,48
Ar,1,433.5338,63
Cs,3,433.5439,10
Tm,3,433.5470,41
Pr,2,433.5740,52
Rn,1,433.5780,20
Sr,3,433.5799,92
Ti,3,433.5810,3
Xe,2,433.5810,12
Cu,1,433.6000,24
Sm,1,433.6140,98
Ne,1,433.6227,9
Ce,2,433.6230,15
In,2,433.6260,42
Ac,1,433.6270,37
Tb,1,433.6430,97
Pm,2,433.6540,75
As,2,433.6640,60
Hf,2,433.6660,50
Tc,1,433.6855,46
O,2,433.6862,83
Fe,1,433.7046,23
Xe,2,433.7070,39
Ar,2,433.7070,35
Hg,2,433.7097,38
Ac,2,433.7130,21
Ho,2,433.7130,59
Pu,2,433.7180,92
Y,1,433.7275,36
Th,1,433.7277,54
Na,2,433.7294,64
Pm,2,433.7480,52
Cr,1,433.7557,94
Tb,1,433.7640,93
Sr,1,433.7664,81
Eu,1,433.7680,66
Ce,2,433.7770,89
Sr,1,433.7891,54
Ti,2,433.7914,79
Er,3,433.8240,83
Tb,1,433.8410,99
Si,3,433.8500,63
Nd,2,433.8697,76
Pr,2,433.8700,73
Ti,3,433.8712,3
Hg,1,433.9223,83
198Hg,1,433.9225,38
Ce,2,433.9310,41
Cr,1,433.9446,96
Tm,1,433.9626,10
Cr,1,433.9710,89
Bi,2,433.9800,27
Ne,2,433.9821,36
K,2,434.0030,53
Cr,1,434.0128,16
S,3,434.0230,88
O,2,434.0328,47
Ca,3,434.0343,41
Pb,1,434.0413,70
H,1,434.0472,96
Bi,2,434.0500,70
Tb,1,434.0620,96
Ra,2,434.0640,96
La,1,434.0730,46
Sr,1,434.0750,73
Er,1,434.0920,62
V,1,434.0998,86
Zr,1,434.1130,85
Gd,2,434.1280,59
Kr,2,434.1330,16
Tm,1,434.1336,28
Si,3,434.1400,51
Na,1,434.1489,30
Ne,2,434.1514,36
C,1,434.1640,61
U,2,434.1690,87
Lu,2,434.1980,15
O,2,434.2004,71
Ru,1,434.2070,73
Pm,2,434.2120,76
Gd,2,434.2180,78
C,1,434.2396,26
Rh,1,434.2440,11
Th,1,434.2444,28
Tb,1,434.2530,87
Xe,2,434.2560,2
Zr,3,434.2680,46
S,2,434.2808,22
Nb,1,434.2820,40
Ti,3,434.3246,3
Hg,1,434.3634,20
Th,2,434.3951,7
Mn,2,434.3983,91
Na,2,434.4108,64
C,1,434.4111,19
Kr,3,434.4240,54
Ti,2,434.4281,7
Gd,2,434.4300,81
Pr,2,434.4300,85
C,1,434.4309,37
Th,2,434.4327,64
O,2,434.4375,47
Cr,1,434.4502,97
Y,1,434.4635,55
Na,1,434.4736,36
Ca,3,434.4817,20
Sb,2,434.4830,21
Ar,1,434.5168,51
O,2,434.5560,88
N,3,434.5680,50
Cm,1,434.5690,73
Sm,2,434.5860,61
Ti,1,434.6103,26
Ne,2,434.6239,36
Ce,3,434.6350,31
Gd,1,434.6460,98
Tm,1,434.6484,68
Gd,1,434.6620,90
Cr,1,434.6818,45
Ho,2,434.6840,20
Al,2,434.6866,9
Al,2,434.6897,23
Al,2,434.6918,15
Rb,2,434.6959,86
O,2,434.7223,26
Gd,2,434.7310,36
O,2,434.7420,88
Pr,2,434.7490,79
Hg,1,434.7495,88
198Hg,1,434.7496,54
Ac,1,434.7510,28
Pm,1,434.7720,9
Sm,2,434.7800,86
Zr,1,434.7890,94
Ti,3,434.8040,78
Ar,2,434.8064,97
W,2,434.8113,81
Er,1,434.8340,66
Mn,2,434.8396,69
Ti,3,434.8400,4
Nb,1,434.8650,41
Y,1,434.8783,91
C,1,434.8966,26
Nb,1,434.9030,29
O,2,434.9426,97
Rn,1,434.9600,88
Ru,1,434.9700,60
Ce,2,434.9790,75
Ba,1,435.0326,83
Mo,1,435.0331,50
Pr,2,435.0400,71
Sm,2,435.0460,61
Hf,2,435.0510,42
Ho,1,435.0730,96
Yb,3,435.0800,19
Kr,2,435.1020,55
Cr,1,435.1049,88
O,2,435.1262,94
Nd,2,435.1295,80
Ir,1,435.1300,9
Kr,1,435.1360,90
Bk,1,435.1500,61
Nb,1,435.1570,68
Cr,1,435.1762,98
Mg,1,435.1906,87
Cu,3,435.1970,72
Sm,2,435.2100,61
As,2,435.2145,62
Sb,3,435.2160,98
Ar,2,435.2205,79
Ti,3,435.2282,62
Y,1,435.2322,56
Y,1,435.2404,8
Ir,1,435.2560,9
Y,1,435.2703,56
Ce,2,435.2710,69
Pu,2,435.2710,93
Fe,1,435.2734,40
Pb,2,435.2740,56
Cu,3,435.2800,96
As,2,435.2864,45
V,1,435.2865,89
Tb,2,435.3200,75
O,2,435.3594,47
Ru,1,435.4130,79
Pr,3,435.4280,33
La,2,435.4400,86
S,3,435.4516,89
Mg,1,435.4529,46
Xe,1,435.4590,20
Sc,2,435.4602,88
Cu,1,435.4740,24
La,1,435.4800,63
Pr,2,435.4910,78
Kr,3,435.4950,43
V,1,435.4968,23
Ca,1,435.5080,60
Eu,2,435.5090,77
Ta,1,435.5145,42
Cu,3,435.5240,73
C,1,435.5408,48
Kr,2,435.5477,100
U,1,435.5740,72
V,1,435.5943,53
Tb,1,435.6090,73
Hf,1,435.6306,55
Mn,2,435.6629,12
Ho,2,435.6730,55
Tb,1,435.6810,97
S,2,435.6866,22
O,2,435.7252,26
Al,3,435.7562,34
Y,1,435.7726,73
Re,2,435.7980,1
In,2,435.8000,23
Mg,3,435.8138,31
Nd,2,435.8169,86
Hg,1,435.8335,100
198Hg,1,435.8337,98
Ca,3,435.8379,63
Dy,2,435.8440,37
Tc,1,435.8491,46
Sc,1,435.8649,37
Re,1,435.8690,70
Y,2,435.8723,69
Mg,3,435.8979,44
Sc,1,435.9079,38
Ac,2,435.9130,75
Tc,1,435.9257,21
Ba,1,435.9527,36
Cr,1,435.9625,92
Zr,2,435.9740,49
Pr,2,435.9790,75
Tl,1,435.9900,14
Tm,1,435.9928,98
Tb,1,436.0160,73
In,2,436.0310,23
Ti,1,436.0482,12
Be,2,436.0663,91
Sm,2,436.0720,62
Zr,1,436.0810,74
Be,2,436.0988,93
Au,2,436.1040,52
Sm,2,436.1070,10
Ru,1,436.1210,85
Te,2,436.1285,15
B,3,436.1470,33
S,3,436.1476,94
Eu,2,436.1570,5
Kr,3,436.1660,29
Sr,1,436.1710,74
Sm,2,436.2040,78
U,1,436.2050,72
Ar,2,436.2066,49
Kr,1,436.2642,96
Sm,1,436.2910,80
K,2,436.2960,30
Cr,1,436.3129,41
Cl,1,436.3270,21
Cs,2,436.3299,93
Sm,2,436.3450,10
Tm,1,436.3455,15
Ne,1,436.3524,25
Bk,1,436.3640,62
Ti,3,436.3740,44
Pm,1,436.3920,43
Ho,2,436.3930,29
Te,2,436.4000,66
Ac,2,436.4082,2
Ag,2,436.4160,25
In,2,436.4460,39
Al,3,436.4642,44
Ce,2,436.4660,87
La,2,436.4670,47
S,3,436.4682,73
In,2,436.4870,47
Br,1,436.5139,32
Mn,2,436.5220,46
Ti,3,436.5330,22
Br,2,436.5600,100
Os,1,436.5670,23
Ne,2,436.5745,36
Th,1,436.5930,28
Y,1,436.6024,73
B,3,436.6110,57
Kr,2,436.6260,4
Ra,1,436.6300,12
Nd,2,436.6315,34
Nd,2,436.6380,34
Zr,1,436.6450,77
O,2,436.6530,16
O,2,436.6892,91
Xe,2,436.7050,39
S,2,436.7063,22
Tm,1,436.7238,62
Tb,2,436.7300,45
Pu,1,436.7410,55
Re,1,436.7580,28
Ti,3,436.7680,71
Ar,2,436.7831,69
Hf,2,436.7900,23
Sm,2,436.8030,56
V,1,436.8040,52
C,2,436.8047,50
O,1,436.8250,12
C,2,436.8260,80
Pr,2,436.8330,93
Nb,1,436.8430,58
Na,2,436.8600,55
Nd,2,436.8632,54
Tm,1,436.8648,24
Mo,1,436.9041,51
Xe,2,436.9200,76
Ca,3,436.9249,11
O,2,436.9275,56
Sr,1,436.9365,73
Er,2,436.9390,23
Eu,2,436.9470,37
Cl,1,436.9500,21
Pm,1,436.9640,32
Kr,2,436.9690,86
Gd,2,436.9770,48
Fe,1,436.9771,29
C,2,436.9857,46
Ne,2,436.9862,86
Sm,2,436.9920,8
S,2,436.9927,41
C,2,437.0661,27
Ar,2,437.0753,91
Cu,3,437.0840,75
Cl,3,437.0910,8
Hf,2,437.0970,51
Be,2,437.1100,33
As,2,437.1170,42
Kr,2,437.1250,41
Cr,1,437.1275,92
Ar,2,437.1329,87
C,1,437.1381,91
Cu,3,437.1400,77
O,2,437.1618,36
Pr,2,437.1620,70
Tb,1,437.2020,64
Eu,2,437.2200,35
Ru,1,437.2210,94
Xe,1,437.2287,44
C,2,437.2350,82
C,2,437.2490,89
Fe,3,437.2530,4
Fe,3,437.2810,22
In,2,437.2900,62
Cl,2,437.2930,70
Cs,2,437.3035,90
Rh,1,437.3040,32
V,1,437.3224,8
Cr,1,437.3255,52
Cu,3,437.3430,78
Sm,2,437.3460,49
Xe,2,437.3780,65
Ce,2,437.3820,43
Gd,1,437.3830,91
Th,1,437.4124,77
Cr,1,437.4154,59
Dy,2,437.4240,49
C,2,437.4272,94
O,2,437.4295,16
Sc,2,437.4462,98
Dy,2,437.4760,49
Th,2,437.4785,60
Rh,1,437.4800,96
Ar,2,437.4857,14
Nd,2,437.4923,70
Y,2,437.4933,99
Mn,1,437.4950,23
Sm,2,437.4980,28
C,2,437.5009,74
Nd,2,437.5039,70
Ac,1,437.5069,47
Tm,1,437.5140,42
Na,2,437.5215,56
Cr,1,437.5330,44
Y,1,437.5614,80
Ce,2,437.5920,66
Fe,1,437.5930,74
Ar,2,437.5954,80
Kr,1,437.6122,98
C,2,437.6562,78
Cu,3,437.7110,98
Rb,2,437.7119,93
Te,2,437.7119,18
Si,3,437.7630,52
Nb,1,437.7960,41
Ne,2,437.7983,57
O,2,437.8027,4
La,2,437.8100,47
Th,1,437.8177,61
Cu,1,437.8200,79
Sm,2,437.8240,82
O,2,437.8427,16
W,1,437.8484,2
S,2,437.8541,41
Kr,3,437.8680,54
Ta,1,437.8822,37
Ti,3,437.8938,54
N,3,437.9110,99
Ho,2,437.9140,35
V,1,437.9230,100
Y,1,437.9327,64
Bi,2,437.9400,29
Ne,2,437.9400,14
Xe,2,437.9440,12
Sr,1,437.9470,70
Ne,2,437.9550,92
Mn,2,437.9644,13
Ar,2,437.9667,90
Zr,2,437.9780,45
Pr,3,437.9820,43
Ar,2,437.9880,92
Cl,1,437.9900,22
Pu,2,437.9910,94
Rh,1,437.9920,56
Yb,3,438.0070,11
Mg,1,438.0375,47
Sm,1,438.0420,88
Tl,3,438.0570,10
Ga,3,438.0620,52
Ti,3,438.0734,54
Th,2,438.1402,34
Pr,3,438.1470,43
Kr,2,438.1520,75
Mo,1,438.1630,96
Mn,1,438.1700,23
Ga,3,438.1840,60
Th,2,438.1860,94
Pm,2,438.1880,52
Ce,2,438.2170,88
Er,1,438.2170,65
Tb,1,438.2450,80
Hg,2,438.2549,52
Nd,2,438.2737,13
Se,2,438.2900,22
Ca,3,438.2997,14
Eu,2,438.3170,48
La,2,438.3440,75
Fe,1,438.3545,74
Xe,1,438.3908,79
Ne,2,438.4108,57
Na,2,438.4194,47
Sm,2,438.4290,23
Cs,2,438.4442,81
Cd,2,438.4520,11
Ac,1,438.4529,92
Mg,2,438.4637,71
Cs,2,438.4655,11
Er,2,438.4700,51
V,1,438.4712,99
Sc,2,438.4808,88
Ho,2,438.4830,36
Xe,2,438.4930,59
Cr,1,438.4975,88
Ag,2,438.5052,10
Ar,2,438.5057,66
Ne,2,438.5064,75
Te,2,438.5102,44
La,2,438.5200,46
Kr,2,438.5270,61
P,2,438.5350,38
Pu,2,438.5350,94
Ru,1,438.5390,86
Tm,3,438.5410,74
Y,1,438.5474,37
Ru,1,438.5650,89
Nd,2,438.5663,82
Xe,1,438.5768,75
Sr,1,438.5820,75
Ba,3,438.5832,58
Ta,1,438.6068,56
Er,1,438.6400,73
Ac,2,438.6411,83
Cu,3,438.6420,39
Tm,1,438.6434,97
Pb,2,438.6460,87
Kr,2,438.6540,91
Ce,2,438.6840,75
Er,3,438.6860,99
V,1,438.7207,8
Na,2,438.7489,56
Cr,1,438.7495,35
Y,1,438.7738,71
Th,3,438.7837,79
Eu,1,438.7880,67
He,1,438.7930,54
Ce,2,438.8010,35
K,2,438.8160,79
Tb,1,438.8230,78
Nb,1,438.8360,37
Pm,1,438.8490,46
Pm,2,438.8760,53
Cs,2,438.8779,39
Sc,1,438.9590,38
Kr,2,438.9720,41
Cl,1,438.9750,23
La,1,438.9870,64
Ce,3,438.9970,17
V,1,438.9979,99
Na,1,439.0029,52
Cl,1,439.0400,18
Ru,1,439.0440,92
Mg,2,439.0564,78
Nd,2,439.0660,36
Sm,2,439.0860,94
Tb,1,439.0910,72
Th,2,439.1110,95
Re,1,439.1340,23
Ac,2,439.1430,6
Ge,2,439.1654,33
Ce,2,439.1660,96
Cr,1,439.1751,49
Ge,2,439.1790,25
S,2,439.1818,62
Pt,1,439.1822,21
Ne,2,439.1990,97
Gd,1,439.2060,65
V,1,439.2066,25
I,1,439.2076,13
Ir,1,439.2590,9
Nb,1,439.2690,47
Na,2,439.2814,64
Ca,3,439.3109,19
Xe,2,439.3200,93
Na,1,439.3340,56
Sm,1,439.3350,56
U,1,439.3590,55
Yb,1,439.3690,43
W,2,439.3794,12
Ti,1,439.3922,59
Pu,2,439.3930,95
Y,1,439.4007,37
Re,1,439.4380,67
Tm,1,439.4420,86
Y,1,439.4669,37
V,1,439.4802,30
Os,1,439.4860,64
Ti,1,439.4875,21
Ti,2,439.5031,94
Xe,3,439.5170,61
V,1,439.5224,98
Ne,1,439.5556,9
Xe,2,439.5770,93
Ca,3,439.5895,32
O,2,439.5942,72
Tm,1,439.5960,79
Te,2,439.5997,27
Pr,2,439.6080,65
Ag,1,439.6230,45
Na,2,439.6317,48
Tm,1,439.6495,81
Ac,1,439.6710,95
Cs,2,439.6914,53
Cu,1,439.7000,25
Os,1,439.7260,13
Sm,1,439.7340,68
Ac,2,439.7451,7
Ne,2,439.7990,92
Cs,3,439.8004,60
Y,2,439.8008,79
Ta,1,439.8449,43
Hg,2,439.8617,88
Ti,3,439.8729,22
Ce,2,439.8790,2
Ce,2,439.9200,65
Kr,2,439.9380,33
Ir,1,439.9470,35
Cs,2,439.9497,72
Ca,3,439.9594,77
Tm,1,439.9723,65
Ti,2,439.9765,53
Kr,1,439.9966,93
Ar,2,440.0096,83
Sc,2,440.0386,75
Sc,1,440.0397,64
Ho,2,440.0550,30
Ti,3,440.0570,22
V,1,440.0572,92
Nd,2,440.0828,76
Kr,2,440.0870,76
Ar,2,440.0986,99
Sm,1,440.1170,78
Ho,2,440.1240,25
Na,2,440.1410,21
Ni,1,440.1550,52
Gd,1,440.1860,95
Ac,1,440.2110,70
Ta,1,440.2498,59
Ba,1,440.2539,84
La,1,440.2650,58
Os,1,440.2740,14
S,2,440.2841,42
Th,1,440.2927,50
Cl,1,440.3030,19
Sm,2,440.3060,79
Gd,1,440.3140,82
Er,2,440.3170,21
Ho,1,440.3270,70
Sm,2,440.3360,43
Cr,1,440.3494,16
Pr,2,440.3600,48
Ir,1,440.3780,19
Cs,3,440.3863,86
Be,2,440.4010,29
Ti,1,440.4275,49
Kr,2,440.4330,50
Ti,1,440.4389,52
Pr,3,440.4710,57
S,2,440.4730,32
Fe,1,440.4750,93
Hg,2,440.4854,2
Ti,1,440.4897,27
Pu,1,440.4900,56
Na,2,440.5113,56
Pr,2,440.5120,31
Cs,2,440.5256,90
Eu,2,440.5270,1
Ti,1,440.5680,12
Pr,2,440.5830,76
Si,3,440.5900,23
O,2,440.5987,5
Sr,1,440.6009,52
V,1,440.6100,13
Ti,3,440.6197,22
Ca,3,440.6291,73
Re,1,440.6400,16
V,1,440.6639,95
Th,3,440.6669,5
Gd,2,440.6670,42
Si,3,440.6720,53
Ba,1,440.6832,57
Xe,2,440.6880,76
Eu,2,440.7070,37
Zr,3,440.7387,20
V,1,440.7634,96
Be,1,440.7935,93
V,1,440.8196,98
Gd,2,440.8250,42
W,1,440.8282,3
V,1,440.8514,99
Pr,2,440.8820,97
Th,1,440.8883,77
Kr,2,440.8900,56
C,2,440.9161,58
Gd,1,440.9250,56
Ne,2,440.9299,93
Sm,2,440.9330,57
Er,1,440.9340,90
Dy,2,440.9380,72
Pm,1,440.9420,46
Y,1,440.9700,4
C,2,440.9979,86
Ru,1,441.0030,91
Nb,1,441.0210,71
Cs,3,441.0221,96
Kr,1,441.0368,83
Ce,2,441.0640,43
Ce,2,441.0760,43
Nd,2,441.1052,74
Gd,1,441.1160,82
C,2,441.1163,91
La,2,441.1210,29
S,2,441.1313,48
Sb,2,441.1420,23
C,2,441.1506,92
Mo,1,441.1565,96
Sm,1,441.1580,69
Mo,1,441.1695,97
Tm,1,441.1697,54
Mn,1,441.1880,31
Ag,2,441.2000,37
V,1,441.2137,46
Cr,1,441.2251,8
Kr,1,441.2390,48
Cd,2,441.2410,74
Pm,1,441.2470,65
Ne,2,441.2591,57
Sr,1,441.2621,27
Th,2,441.2739,55
Cd,1,441.2989,6
Zr,1,441.3040,62
Xe,3,441.3060,12
Ac,3,441.3090,31
Ne,2,441.3113,37
Ne,2,441.3215,75
C,2,441.3255,46
Ba,1,441.3661,44
Ca,3,441.3736,42
Pr,2,441.3770,76
Gd,1,441.4160,89
Ti,3,441.4489,44
Gd,1,441.4730,86
Xe,2,441.4840,84
Mn,1,441.4880,80
O,2,441.4905,100
Fe,1,441.5122,83
Cu,1,441.5540,67
Sc,2,441.5544,76
Rb,2,441.5683,7
Cd,2,441.5686,98
Ta,1,441.5741,50
Re,1,441.5820,27
Xe,2,441.6070,73
Tb,2,441.6270,39
V,1,441.6467,83
Ti,1,441.6531,18
V,1,441.6683,30
Ne,2,441.6755,37
Ne,1,441.6817,9
Kr,1,441.6884,67
Ce,2,441.6900,35
O,2,441.6974,99
Kr,2,441.7240,56
Ac,1,441.7259,35
Ti,1,441.7274,64
Hf,2,441.7350,27
Y,1,441.7431,37
Sm,2,441.7580,38
Ti,2,441.7714,62
Hf,1,441.7910,18
Pm,2,441.7960,100
Sr,1,441.8087,51
Er,1,441.8700,65
Kr,1,441.8761,83
Ce,2,441.8780,90
S,3,441.8782,58
Gd,2,441.9030,51
Pr,2,441.9040,45
La,2,441.9160,41
Sm,1,441.9330,84
Nb,1,441.9440,51
Er,2,441.9610,79
Pr,2,441.9650,50
Eu,2,441.9660,0
Mn,1,441.9780,31
Na,1,441.9885,42
V,1,441.9934,40
Tb,1,442.0190,60
F,3,442.0300,67
Ac,1,442.0420,44
Zr,1,442.0460,70
Os,1,442.0470,95
Sm,2,442.0530,92
Ho,2,442.0560,42
Au,2,442.0610,12
Sc,2,442.0661,37
P,2,442.0710,79
Ar,2,442.0912,30
Lu,1,442.0960,40
Pr,3,442.1100,57
Sm,2,442.1140,84
Pr,2,442.1220,45
Ne,2,442.1389,76
Ru,1,442.1460,30
Ne,1,442.1555,9
V,1,442.1568,83
Rb,2,442.1698,2
Ti,1,442.1752,30
Tm,1,442.2305,33
Gd,1,442.2410,95
Er,2,442.2510,24
Ne,1,442.2520,71
Y,2,442.2583,70
Kr,2,442.2720,76
Ti,1,442.2820,67
Bk,1,442.3010,63
Tb,1,442.3100,82
Ac,1,442.3150,45
Mg,3,442.3182,32
V,1,442.3206,14
Na,1,442.3246,46
Mo,1,442.3609,46
Ce,2,442.3680,2
K,2,442.3730,30
La,1,442.3900,86
Cs,2,442.4056,64
Mg,3,442.4071,32
Ca,3,442.4326,6
Sm,2,442.4340,99
Ti,3,442.4399,71
Er,1,442.4570,78
Pr,2,442.4580,46
Ne,1,442.4807,71
Br,1,442.5140,17
Kr,1,442.5190,91
Hg,2,442.5220,74
Ne,1,442.5400,51
Ca,1,442.5440,79
Cs,3,442.5675,95
V,1,442.5711,5
Ti,1,442.5824,14
Tm,1,442.5958,61
V,1,442.5998,78
Ar,2,442.6001,96
Ti,1,442.6055,56
Ir,1,442.6270,25
Tm,1,442.6330,42
Ra,1,442.6350,12
Er,1,442.6770,79
Ac,1,442.6851,30
Ce,2,442.7070,35
Ti,1,442.7098,84
As,2,442.7106,79
Zr,1,442.7240,50
Fe,1,442.7310,71
F,3,442.7350,27
La,2,442.7550,72
Ce,2,442.7920,62
Mg,2,442.7994,62
P,3,442.8171,48
Ti,3,442.8298,62
Ne,2,442.8408,37
Ce,2,442.8440,36
Ru,1,442.8460,59
V,1,442.8510,72
Ne,2,442.8520,76
Ne,2,442.8636,76
Pr,2,442.9130,94
Pr,2,442.9250,94
Ce,2,442.9270,73
Tc,1,442.9592,78
Ne,2,442.9640,58
Sm,1,442.9660,84
V,1,442.9789,64
La,2,442.9900,95
Pt,1,443.0188,82
Ar,2,443.0188,92
Yb,1,443.0210,44
Ti,1,443.0364,36
Lu,1,443.0480,67
Ag,2,443.0570,33
Gd,1,443.0630,94
Ne,2,443.0902,93
Ne,2,443.0942,93
Ar,2,443.0996,82
S,2,443.1007,53
Ca,3,443.1298,69
Sc,2,443.1362,65
Zr,1,443.1490,58
B,2,443.1500,20
As,2,443.1562,82
Kr,2,443.1685,96
Ne,2,443.1810,37
Pr,3,443.1850,57
Ba,1,443.1894,87
Cr,1,443.2166,6
Pr,2,443.2280,34
Na,1,443.2300,96
Ne,2,443.2303,38
F,3,443.2320,28
S,2,443.2372,78
Pm,2,443.2510,82
Tb,1,443.2720,57
N,2,443.2740,44
Al,2,443.2820,23
Th,2,443.2963,67
La,2,443.2980,58
Rh,1,443.3320,12
Ne,1,443.3724,25
Ar,2,443.3838,67
Sm,2,443.3880,94
Ti,3,443.3912,85
Ti,1,443.3964,32
Mg,2,443.3990,72
Ti,1,443.4017,53
Xe,3,443.4170,74
Sm,2,443.4320,95
Eu,2,443.4810,64
Mo,1,443.4948,90
Ca,1,443.4960,85
Rn,1,443.5050,77
Eu,2,443.5560,97
Ca,1,443.5690,80
Cs,2,443.5700,76
La,2,443.5850,30
Pm,1,443.5860,21
Gd,1,443.6100,59
Tb,1,443.6120,68
V,1,443.6132,77
Ra,2,443.6270,86
Os,1,443.6320,41
Mn,1,443.6350,69
Mg,2,443.6486,32
Pm,1,443.6550,32
Ti,1,443.6586,15
Mg,2,443.6598,24
Kr,2,443.6812,97
Nb,1,443.7220,60
Au,1,443.7270,79
Pt,1,443.7273,15
Y,1,443.7340,65
Tm,2,443.7400,29
He,1,443.7551,41
S,2,443.7655,22
Er,1,443.7660,55
V,1,443.7830,84
Hf,1,443.8038,33
Sr,1,443.8044,77
Na,2,443.8470,37
Cl,1,443.8490,24
Pm,1,443.8680,33
Lu,1,443.8790,26
Yb,1,443.9190,88
Ne,2,443.9253,58
Tb,1,443.9380,57
Ne,2,443.9461,58
Ar,2,443.9461,60
Ru,1,443.9760,68
S,3,443.9826,73
Ar,2,443.9879,3
Ne,2,443.9991,58
Rb,2,444.0097,69
Ti,1,444.0338,47
Cd,2,444.0450,35
Th,2,444.0574,5
Ti,3,444.0657,23
Th,2,444.0866,16
Xe,2,444.0950,50
Na,2,444.1000,26
Ta,1,444.1029,22
Ti,1,444.1266,9
Am,2,444.1360,86
Pu,2,444.1650,96
Ta,1,444.1678,28
V,1,444.1680,86
Br,1,444.1740,62
Sm,1,444.1810,89
Ac,2,444.2050,11
Mo,1,444.2202,44
Ti,3,444.2250,4
Sm,1,444.2280,80
Pt,1,444.2548,68
Na,2,444.2590,48
Ne,2,444.2686,59
Tm,1,444.2735,71
Zr,2,444.3000,18
O,2,444.3007,72
Na,2,444.3200,37
Rb,3,444.3203,15
Kr,3,444.3280,81
O,2,444.3516,5
Y,1,444.3652,71
Rb,2,444.3662,37
Kr,3,444.3720,17
Ti,2,444.3801,89
Mg,3,444.3947,45
Cs,2,444.4004,50
V,1,444.4206,84
Sm,2,444.4260,70
Ce,2,444.4390,62
Ra,1,444.4470,6
Dy,1,444.4580,66
Ho,1,444.4630,63
Ce,2,444.4700,58
Sm,1,444.5150,93
Pm,2,444.5410,87
Pt,1,444.5543,1
Mg,3,444.5577,61
Th,1,444.5901,12
Gd,3,444.5910,4
Na,2,444.5928,48
Se,2,444.6000,28
Nd,2,444.6387,78
Ne,2,444.6440,59
Sb,2,444.6480,25
F,2,444.6530,45
Ti,3,444.6559,36
Y,1,444.6623,78
Na,2,444.6695,56
F,2,444.6720,64
Th,3,444.6801,12
Pm,2,444.6900,92
N,2,444.7030,89
Nb,1,444.7180,69
F,2,444.7190,74
Os,1,444.7350,28
Na,2,444.7411,57
Tm,1,444.7585,63
Cs,3,444.7664,70
Cm,1,444.7770,74
Al,2,444.7803,81
Pr,3,444.7930,64
Tb,1,444.8040,68
Xe,2,444.8130,93
O,2,444.8186,76
Ce,3,444.8320,32
Ar,2,444.8879,75
Ti,1,444.9143,80
Ag,2,444.9190,25
Se,2,444.9200,12
Ar,3,444.9201,64
Ce,2,444.9340,81
Ru,1,444.9340,66
Dy,2,444.9700,77
Mo,1,444.9738,69
Pr,2,444.9830,89
Pr,3,445.0140,70
Ir,1,445.0180,7
Ti,2,445.0482,52
S,2,445.0712,23
Ce,2,445.0730,72
Cs,2,445.0795,4
Lu,1,445.0810,68
Ti,1,445.0894,76
Pr,3,445.1000,58
Nd,2,445.1566,94
Mn,1,445.1590,89
Sr,1,445.1804,13
Pr,2,445.1900,40
Nd,2,445.1978,25
V,1,445.2005,76
La,1,445.2150,81
Ac,2,445.2191,82
Mg,3,445.2343,33
O,2,445.2375,85
P,2,445.2460,9
Th,1,445.2565,6
Ne,2,445.2607,15
Sm,2,445.2730,90
Ne,3,445.2790,99
I,2,445.2858,26
Sm,1,445.2950,63
Mn,1,445.3000,61
Kr,2,445.3210,61
Ti,1,445.3313,74
Ti,1,445.3699,70
Kr,1,445.3917,97
Pm,2,445.3950,95
Tm,1,445.4033,79
Pr,2,445.4360,23
Kr,2,445.4370,24
Hg,2,445.4395,49
Sm,2,445.4630,89
Pr,2,445.4680,40
Na,2,445.4736,57
Ca,1,445.4780,92
K,2,445.5000,14
Mn,1,445.5010,54
Na,2,445.5224,57
Ti,1,445.5318,78
Mn,1,445.5320,61
Hg,2,445.5486,30
Dy,2,445.5600,27
La,2,445.5800,46
Mn,1,445.5820,52
Ca,1,445.5890,89
S,2,445.6388,67
Nd,2,445.6394,46
Ca,1,445.6610,60
Nb,1,445.6800,41
Mn,1,445.7040,31
Ne,2,445.7047,86
Na,2,445.7223,57
Kr,2,445.7250,56
Hf,1,445.7347,55
Ne,2,445.7351,38
Mo,1,445.7354,77
Nb,1,445.7420,41
Ti,1,445.7427,83
Zr,1,445.7430,46
V,1,445.7470,76
Mn,1,445.7550,69
Cs,2,445.7690,78
V,1,445.7753,20
Th,1,445.8002,33
Mn,1,445.8260,73
As,2,445.8469,90
Cr,1,445.8506,41
Sm,2,445.8520,85
Cr,1,445.8543,46
Ne,3,445.8763,84
Ne,3,445.8862,82
Ne,3,445.8940,77
Y,1,445.9010,42
Ni,1,445.9040,48
Hg,2,445.9053,45
Cm,1,445.9160,76
Er,2,445.9240,21
Rn,1,445.9250,79
Sm,1,445.9290,64
Na,2,445.9510,15
Cr,1,445.9734,29
V,1,445.9753,89
Pm,2,445.9970,53
Tm,1,445.9986,71
Kr,2,445.9990,16
Ru,1,446.0040,88
Ne,1,446.0175,42
Ce,2,446.0210,98
V,1,446.0291,94
Mn,1,446.0380,32
Ne,3,446.0540,94
Ar,2,446.0556,20
Pr,3,446.1020,58
As,2,446.1075,25
Mn,1,446.1080,60
Ce,2,446.1140,59
Ac,1,446.1160,29
Hf,1,446.1181,33
C,1,446.1300,37
C,1,446.1500,37
Th,1,446.1528,10
Fe,1,446.1653,62
Pr,3,446.1810,71
Mn,1,446.2020,84
Ti,1,446.2088,12
Xe,2,446.2190,98
V,1,446.2357,76
Ni,1,446.2460,22
Ti,3,446.2558,23
Ac,1,446.2730,97
Rb,2,446.2912,7
Nd,2,446.2985,83
P,2,446.3000,30
Sr,1,446.3301,77
Ti,1,446.3380,33
Mg,3,446.3404,83
Ce,2,446.3410,54
Ti,1,446.3533,34
S,2,446.3579,88
P,3,446.3668,52
Kr,1,446.3690,98
Hg,2,446.3878,62
C,1,446.3886,51
S,2,446.4430,83
C,1,446.4448,37
Ti,2,446.4449,14
C,1,446.4677,51
Mn,1,446.4680,76
Gd,1,446.4740,70
Eu,2,446.4970,49
Y,1,446.5267,26
Th,2,446.5341,55
Cr,1,446.5349,17
O,2,446.5417,83
Ne,1,446.5654,10
Ti,1,446.5806,60
Pr,2,446.5970,32
Ti,3,446.6078,4
Tm,1,446.6078,33
O,2,446.6241,72
W,1,446.6344,3
As,2,446.6348,92
Bk,1,446.6460,64
C,1,446.6476,80
Gd,2,446.6550,48
Fe,1,446.6551,46
K,2,446.6650,54
Ne,1,446.6812,26
Zr,1,446.6910,46
Gd,1,446.7080,83
Ba,1,446.7091,58
C,1,446.7309,45
Sm,2,446.7340,98
O,2,446.7475,56
Ce,2,446.7540,27
Se,2,446.7600,32
Tb,1,446.7690,57
S,3,446.7716,39
Be,2,446.7780,30
Ac,2,446.7900,8
O,2,446.7921,72
P,2,446.7980,15
Tm,1,446.7983,63
V,1,446.8000,20
Dy,2,446.8140,43
Pm,1,446.8160,22
Ti,2,446.8492,90
Pu,2,446.8540,97
Pr,2,446.8660,93
Ne,2,446.8913,59
La,1,446.8970,46
O,2,446.9373,83
Rb,2,446.9474,86
Co,1,446.9560,21
V,1,446.9703,68
Nb,1,446.9710,42
Tm,1,447.0012,16
Mn,1,447.0140,67
Zr,1,447.0310,46
Ni,1,447.0480,41
Zr,1,447.0560,62
Hg,3,447.0580,70
Ac,2,447.0589,24
Sm,1,447.0890,97
Xe,2,447.0900,39
Xe,3,447.0900,12
Ne,3,447.1040,12
Ti,1,447.1237,63
Ce,2,447.1240,94
Nb,1,447.1290,42
Pm,2,447.1480,54
He,1,447.1480,91
Lu,1,447.1550,35
Ne,2,447.1586,38
Ac,1,447.1811,69
Ca,2,447.2040,21
Na,2,447.2100,26
B,2,447.2101,90
U,2,447.2330,78
Sm,2,447.2430,51
B,3,447.2500,77
Nb,1,447.2530,42
Br,1,447.2609,63
Ce,2,447.2720,59
Na,2,447.2740,21
Mn,1,447.2790,55
Pu,2,447.2790,97
B,2,447.2851,91
Sm,2,447.3020,66
Pm,2,447.3230,76
Er,2,447.3500,22
Ta,1,447.3515,34
Pd,1,447.3586,53
Ho,2,447.3590,20
Y,1,447.3876,43
Ru,1,447.3930,36
V,1,447.4040,19
Gd,1,447.4130,86
As,2,447.4460,64
Mo,1,447.4570,82
Na,2,447.4633,58
V,1,447.4714,43
Ar,2,447.4759,86
Ti,1,447.4852,33
Kr,2,447.5014,98
Re,1,447.5080,23
P,2,447.5260,40
Cl,1,447.5300,20
Ne,1,447.5656,42
Y,1,447.5721,83
Rb,2,447.5993,25
Fe,1,447.6018,26
Ag,1,447.6040,80
Gd,1,447.6120,90
Mg,3,447.6490,65
Be,2,447.6540,39
Bi,2,447.6800,71
Y,1,447.6951,84
Pr,2,447.7260,40
Y,1,447.7442,81
Pm,2,447.7460,54
C,1,447.7472,74
Ho,2,447.7640,59
Br,1,447.7720,77
Mg,3,447.7853,55
O,2,447.7904,47
C,1,447.8319,52
Re,1,447.8390,19
S,3,447.8419,24
Ir,1,447.8480,18
I,1,447.8553,37
Pm,1,447.8580,43
C,1,447.8588,79
Na,2,447.8623,26
Te,2,447.8630,71
Mn,2,447.8635,46
Sm,2,447.8660,75
Na,2,447.8797,58
Gd,2,447.8800,36
C,1,447.8825,74
Mg,3,447.9030,45
Ag,2,447.9120,19
Ca,2,447.9230,12
Ce,2,447.9360,76
Mn,1,447.9400,21
Ti,1,447.9701,35
P,3,447.9776,66
Al,3,447.9892,86
Tm,1,447.9938,9
Al,3,447.9968,87
Ti,3,447.9969,45
F,3,447.9990,69
Lu,1,448.0150,15
Cu,1,448.0350,77
Ti,3,448.0359,4
Na,2,448.0423,38
Ru,1,448.0450,29
Sr,1,448.0507,57
Ti,1,448.0589,9
Xe,2,448.0860,94
Gd,2,448.1060,46
Mg,2,448.1130,98
Ti,1,448.1259,72
Tm,2,448.1260,75
Mg,2,448.1327,95
Tc,1,448.1533,78
Pm,1,448.1600,33
Ba,3,448.1654,80
Na,2,448.1664,58
Ar,2,448.1810,91
Kr,2,448.1850,62
Th,1,448.2169,6
Fe,1,448.2170,40
Rb,2,448.2299,16
Yb,1,448.2420,56
S,2,448.2484,42
Ti,1,448.2687,35
La,3,448.2970,80
Ne,1,448.3190,51
Gd,2,448.3330,37
S,2,448.3429,83
Ce,2,448.3900,76
W,1,448.4188,68
Ca,3,448.4396,38
Y,1,448.4439,46
Ho,2,448.4570,25
Pt,1,448.4687,23
Gd,1,448.4700,56
Os,1,448.4760,9
Ca,3,448.4950,49
Pm,1,448.5050,33
Eu,2,448.5150,2
Ce,3,448.5270,22
S,2,448.5445,32
Be,3,448.5520,10
Xe,2,448.5950,31
La,1,448.6060,46
Ac,1,448.6630,28
S,2,448.6636,62
Th,1,448.6897,26
Gd,1,448.6900,66
Ce,2,448.6910,83
B,3,448.7050,93
Tc,1,448.7061,90
Y,1,448.7279,73
Be,3,448.7300,83
Y,1,448.7460,89
Th,2,448.7495,28
Ac,1,448.7599,55
Na,2,448.7790,38
Cr,1,448.8048,15
Ne,1,448.8093,71
Au,1,448.8250,82
Ti,2,448.8325,13
Ag,2,448.8580,26
Th,2,448.8681,33
V,1,448.8889,68
Ba,1,448.8980,82
Ti,1,448.9088,59
Ca,2,448.9180,23
O,2,448.9462,36
Cr,1,448.9464,21
Tm,2,448.9700,31
Al,2,448.9870,37
Kr,2,448.9880,93
Cl,2,448.9910,53
Lu,3,449.0000,58
Mn,1,449.0080,63
Na,2,449.0162,58
Br,1,449.0419,5
Pm,1,449.0500,34
Tl,2,449.0770,36
Na,2,449.0869,59
Ar,2,449.0981,31
O,2,449.1227,56
Mo,1,449.1279,51
C,2,449.1280,84
Hg,2,449.1552,71
Y,1,449.1740,38
Ne,1,449.1772,37
Ne,1,449.1838,10
Tm,1,449.2001,0
Pm,2,449.2050,66
S,2,449.2269,23
Cr,1,449.2305,25
Y,1,449.2418,34
Rh,1,449.2470,22
Hg,2,449.2831,73
Bi,1,449.3010,54
Tb,1,449.3070,87
La,1,449.3110,47
Po,1,449.3210,88
Th,1,449.3334,97
Ag,2,449.3424,14
Ba,1,449.3638,77
Cs,3,449.3667,68
Ne,1,449.3699,10
Pu,2,449.3780,98
Rb,2,449.3922,75
Si,3,449.4050,24
Na,1,449.4177,60
As,2,449.4230,97
W,1,449.4497,3
La,1,449.4710,47
Ag,2,449.4940,28
Tc,1,449.5027,47
Be,3,449.5090,3
Ir,1,449.5350,7
Ca,3,449.5963,10
Ir,1,449.6030,4
V,1,449.6059,1
Ti,1,449.6145,60
Na,2,449.6150,38
Ti,1,449.6234,38
Er,1,449.6390,58
Pr,2,449.6460,93
Ti,3,449.6510,23
Cs,2,449.6750,58
Cr,1,449.6852,90
Zr,2,449.6970,38
Gd,1,449.7130,81
Gd,1,449.7320,57
Mg,3,449.7566,72
Na,1,449.7658,61
B,3,449.7730,91
Be,3,449.7800,90
Ce,2,449.7850,20
S,2,449.7852,49
Ru,1,449.8140,61
Ar,2,449.8537,5
B,3,449.8560,82
Cr,1,449.8724,30
Pt,1,449.8750,50
Lu,1,449.8850,39
Mn,1,449.8900,71
Ne,2,449.8925,59
Th,1,449.8940,12
La,3,449.9050,88
Sm,1,449.9110,74
Ne,2,449.9117,60
S,3,449.9223,25
P,2,449.9240,41
Pb,3,449.9340,60
Sm,2,449.9480,38
Na,2,449.9615,59
Ca,3,449.9884,83
Pm,2,450.0150,93
Ne,1,450.0182,10
La,1,450.0220,77
Cr,1,450.0278,50
Pr,3,450.0310,81
Pm,1,450.0330,43
Rb,2,450.0686,37
Er,2,450.0750,34
In,2,450.0804,62
Ti,2,450.1270,86
Cs,2,450.1551,95
Mg,3,450.1793,15
Nd,2,450.1808,63
V,1,450.1954,26
Mn,1,450.2220,71
Kr,1,450.2354,98
Ar,2,450.2926,26
Nb,1,450.3040,43
Sm,1,450.3380,62
Xe,3,450.3410,68
Na,2,450.3693,38
Rh,1,450.3780,17
Ba,1,450.4348,20
B,3,450.4810,22
W,1,450.4838,30
Mo,1,450.4901,18
Pu,2,450.4910,99
Sm,2,450.5050,6
Ca,3,450.5131,18
K,2,450.5330,69
Ba,1,450.5924,81
Y,1,450.5948,92
Cu,2,450.5998,11
Gd,1,450.6210,78
Gd,2,450.6330,26
Ce,1,450.6410,79
Br,3,450.6550,63
Nd,2,450.6582,25
Cs,3,450.6721,97
Pm,1,450.6840,22
Cs,2,450.6854,59
Sb,2,450.6920,26
Na,2,450.6972,59
Re,1,450.7040,19
Ti,3,450.7112,37
Zr,1,450.7120,85
Ac,2,450.7200,88
Cu,1,450.7350,68
As,2,450.7659,99
Ne,2,450.8129,60
Rn,1,450.8480,80
S,2,450.8711,12
Ca,3,450.8787,42
Na,2,450.8997,39
Tb,2,450.9040,14
S,2,450.9180,23
Cu,1,450.9374,73
Pm,2,450.9380,13
Am,2,450.9450,98
In,3,450.9580,44
Ru,1,451.0100,21
Pr,2,451.0150,90
Na,2,451.0475,48
Th,2,451.0526,50
Ar,1,451.0733,71
Ho,1,451.0820,65
N,3,451.0910,24
Ta,1,451.0982,81
Ac,2,451.1230,13
In,1,451.1299,99
Sm,1,451.1330,47
Ne,2,451.1420,38
Ne,2,451.1478,39
Ta,1,451.1503,28
Tb,1,451.1520,61
Ti,3,451.1579,23
Sm,2,451.1830,62
Cr,1,451.1891,61
Mo,1,451.2134,28
Y,1,451.2561,1
Al,3,451.2564,90
Ti,1,451.2733,85
W,1,451.2880,3
Ca,3,451.2911,33
Tb,2,451.2960,14
Cu,1,451.3192,51
W,1,451.3252,30
Re,1,451.3310,94
Nd,2,451.3340,17
Br,1,451.3439,45
Pm,2,451.3560,14
Y,1,451.3574,49
Y,1,451.4007,65
Ag,2,451.4053,12
Pt,2,451.4138,7
Tb,2,451.4310,22
Gd,2,451.4500,26
Sb,2,451.4500,43
Ti,3,451.4697,24
N,3,451.4860,53
Ne,2,451.4884,15
Ne,1,451.4891,26
Sm,2,451.5090,49
Th,1,451.5118,52
Yb,2,451.5160,72
U,2,451.5280,14
Ag,2,451.5520,19
Tc,1,451.5978,78
Nd,2,451.6360,37
Ca,3,451.6585,73
Re,1,451.6640,52
Tm,1,451.6684,18
Ru,1,451.6890,44
Ne,1,451.6936,11
Mo,1,451.7121,51
Pm,1,451.7310,9
Na,2,451.7380,39
Pr,2,451.7580,52
Yb,3,451.7580,69
Ne,1,451.7736,42
Ru,1,451.7820,44
Ne,2,451.7833,39
Ti,1,451.8022,89
Th,3,451.8277,38
Ti,3,451.8363,5
Lu,1,451.8570,94
Ti,1,451.8689,51
S,2,451.8900,19
Mn,2,451.8953,69
Rb,2,451.9037,81
Na,2,451.9201,59
Tm,1,451.9595,83
Sm,2,451.9630,82
Gd,1,451.9660,94
Tb,2,451.9720,15
Tm,1,451.9734,0
Br,3,451.9740,9
Sc,2,451.9834,10
Rb,2,451.9884,48
Ti,3,452.0375,45
Pt,1,452.0890,12
Ru,1,452.0950,16
Ta,1,452.1094,22
Th,1,452.1194,15
Xe,2,452.1860,65
Ce,3,452.1920,34
Y,1,452.2029,44
Sr,1,452.2301,58
Ar,1,452.2323,44
La,2,452.2370,89
Eu,2,452.2570,94
Tm,2,452.2570,55
Ne,2,452.2719,76
Re,1,452.2730,75
Er,1,452.2740,59
Ti,1,452.2797,88
Gd,2,452.2820,48
Tc,1,452.2841,98
Cs,3,452.2859,92
Mg,3,452.2871,16
Pt,1,452.2992,28
Sm,2,452.3040,50
Ce,2,452.3080,81
Kr,2,452.3140,93
Ba,1,452.3167,86
Pm,1,452.3320,10
Nb,1,452.3410,84
Re,1,452.3880,19
Sm,2,452.3910,67
Gd,1,452.4120,45
V,1,452.4208,27
Xe,2,452.4210,76
Mo,1,452.4331,51
Mo,1,452.4340,52
S,2,452.4720,83
Sn,1,452.4734,67
Tm,1,452.4821,61
Ba,2,452.4926,64
S,2,452.4947,93
Na,2,452.4977,60
Tb,2,452.5010,15
Cu,1,452.5112,47
Pm,2,452.5200,93
La,2,452.5310,62
Br,1,452.5590,71
Ne,1,452.5764,26
Tm,1,452.6043,10
Cr,1,452.6099,18
La,2,452.6120,82
Pm,1,452.6120,22
Ho,2,452.6140,21
Ne,1,452.6177,11
Cl,1,452.6190,25
Mg,3,452.6223,84
Ac,2,452.6271,12
Be,1,452.6409,58
Cr,1,452.6454,88
Cs,2,452.6742,97
Pm,1,452.6760,23
Ca,1,452.6940,68
Y,1,452.7239,95
Nd,1,452.7250,77
Ti,1,452.7305,81
Ce,2,452.7350,83
Cr,1,452.7455,23
Dy,1,452.7580,60
Pm,1,452.7700,47
Y,1,452.7783,92
S,3,452.7875,26
Ce,2,452.8470,84
Ne,2,452.8483,39
Fe,1,452.8614,58
Rh,1,452.8720,12
Al,3,452.8942,81
Al,3,452.9194,93
Pm,2,452.9210,96
Na,2,452.9310,21
Tm,2,452.9380,42
Mo,1,452.9395,18
Br,2,452.9600,19
Rb,2,452.9600,8
Cr,1,452.9845,11
Sc,2,452.9944,59
Re,1,452.9950,19
Ho,2,453.0080,35
Ag,2,453.0145,8
Rb,2,453.0337,94
Ag,2,453.0390,28
N,2,453.0410,59
Ar,2,453.0552,41
Cr,1,453.0682,56
Cr,1,453.0738,85
Cu,1,453.0785,84
P,2,453.0810,16
Ta,1,453.0846,61
Co,1,453.0960,34
Ho,1,453.1280,69
Sr,1,453.1348,62
Ho,2,453.1650,27
Tb,2,453.1830,15
Tm,1,453.2150,72
Sr,1,453.2375,78
Xe,2,453.2490,77
Ra,2,453.3110,91
Ti,1,453.3240,96
Th,2,453.3304,24
Na,2,453.3323,60
S,2,453.3349,13
Rb,2,453.3786,79
Sm,1,453.3800,70
Ag,2,453.3812,2
Ti,2,453.3960,91
Y,1,453.4087,27
Tb,1,453.4130,34
Pr,2,453.4150,71
Mg,2,453.4291,40
Ho,1,453.4580,69
Ti,1,453.4776,94
Cr,1,453.5136,52
Ne,2,453.5374,15
Be,2,453.5400,38
Ti,1,453.5568,93
Eu,1,453.5590,42
Cr,1,453.5697,82
Ce,3,453.5730,35
Zr,1,453.5750,88
Cr,1,453.5752,41
Ti,1,453.5844,45
Ti,1,453.5918,91
Pr,2,453.5920,71
Ti,1,453.6040,90
Pu,2,453.6150,100
Ne,1,453.6300,51
Kr,3,453.6460,70
Sm,2,453.6510,20
Mo,1,453.6796,73
Xe,2,453.6920,60
Te,2,453.7070,35
Tb,1,453.7140,34
Tb,1,453.7230,35
Kr,3,453.7250,44
Xe,3,453.7380,24
Ne,1,453.7677,72
Ne,1,453.7754,87
Gd,1,453.7810,91
Sm,2,453.7950,70
Kr,1,453.8060,28
Ne,1,453.8303,72
Cs,2,453.8966,91
Ne,1,453.9168,11
Ac,2,453.9290,3
Tc,1,453.9530,87
Cu,1,453.9695,85
As,2,453.9740,84
Ce,2,453.9750,84
Cr,1,453.9781,38
Gd,2,454.0020,37
Pm,1,454.0060,34
Sm,2,454.0190,23
Ti,3,454.0216,79
Ne,1,454.0380,11
Cr,1,454.0498,80
Be,2,454.0530,40
Cr,1,454.0704,78
Rb,2,454.0736,75
Xe,2,454.0890,90
Hf,1,454.0934,34
Cr,1,454.1061,42
Nd,2,454.1269,54
Pm,1,454.1420,35
Na,1,454.1633,48
Dy,2,454.1660,23
Pm,1,454.1750,64
La,1,454.1790,35
Gd,1,454.2030,70
Sm,2,454.2060,39
Tc,1,454.2090,47
Zr,1,454.2220,82
Sc,1,454.2551,38
Nd,2,454.2610,54
Br,2,454.2920,90
As,2,454.3483,95
W,1,454.3491,31
U,2,454.3630,81
Sm,2,454.3950,79
Xe,1,454.3990,21
Pm,1,454.4080,66
Ac,2,454.4090,36
Rh,1,454.4270,3
Y,1,454.4306,71
Ne,1,454.4502,12
Cr,1,454.4612,77
Ti,1,454.4687,81
Sc,1,454.4700,88
Ce,2,454.4960,7
Ar,2,454.5052,96
Pm,1,454.5170,10
Re,1,454.5170,14
Na,1,454.5186,54
Xe,2,454.5230,90
Cr,1,454.5331,26
V,1,454.5392,66
Ir,1,454.5680,18
Th,1,454.5916,7
Cr,1,454.5953,87
Ti,3,454.5976,24
W,1,454.6469,4
Nb,1,454.6820,80
Ta,1,454.7149,5
Ru,1,454.7330,33
Be,2,454.7780,3
Na,2,454.7845,15
Ru,1,454.7850,16
Gd,1,454.8000,59
Tm,1,454.8105,19
Ir,1,454.8480,15
Ar,3,454.8565,14
Tm,1,454.8597,77
Rh,1,454.8730,23
Ti,1,454.8763,87
In,2,454.9007,74
Tb,1,454.9070,58
La,1,454.9500,72
S,2,454.9572,67
Ti,2,454.9622,94
Co,1,454.9660,21
Tb,2,454.9720,15
Pm,1,454.9780,47
Ti,3,454.9842,93
Kr,1,455.0299,79
Os,1,455.0410,67
Tb,1,455.0450,58
Sr,3,455.0660,66
Ir,1,455.0780,6
Xe,2,455.0790,13
Ce,2,455.1300,20
Os,1,455.1300,10
Na,2,455.1518,60
Rh,1,455.1640,26
Na,2,455.1787,15
W,1,455.1820,69
Ta,1,455.1950,50
Ac,1,455.2180,75
Tc,1,455.2204,47
S,2,455.2406,78
Pt,1,455.2412,36
Ti,1,455.2454,87
Si,3,455.2620,100
Sm,2,455.2660,43
Hg,3,455.2840,60
Tc,1,455.2854,67
Zr,1,455.3010,67
Ne,2,455.3173,15
Sc,2,455.3189,59
Ca,3,455.3295,38
Yb,2,455.3580,35
Ta,1,455.3694,17
Si,3,455.4000,54
Pm,1,455.4030,35
Ba,2,455.4033,99
Sm,2,455.4450,20
Ru,1,455.4510,96
Pm,1,455.4630,11
Ca,3,455.4652,21
Ne,1,455.4824,2
P,2,455.4830,18
Zr,1,455.5130,67
Pm,1,455.5340,66
Ti,3,455.5456,79
Ti,1,455.5484,83
Ag,1,455.5520,46
Zr,1,455.5520,54
Th,3,455.5719,90
Ti,3,455.5777,45
Th,1,455.5813,13
Cu,2,455.5921,30
Xe,2,455.5940,77
Pm,1,455.6060,11
Nd,2,455.6136,7
Cr,1,455.6168,32
Tb,1,455.6460,59
Kr,2,455.6610,86
Tm,2,455.6680,24
Pm,1,455.7030,36
Tc,1,455.7046,79
Sc,1,455.7221,38
Ac,1,455.7281,39
Tm,1,455.7633,57
Te,2,455.7784,53
P,2,455.8070,20
Gd,2,455.8080,22
Mo,1,455.8104,13
La,2,455.8460,80
Cr,2,455.8644,78
Pm,1,455.9210,36
La,2,455.9290,48
Y,1,455.9362,71
Nd,1,455.9670,83
Ti,1,455.9918,39
Ru,1,455.9980,17
Ce,2,456.0280,73
Sm,2,456.0430,15
V,1,456.0711,60
Rh,1,456.0890,7
Ce,2,456.0960,36
Bi,3,456.1290,85
Zr,3,456.1637,27
Tm,2,456.1860,24
S,2,456.1881,53
Tb,2,456.2240,20
Rb,2,456.2245,21
Ce,2,456.2360,98
Ho,1,456.2520,71
Ti,1,456.2626,51
Pr,2,456.3120,52
Nd,2,456.3220,55
Er,2,456.3260,31
Ti,1,456.3423,9
Tb,2,456.3690,28
Ar,2,456.3742,23
Ti,2,456.3757,84
Yb,1,456.3950,57
Y,1,456.4391,38
Ar,2,456.4405,26
Nb,1,456.4530,75
Tc,1,456.4539,87
Tm,1,456.4676,72
Pm,2,456.4830,14
Tb,2,456.4850,6
Y,1,456.4933,53
Dy,1,456.5090,65
Rh,1,456.5190,3
Ar,3,456.5210,70
Cr,1,456.5504,66
Co,1,456.5590,23
Ce,2,456.5840,54
Ta,1,456.5850,59
Ne,1,456.5888,23
Hf,1,456.5950,59
Sm,2,456.6210,52
Ne,1,456.6830,2
Tm,2,456.7110,25
Si,3,456.7820,98
La,1,456.7910,87
Ir,1,456.8090,16
Pm,1,456.8140,36
Rh,1,456.9000,64
Ne,2,456.9057,77
Na,2,456.9070,4
Cr,1,456.9615,44
Ac,3,456.9870,44
Ir,1,457.0020,9
La,1,457.0020,91
Pm,1,457.0370,12
Na,2,457.0443,39
W,1,457.0638,53
In,2,457.0877,71
Th,1,457.0972,20
Mg,1,457.1096,92
Pb,3,457.1210,78
In,2,457.1320,70
Cr,1,457.1671,79
Rb,2,457.1774,99
V,1,457.1784,43
Xe,2,457.1850,40
Ti,2,457.1971,91
Ca,3,457.2124,74
Pm,1,457.2150,37
Ti,3,457.2204,93
Ce,2,457.2280,93
Cs,3,457.2608,70
Be,1,457.2666,97
In,2,457.2950,39
Nb,1,457.3080,88
Tb,2,457.3190,20
Kr,2,457.3330,50
Y,1,457.3537,49
Ne,1,457.3557,12
Sn,2,457.3700,21
Gd,1,457.3810,42
Ba,1,457.3853,82
Sc,1,457.3982,39
Ta,1,457.4306,80
Si,3,457.4760,94
La,2,457.4880,80
Sn,2,457.5000,17
Ne,1,457.5062,72
Pm,1,457.5270,47
Tm,1,457.5322,9
Zr,1,457.5520,83
Am,2,457.5590,99
Br,1,457.5739,46
Gd,1,457.5910,63
Yb,1,457.6210,92
Mo,1,457.6494,46
Ti,3,457.6532,71
Tm,1,457.6609,35
Ce,3,457.6900,8
Xe,2,457.7060,77
V,1,457.7174,81
Kr,2,457.7209,98
Sm,2,457.7690,63
Rn,1,457.7720,82
Dy,1,457.7780,82
In,2,457.8020,72
Ac,1,457.8240,60
Pm,1,457.8280,37
In,2,457.8400,72
Pm,1,457.8410,12
Tc,1,457.8447,79
Ti,3,457.8521,54
Ca,1,457.8550,64
Tb,2,457.8690,44
V,1,457.8729,28
Nd,2,457.8890,25
Sc,1,457.8964,39
Pb,2,457.9051,58
Sn,2,457.9060,24
Nd,2,457.9320,25
Ar,2,457.9349,93
Pm,1,457.9480,38
Gd,1,457.9590,66
Ba,1,457.9638,92
Ti,3,457.9642,45
Cr,1,458.0048,81
La,2,458.0060,68
Sn,2,458.0220,23
V,1,458.0397,85
Ne,2,458.0418,39
Pt,1,458.0537,9
Re,1,458.0680,20
Ta,1,458.0690,5
Xe,2,458.0700,61
Pm,1,458.1140,38
Gd,1,458.1290,75
Y,1,458.1325,39
Ca,1,458.1400,69
Ca,1,458.1470,70
Sm,1,458.1580,70
Co,1,458.1600,27
Nb,1,458.1620,80
P,2,458.1710,21
Sm,1,458.1730,81
Ti,3,458.1730,62
Y,1,458.1771,38
Ne,1,458.2035,52
Y,1,458.2160,34
Pb,2,458.2270,60
Zr,1,458.2290,41
Yb,1,458.2360,77
Ne,1,458.2452,52
Ce,2,458.2500,55
Gd,2,458.2530,24
Tm,1,458.2842,35
Kr,1,458.2970,36
Kr,2,458.2978,91
Sr,1,458.2993,82
Gd,1,458.3070,75
Na,2,458.4383,15
Ru,1,458.4440,92
Sm,2,458.4830,62
Tb,2,458.4840,21
Xe,2,458.5480,94
Pm,1,458.5490,39
Sn,3,458.5800,3
Al,2,458.5817,95
Ac,2,458.5831,4
Ca,1,458.5870,74
Ca,1,458.5960,74
Mg,3,458.6200,55
V,1,458.6366,88
Nd,1,458.6620,70
Cu,1,458.6970,88
Gd,1,458.6990,46
In,2,458.7030,71
P,2,458.8040,87
Al,2,458.8082,23
Ne,2,458.8133,40
Al,2,458.8191,88
Cr,2,458.8198,69
Th,1,458.8426,28
W,1,458.8734,31
Yb,1,458.9210,51
S,1,458.9261,0
Th,3,458.9267,88
Dy,1,458.9360,95
Al,2,458.9674,81
Al,2,458.9742,86
Ba,1,458.9756,52
P,2,458.9860,88
Ar,2,458.9898,100
Ti,2,458.9947,31
Zr,1,459.0550,54
Tm,1,459.0649,15
Yb,1,459.0830,70
Na,2,459.0933,49
O,2,459.0972,96
Ru,1,459.1100,17
S,2,459.1123,53
V,1,459.1223,37
Cr,1,459.1391,80
Tb,2,459.1560,21
Sm,2,459.1820,24
Ba,1,459.1824,56
Sb,3,459.1890,78
Rb,2,459.1933,17
Xe,2,459.2050,84
Tb,1,459.2380,35
Ru,1,459.2520,29
Ni,1,459.2530,34
Th,1,459.2666,4
Kr,2,459.2800,84
Sc,1,459.2927,39
Ne,1,459.3243,12
Am,2,459.3310,78
Tc,1,459.3346,79
Sm,2,459.3540,39
Cs,2,459.3600,32
Xe,2,459.3700,2
Pm,1,459.3820,12
Ce,2,459.3930,84
Eu,1,459.4030,100
V,1,459.4116,92
Mo,1,459.5155,35
Ne,1,459.5249,12
Sm,2,459.5290,62
Th,1,459.5421,71
Cr,1,459.5589,53
K,2,459.5650,54
Pm,1,459.5820,48
Ar,1,459.6097,35
O,2,459.6175,92
Pb,3,459.6450,5
Y,1,459.6528,78
Tm,1,459.6626,75
Sm,1,459.6740,62
Sb,2,459.6900,86
Mg,3,459.6916,84
Gd,2,459.6980,37
Nd,2,459.7013,26
B,3,459.7300,14
Pm,1,459.7550,92
Th,3,459.7661,27
Gd,2,459.7910,49
Sc,1,459.8145,39
Yb,2,459.8360,37
Sc,1,459.8456,40
Kr,2,459.8490,62
Ar,2,459.8763,77
Hf,1,459.8801,55
Gd,1,459.8900,75
Hf,1,459.8920,33
Tm,1,459.9017,88
Ru,1,459.9080,59
Sb,2,459.9090,67
Ba,1,459.9717,75
I,2,459.9769,17
Rb,2,459.9893,48
Pm,1,460.0250,67
Ni,1,460.0370,22
Cr,1,460.0749,89
Cl,1,460.0980,16
Cr,1,460.1016,68
Gd,2,460.1050,52
Tm,2,460.1290,21
Br,2,460.1360,20
Pa,2,460.1430,83
N,2,460.1480,81
Sc,2,460.1495,76
La,1,460.2050,36
P,2,460.2080,95
O,2,460.2128,48
As,2,460.2427,86
Zr,1,460.2570,77
Eu,1,460.2630,21
Li,1,460.2830,40
Li,1,460.2890,44
Gd,1,460.2930,59
Pm,1,460.2960,48
Xe,2,460.3030,95
Tm,2,460.3430,29
Cs,2,460.3790,100
Nd,1,460.3820,71
Kr,2,460.4020,65
Tb,2,460.4100,16
Sm,2,460.4180,11
Zr,1,460.4420,54
Ir,1,460.4480,10
Pm,1,460.4590,49
Sc,1,460.4723,40
Sb,2,460.4770,45
Y,1,460.4793,69
Tm,1,460.4850,59
Ba,1,460.4983,57
Ni,1,460.5000,44
Tm,1,460.5231,16
Mn,1,460.5360,45
Lu,1,460.5390,46
Ac,2,460.5451,84
Pm,1,460.5660,80
Re,1,460.5730,20
La,2,460.5780,58
V,1,460.6147,36
Ni,1,460.6230,22
Ce,2,460.6400,55
Sm,2,460.6510,24
Er,1,460.6610,92
Nb,1,460.6770,93
N,2,460.7160,70
Sr,1,460.7331,100
Au,1,460.7510,96
Rh,1,460.8120,17
Cl,3,460.8210,33
Cm,1,460.8400,77
K,2,460.8450,82
Zr,3,460.8970,28
Tc,1,460.9159,40
Ho,2,460.9320,26
Tm,1,460.9354,19
Rn,1,460.9380,84
O,2,460.9442,63
Ti,3,460.9506,37
Sc,1,460.9528,40
Ar,2,460.9567,98
Al,2,460.9700,29
Kr,2,460.9750,41
Pm,1,460.9850,67
Nd,1,460.9870,71
Mo,1,460.9873,71
Ne,1,460.9910,52
Sc,1,460.9949,40
Ac,1,461.0100,78
O,2,461.0203,48
Sc,1,461.0408,41
Ti,3,461.0477,62
Cs,2,461.0513,51
Kr,2,461.0650,66
Ti,3,461.1041,5
B,2,461.1130,29
Po,1,461.1440,42
Ac,1,461.1590,8
Xe,1,461.1888,79
Tb,1,461.1960,22
Pr,3,461.2020,84
Pr,2,461.2080,40
Dy,1,461.2260,91
Er,3,461.2930,45
Y,1,461.2991,44
Cr,1,461.3357,82
Ho,1,461.3370,63
Na,2,461.3380,39
La,2,461.3390,81
S,3,461.3440,39
O,2,461.3681,5
Dy,1,461.3830,38
N,2,461.3870,60
Ac,1,461.3930,91
Tm,1,461.3967,64
Ne,1,461.4391,42
Tm,2,461.4470,25
Gd,1,461.4500,83
Kr,2,461.4500,33
Br,1,461.4579,41
Rb,2,461.4614,8
Dy,1,461.4820,38
Xe,2,461.5060,65
La,1,461.5070,25
Kr,2,461.5292,96
In,2,461.5310,43
Sm,2,461.5440,24
Xe,2,461.5500,77
Ag,1,461.5690,61
Sm,2,461.5690,52
Pm,2,461.5870,15
Tb,2,461.5920,16
Ti,3,461.5931,72
Tm,2,461.5940,58
In,2,461.6083,74
Ne,2,461.6091,60
Cr,1,461.6124,91
Cs,2,461.6169,91
Nb,1,461.6170,48
Ir,1,461.6390,20
In,2,461.6405,31
Os,1,461.6780,14
Tc,1,461.6857,79
Pm,1,461.7020,81
In,2,461.7175,60
Dy,2,461.7260,16
Ti,1,461.7268,83
Tb,1,461.7490,15
Xe,2,461.7500,63
Rb,3,461.7663,15
Ne,1,461.7837,26
Sn,2,461.8236,16
C,2,461.8400,85
Pm,1,461.8400,13
Pm,1,461.8490,49
Cr,2,461.8807,52
Ho,1,461.8840,58
Tm,2,461.9060,21
Kr,2,461.9166,99
C,2,461.9230,92
Tb,2,461.9360,7
Ta,1,461.9512,74
Cr,1,461.9533,57
Si,3,461.9660,38
Pm,1,461.9750,67
V,1,461.9777,68
Ti,3,461.9782,46
La,2,461.9880,81
Ba,1,461.9920,61
In,2,461.9987,65
Dy,2,462.0030,30
Ag,2,462.0036,17
Rb,2,462.0066,17
U,1,462.0210,46
C,2,462.0350,81
Ag,2,462.0471,12
Au,1,462.0560,73
Cs,3,462.0609,88
In,2,462.0728,60
Hf,1,462.0862,55
Mg,1,462.1299,30
Mo,1,462.1365,7
Re,1,462.1380,14
N,2,462.1390,71
Si,2,462.1420,61
Pm,1,462.1570,68
Ac,1,462.1690,65
Tm,1,462.1716,59
Si,2,462.1720,72
Nd,1,462.1940,94
Cr,1,462.1942,63
Rb,2,462.2423,94
Cr,1,462.2449,21
Tc,1,462.2691,21
Br,2,462.2700,51
Cr,1,462.2747,8
Cs,2,462.3094,72
Ti,1,462.3097,75
Pm,1,462.3310,68
Pm,1,462.3680,84
Cl,1,462.3938,6
S,2,462.4116,53
Pm,1,462.4410,96
Rb,2,462.4413,25
Gd,1,462.4420,44
Ce,2,462.4900,55
Tc,1,462.4961,40
Pr,3,462.5180,90
Pm,1,462.5290,69
C,2,462.5560,71
Cr,1,462.5922,25
Cr,1,462.6173,89
Tb,2,462.6320,22
Tm,2,462.6330,31
Zr,1,462.6410,68
Mo,1,462.6464,75
Mn,1,462.6540,45
Tm,2,462.6560,32
P,2,462.6700,65
Tb,2,462.6940,25
Tm,1,462.6968,59
U,2,462.7070,14
Eu,1,462.7220,100
In,2,462.7312,56
C,2,462.7440,43
Mo,1,462.7481,7
Ce,3,462.7600,22
Pm,1,462.7600,50
Nd,1,462.7980,72
Ne,2,462.7981,40
Ti,3,462.8067,46
In,2,462.8074,71
Ce,2,462.8160,96
Ho,1,462.8220,58
Ne,1,462.8311,52
Ba,1,462.8331,68
Ar,1,462.8441,16
Pr,2,462.8740,65
Ne,3,462.8870,1
Ho,2,462.9100,55
Ti,1,462.9336,61
Co,1,462.9380,23
Ca,3,462.9485,31
Al,2,462.9700,30
As,2,462.9787,27
Zn,1,462.9808,71
C,2,462.9980,59
Nb,1,463.0110,78
N,2,463.0540,96
Tc,1,463.0572,80
Te,2,463.0623,60
Mg,2,463.0878,9
Er,2,463.0880,31
Pm,1,463.0930,13
Mg,2,463.1405,2
Al,2,463.1500,24
U,1,463.1620,39
Th,2,463.1762,56
Os,1,463.1830,14
Rb,2,463.1888,73
Tb,1,463.2070,45
Pr,1,463.2280,88
Ce,1,463.2320,91
I,2,463.2446,28
B,3,463.2490,58
Mg,3,463.2531,73
Xe,3,463.2640,12
Ca,3,463.2869,42
Ta,1,463.3060,18
Tc,1,463.3152,21
Al,2,463.3200,24
Xe,2,463.3300,50
Pm,1,463.3450,81
Kr,2,463.3885,98
Tm,1,463.3960,67
Zr,1,463.3980,90
Cr,2,463.4073,30
N,3,463.4140,27
Ti,3,463.4166,63
Nd,1,463.4240,100
Tm,2,463.4260,34
Ne,2,463.4762,16
V,1,463.5174,36
Kr,2,463.5420,17
Pr,1,463.5680,89
Ru,1,463.5690,33
Al,2,463.5763,50
Ne,1,463.6125,27
Kr,1,463.6140,67
La,2,463.6430,24
Tb,1,463.6590,46
Ne,1,463.6636,27
Gd,1,463.6640,78
Ne,1,463.6974,13
Tb,2,463.6990,7
In,2,463.7047,77
Cr,1,463.7174,53
Ti,2,463.7232,29
Ar,2,463.7232,71
Tc,1,463.7500,91
C,2,463.7630,54
Cr,1,463.7760,50
Ti,1,463.7869,23
Se,3,463.7900,12
In,2,463.8168,97
Si,3,463.8280,38
O,2,463.8855,92
C,2,463.8910,57
Gd,2,463.9000,20
Yb,3,463.9140,48
Ti,1,463.9361,69
Pr,1,463.9550,95
Ti,1,463.9661,66
Ti,1,463.9940,65
Gd,1,464.0040,46
Th,2,464.0046,12
Ne,1,464.0443,27
Er,2,464.0600,24
N,3,464.0640,56
Tm,1,464.0796,21
Pm,1,464.0960,50
Tb,2,464.1000,24
Nd,1,464.1100,97
Te,2,464.1125,68
Ra,1,464.1290,74
O,2,464.1810,96
K,1,464.1876,56
Tb,2,464.1980,45
Br,2,464.2020,21
Sc,3,464.2080,30
Sm,2,464.2240,82
K,1,464.2373,62
Cu,1,464.2580,64
Tm,2,464.2960,25
N,2,464.3080,82
Tm,1,464.3125,75
Rh,1,464.3180,12
Tc,1,464.3280,55
Pm,1,464.3360,84
Pr,2,464.3490,34
Y,1,464.3698,97
Pm,1,464.3760,85
Tm,1,464.4579,54
In,2,464.4581,96
Zr,1,464.4830,69
Ne,1,464.4833,2
Ru,1,464.5090,40
Ti,1,464.5189,49
La,2,464.5280,48
Tb,2,464.5310,54
Sm,1,464.5400,71
Ne,1,464.5418,72
Lu,1,464.5470,53
Nd,2,464.5770,37
Pm,1,464.5940,50
Gd,1,464.6000,47
Pr,2,464.6050,41
Cr,1,464.6162,95
Na,2,464.6200,5
Ba,3,464.6217,58
La,1,464.6340,51
V,1,464.6393,36
Nd,1,464.6400,87
Cs,2,464.6518,89
U,2,464.6600,13
Sm,2,464.6680,24
Pm,1,464.7030,81
Tb,1,464.7230,53
Sb,2,464.7316,87
Al,2,464.7321,37
C,3,464.7420,94
Fe,1,464.7434,1
La,2,464.7510,37
Ru,1,464.7610,79
Gd,1,464.7640,47
Cr,1,464.8116,49
Sc,3,464.8148,11
Sm,2,464.8160,15
S,2,464.8170,54
Lu,1,464.8210,55
Tc,1,464.8332,87
Rb,2,464.8566,98
Gd,1,464.8590,47
Al,2,464.8611,88
La,1,464.8650,73
Ni,1,464.8660,46
Lu,1,464.8850,54
Cr,1,464.8868,20
Nb,1,464.8950,79
Ti,3,464.9000,5
Am,1,464.9120,17
O,2,464.9135,98
Nb,1,464.9270,29
Ti,3,464.9452,79
Sm,1,464.9490,75
Nd,1,464.9670,95
Ho,2,464.9770,43
Ne,1,464.9904,27
Ti,1,465.0010,40
Kr,2,465.0180,50
C,3,465.0250,90
La,1,465.0330,37
Pm,1,465.0420,82
Ce,1,465.0510,80
Pm,1,465.0520,69
O,2,465.0839,92
Cu,1,465.1124,96
Cr,1,465.1291,11
C,3,465.1470,83
Pr,2,465.1500,52
Th,2,465.1555,15
Xe,2,465.1940,78
Br,2,465.1980,22
In,2,465.2000,49
La,1,465.2080,52
Cr,1,465.2157,93
Sr,3,465.2858,39
Ti,3,465.2861,88
Al,2,465.3000,9
Xe,2,465.3000,46
Pm,1,465.3410,51
Am,1,465.3450,20
Gd,1,465.3540,78
Ne,1,465.3699,13
Y,1,465.3784,79
Cl,1,465.4040,12
Pr,3,465.4160,58
Ru,1,465.4320,53
Te,2,465.4370,79
Pm,1,465.4500,51
Nd,1,465.4730,88
Al,2,465.5050,10
Pm,1,465.5050,70
Tm,1,465.5087,80
Hf,1,465.5198,56
La,2,465.5500,84
In,2,465.5621,97
Ti,1,465.6043,3
Ir,1,465.6180,13
Ne,1,465.6394,73
Ti,1,465.6468,95
Cs,2,465.6544,68
In,2,465.6740,90
S,2,465.6777,83
Hg,2,465.7320,29
Xe,3,465.7780,82
Ar,2,465.7901,96
Lu,1,465.8020,86
P,2,465.8310,66
Y,1,465.8319,87
Tb,1,465.8380,45
Kr,2,465.8876,99
Y,1,465.8882,60
Lu,1,465.9030,47
Rb,2,465.9285,79
K,2,465.9380,55
Pm,1,465.9380,39
W,1,465.9867,31
Tc,1,466.0212,87
Hg,2,466.0219,88
Rb,2,466.0566,17
La,1,466.0700,37
Pm,1,466.0790,70
Ne,1,466.1105,53
Cl,1,466.1208,17
Ho,2,466.1330,27
O,2,466.1633,95
Eu,1,466.1880,99
Xe,1,466.2260,21
Ge,2,466.2310,26
Cd,1,466.2352,12
Sc,2,466.2390,10
La,2,466.2510,78
Cu,2,466.2654,18
Dy,1,466.2720,39
Mo,1,466.2759,49
Am,1,466.2790,94
Tb,1,466.2790,53
Al,2,466.3056,98
Ne,1,466.3092,2
Th,1,466.3203,15
Pm,1,466.3260,40
Co,1,466.3410,20
Pm,1,466.3460,82
Ti,3,466.3462,37
Ra,2,466.3520,34
Sm,1,466.3560,71
La,2,466.3760,69
Cr,1,466.3816,20
Os,1,466.3820,10
Nb,1,466.3830,79
Au,1,466.3920,1
Au,1,466.3970,8
Pr,2,466.4650,41
Dy,2,466.4660,27
Cr,1,466.4782,28
Na,1,466.4811,3
Pm,1,466.5190,52
Er,2,466.5440,24
Tb,1,466.5450,37
Cs,3,466.5518,82
Rb,2,466.5726,26
C,3,466.5860,56
Si,3,466.5870,55
Cr,1,466.5906,24
Th,2,466.6005,14
Cr,1,466.6197,10
Nb,1,466.6240,72
Xe,2,466.6280,46
I,2,466.6484,38
Ne,1,466.6654,13
Tm,1,466.6700,54
Tm,2,466.6700,22
Al,2,466.6800,88
Cs,2,466.6846,45
U,2,466.6850,12
Nb,1,466.7220,61
Ca,3,466.7254,31
Cu,2,466.7315,11
Ne,1,466.7364,43
Y,1,466.7473,66
Ti,1,466.7584,96
Ag,1,466.8477,88
Xe,2,466.8490,65
Na,1,466.8560,16
S,2,466.8583,67
La,2,466.8910,68
Ir,1,466.8990,7
Ta,1,466.9143,50
Tc,1,466.9305,88
Sm,2,466.9400,75
Tb,1,466.9400,30
Sm,2,466.9650,66
Th,1,466.9984,25
Cs,2,467.0286,82
Sc,2,467.0406,100
V,1,467.0482,45
Nd,2,467.0560,10
Sn,3,467.0700,43
Sm,1,467.0750,85
Y,1,467.0852,56
Gd,1,467.0870,44
Ne,1,467.0884,28
Pm,1,467.1230,71
Ge,2,467.1273,52
U,2,467.1400,9
Xe,3,467.1600,12
Kr,1,467.1610,55
Li,2,467.1650,82
Mn,1,467.1690,15
Li,2,467.1700,35
Cu,2,467.1702,44
Pm,1,467.1760,52
Ti,3,467.1816,63
La,2,467.1830,59
Mo,1,467.1895,23
Tm,2,467.1990,22
Nb,1,467.2090,85
Pr,2,467.2090,65
Tc,1,467.2170,47
Ra,1,467.2190,8
Xe,2,467.2200,66
Er,1,467.3160,75
Mg,3,467.3303,80
Be,2,467.3329,96
Ti,3,467.3396,63
Be,2,467.3423,97
Cu,2,467.3577,34
In,2,467.3599,64
Dy,2,467.3600,20
Ba,1,467.3619,76
Th,1,467.3661,87
Xe,3,467.3670,87
O,2,467.3732,64
Kr,3,467.3800,18
Ge,3,467.4360,36
Pm,1,467.4420,71
Xe,2,467.4560,47
Sm,2,467.4600,87
Ho,2,467.4620,30
Cu,1,467.4720,78
Y,1,467.4848,97
Rh,1,467.5030,68
Tm,1,467.5098,55
Sr,3,467.5100,28
Ti,1,467.5116,30
Tm,1,467.5312,72
Nb,1,467.5370,84
I,2,467.5530,63
Er,2,467.5620,80
Sb,2,467.5745,69
Th,1,467.6056,0
O,2,467.6235,92
Th,3,467.6304,58
Xe,2,467.6460,78
C,1,467.6660,58
Tb,1,467.6900,54
Sm,2,467.6910,69
Rb,3,467.6922,16
O,2,467.7068,5
Pm,1,467.7460,14
Ag,1,467.7600,62
S,3,467.7615,40
Sr,1,467.7750,68
Tm,2,467.7860,26
Pm,1,467.7920,71
Li,2,467.8060,51
Pm,1,467.8090,53
Cd,1,467.8149,76
Ne,1,467.8218,73
Li,2,467.8290,15
Sr,1,467.8326,78
Y,1,467.8357,56
Nb,1,467.8480,29
Ne,1,467.8611,13
Br,2,467.8700,91
Tc,1,467.8903,22
Er,2,467.9060,30
Ne,1,467.9135,53
Gd,1,467.9180,48
Gd,1,468.0040,63
Zn,1,468.0136,85
Ne,1,468.0367,43
Kr,2,468.0405,96
W,1,468.0509,53
Ti,3,468.0580,24
Nd,2,468.0734,17
In,2,468.1105,98
Ne,1,468.1200,14
S,2,468.1294,42
Sm,1,468.1550,57
Am,1,468.1650,76
Ru,1,468.1790,53
Tb,1,468.1870,50
Ta,1,468.1875,85
Ti,1,468.1908,98
Tm,1,468.1920,84
Cu,2,468.1994,49
Dy,2,468.2030,12
Ac,1,468.2160,80
Ra,2,468.2239,98
Y,2,468.2321,60
Tb,1,468.2520,37
Tb,2,468.2790,2
Pm,1,468.2920,85
Si,3,468.3020,64
Gd,1,468.3330,78
Zr,1,468.3420,71
Nd,1,468.3450,96
Xe,3,468.3550,91
Si,3,468.3800,39
Yb,2,468.3810,35
Ru,1,468.4020,36
Nd,1,468.4040,74
Gd,3,468.4250,12
Yb,1,468.4270,32
Ce,2,468.4610,25
In,2,468.4779,93
Ta,1,468.4867,18
Ac,2,468.4911,7
Tm,1,468.5114,68
Nb,1,468.5140,70
Ta,1,468.5266,12
Ca,1,468.5270,61
Ge,1,468.5829,51
Th,1,468.6195,43
Ni,1,468.6220,28
Kr,2,468.6300,17
Hg,2,468.6563,29
Te,2,468.6905,84
Tm,1,468.6909,2
Sm,2,468.7180,38
Kr,2,468.7280,24
Ar,3,468.7618,48
Ne,1,468.7671,43
Pr,1,468.7800,93
Zr,1,468.7800,99
Gd,1,468.8120,44
Mo,1,468.8213,23
Zr,1,468.8450,83
Sr,1,468.8546,87
Tb,2,468.8630,23
Sm,1,468.8730,75
Kr,3,468.8790,18
U,2,468.9070,13
Th,2,468.9170,34
Cr,1,468.9357,20
Tc,1,468.9359,48
Dy,2,468.9750,12
Y,1,468.9767,66
Lu,1,468.9770,32
Ge,2,468.9871,71
Ge,2,469.0023,61
Ru,1,469.0110,54
Nd,1,469.0350,75
Mg,3,469.0361,33
Ac,1,469.0521,73
Xe,1,469.0970,79
Tm,1,469.1111,80
La,2,469.1180,45
Kr,2,469.1301,76
Ti,1,469.1332,65
O,2,469.1416,17
Cl,1,469.1523,8
Ba,1,469.1614,85
Ta,1,469.1900,50
La,2,469.2500,70
Sb,3,469.2910,81
Tb,2,469.3110,23
Br,2,469.3170,71
Ac,1,469.3290,38
Xe,2,469.3340,22
Tb,2,469.3390,7
Kr,3,469.3650,18
Ti,1,469.3664,47
Cr,1,469.3939,23
Th,2,469.4091,70
S,1,469.4130,84
Tc,1,469.4282,40
Gd,1,469.4330,86
Kr,2,469.4360,86
Au,1,469.4690,24
Kr,1,469.4840,36
Th,1,469.5038,46
Ti,3,469.5440,24
S,1,469.5450,74
Gd,1,469.5490,48
Cs,2,469.5608,44
Kr,2,469.5660,62
Pr,1,469.5770,98
S,1,469.6250,62
O,2,469.6347,48
Te,2,469.6382,62
Nd,1,469.6440,84
Y,1,469.6799,84
Pm,1,469.6800,72
Cr,1,469.7050,53
Gd,1,469.7420,79
Ba,3,469.7438,84
Cu,1,469.7490,72
Xe,2,469.8010,84
Sc,2,469.8284,81
Cr,1,469.8460,46
Cr,1,469.8606,57
Dy,2,469.8680,23
Ti,1,469.8760,60
Ti,1,469.8829,4
O,2,469.9003,73
Hf,1,469.9008,15
Ba,1,469.9095,54
O,2,469.9220,84
Ra,1,469.9280,74
Pm,1,469.9510,14
La,2,469.9630,45
Kr,2,469.9690,51
Am,2,469.9700,87
S,2,470.0224,49
La,1,470.0260,37
Ba,1,470.0422,71
Cr,1,470.0610,24
Al,3,470.1148,46
Mn,1,470.1160,24
Ho,2,470.1170,14
O,2,470.1184,37
Al,3,470.1412,54
Tm,1,470.1565,67
Ti,3,470.1590,5
Ho,2,470.1690,16
C,1,470.1700,9
Cu,1,470.1710,25
Ra,1,470.1970,14
Ar,1,470.2316,36
Tb,2,470.2410,39
U,2,470.2510,10
Ne,1,470.2530,53
Be,2,470.2570,43
La,1,470.2640,38
Mg,1,470.2991,93
Gd,1,470.3130,48
Cl,3,470.3140,4
O,2,470.3163,64
Ti,3,470.3180,6
La,2,470.3280,55
Nd,2,470.3576,10
Ca,3,470.3604,12
Sr,1,470.3984,18
Th,1,470.3990,92
Ne,1,470.4395,93
Sm,2,470.4400,59
Cu,1,470.4594,76
Hg,2,470.4625,53
Xe,2,470.4670,13
Br,2,470.4850,92
Bi,2,470.5285,92
O,2,470.5352,95
Th,2,470.5761,43
Ac,1,470.5782,86
Ag,2,470.5873,7
Ta,1,470.6091,23
Nb,1,470.6140,38
Te,2,470.6535,67
Nd,2,470.6542,70
Am,1,470.6800,57
Tc,1,470.6918,80
Sc,1,470.6938,41
Nd,1,470.6960,80
Mo,1,470.7247,83
As,2,470.7586,29
Zr,1,470.7790,46
Tb,2,470.7940,28
Ac,1,470.7970,79
Cr,1,470.8012,57
Pr,2,470.8070,41
La,1,470.8190,38
Xe,1,470.8210,15
Mo,1,470.8222,30
Nb,1,470.8290,65
Ca,3,470.8829,49
Y,1,470.8851,39
Ne,1,470.8859,92
Ir,1,470.8880,11
Xe,2,470.8920,7
Sc,1,470.9313,41
Be,1,470.9370,13
Ru,1,470.9480,90
Pr,1,470.9520,89
Nd,2,470.9714,20
Mn,1,470.9720,61
Gd,1,470.9780,51
Ho,2,470.9840,27
O,2,471.0012,77
Ne,1,471.0065,87
Zr,1,471.0080,97
Ti,1,471.0186,56
Kr,3,471.0480,70
Sb,2,471.1260,96
Ho,1,471.1390,46
Zr,1,471.1920,58
Ne,1,471.2063,93
Sr,1,471.2146,78
Sr,1,471.2347,69
Xe,3,471.2580,91
Xe,2,471.2630,47
La,2,471.2930,38
Sm,2,471.3060,20
He,1,471.3146,70
Nb,1,471.3500,43
Eu,1,471.3590,29
Pr,3,471.3700,90
Sc,1,471.3845,41
Sr,1,471.3959,27
Ce,2,471.4000,2
Tc,1,471.4222,22
Ne,1,471.4340,28
Ni,1,471.4420,52
V,3,471.4890,2
Gd,3,471.5060,12
Xe,2,471.5180,66
Ti,1,471.5299,42
Ne,1,471.5344,93
Nd,2,471.5589,20
Ni,1,471.5780,26
Sn,3,471.5800,20
Tb,2,471.6070,12
Sm,1,471.6100,94
B,2,471.6110,21
Cs,3,471.6118,49
S,2,471.6267,87
Ca,3,471.6269,47
La,2,471.6440,62
Ac,1,471.6581,98
Si,3,471.6650,88
Lu,1,471.6700,23
Ca,2,471.6740,33
Ac,2,471.6741,18
Sm,1,471.7070,67
Ho,1,471.7520,63
La,2,471.7590,18
Ne,1,471.7609,28
Zr,1,471.7620,50
Sm,2,471.7720,8
Tc,1,471.7766,88
Mo,1,471.7919,49
Sm,2,471.8330,6
Cr,1,471.8420,64
Tc,1,471.9018,55
Nd,1,471.9020,90
Zr,1,471.9120,69
Tc,1,471.9281,92
Br,2,471.9760,52
Sm,2,471.9840,21
La,2,471.9940,55
Ac,2,472.0159,85
Br,2,472.0360,72
Ti,3,472.0900,6
Mg,3,472.0936,62
Rh,1,472.1000,7
Ca,2,472.1030,39
Dy,1,472.1220,57
Cl,1,472.1255,7
Gd,1,472.1460,38
Ne,1,472.1534,28
Ar,2,472.1591,16
Rn,1,472.1760,76
Pm,2,472.2060,66
Zn,1,472.2157,92
Sr,1,472.2278,92
Na,2,472.2333,49
Bi,1,472.2528,79
Ti,1,472.2606,35
Er,1,472.2690,69
U,2,472.2720,12
Cs,2,472.3063,35
Cr,1,472.3097,12
Ti,1,472.3162,33
Mg,3,472.3204,62
Th,1,472.3438,85
Xe,3,472.3600,79
Th,2,472.3784,73
Ne,1,472.3810,29
Tm,1,472.4260,78
Nd,2,472.4350,20
Cr,1,472.4412,31
La,2,472.4430,18
Ba,1,472.4713,32
Kr,1,472.4890,67
Ne,1,472.5145,29
Tm,1,472.5548,16
Pr,3,472.5550,81
Y,1,472.5842,57
Yb,2,472.6080,88
Lu,1,472.6200,41
Ba,1,472.6434,87
Ar,2,472.6868,100
Pm,1,472.7060,40
Dy,2,472.7130,18
Cr,1,472.7150,45
C,2,472.7410,50
Mn,1,472.7480,64
Ca,3,472.7634,30
Tb,2,472.8160,13
Br,2,472.8200,23
Pr,3,472.8210,79
Pm,1,472.8360,96
La,2,472.8420,70
Sm,1,472.8420,96
Gd,2,472.8470,27
Y,1,472.8514,83
Pm,1,472.8680,53
Ho,2,472.8720,7
Bi,3,472.8730,29
Sc,1,472.8766,64
Ir,1,472.8860,17
Er,1,472.9050,64
Th,2,472.9084,2
Th,1,472.9128,7
Mo,1,472.9136,7
Sc,1,472.9209,65
S,2,472.9444,49
Sr,1,472.9466,36
Kr,3,472.9720,29
Mg,1,473.0029,64
Bi,2,473.0267,77
Rb,2,473.0454,86
Si,3,473.0520,40
As,2,473.0670,32
Pr,1,473.0670,93
Cr,1,473.0710,68
Se,1,473.0800,97
Ti,3,473.1110,37
Na,2,473.1141,49
Ti,1,473.1165,22
Xe,2,473.1190,66
Ru,1,473.1330,27
Ar,3,473.1386,65
Mo,1,473.1441,84
U,2,473.1590,12
Nd,1,473.1770,81
Dy,2,473.1840,32
Ir,1,473.1860,11
Ar,2,473.2053,79
Y,1,473.2280,52
Sc,1,473.2294,42
Zr,1,473.2330,73
Y,1,473.2399,57
Na,2,473.2502,27
Xe,2,473.2510,23
Gd,2,473.2600,37
Y,1,473.2754,1
Cs,2,473.2986,84
Tm,1,473.3335,96
Ti,1,473.3421,0
Ru,1,473.3520,22
Nb,1,473.3890,29
Sc,1,473.4109,65
Pr,2,473.4117,32
Xe,1,473.4152,98
Tb,1,473.4200,45
C,1,473.4262,81
Pm,1,473.4270,92
F,2,473.4380,16
C,2,473.4600,61
Sc,1,473.5076,42
C,1,473.5165,39
Pu,1,473.5400,57
Br,2,473.5410,24
Sb,2,473.5440,28
C,2,473.5460,35
Er,3,473.5560,98
Gd,1,473.5750,63
Ar,2,473.5906,95
Tc,1,473.6515,22
Ca,3,473.6681,33
Pr,1,473.6690,97
Fe,1,473.6773,10
Tl,2,473.7050,87
Ce,2,473.7280,36
Cr,1,473.7347,73
Xe,1,473.7490,21
Y,3,473.7620,43
Sc,1,473.7647,42
C,2,473.7970,20
Pm,1,473.7990,15
Ho,2,473.8000,7
C,1,473.8213,38
Mn,2,473.8300,47
C,1,473.8466,66
Se,1,473.9000,88
Kr,2,473.9002,100
Pm,2,473.9080,15
Mn,1,473.9110,55
Zr,1,473.9480,96
Mg,2,473.9588,41
Cs,2,473.9653,16
Mg,2,473.9712,34
Pm,1,473.9780,15
Tb,1,473.9930,54
Ra,1,474.0070,14
Ta,1,474.0163,56
La,2,474.0280,84
Eu,1,474.0500,24
Ac,2,474.0510,55
Th,2,474.0529,63
Tc,1,474.0608,99
Cl,1,474.0729,9
K,1,474.0914,12
Sc,3,474.0954,60
Sc,1,474.1024,65
Y,1,474.1401,66
Na,2,474.1669,49
O,2,474.1707,27
Ge,2,474.1806,97
Sr,1,474.1922,92
Ho,2,474.2040,56
Se,1,474.2200,81
Hg,2,474.2297,53
S,2,474.2389,31
C,1,474.2570,50
Br,2,474.2640,73
Ti,1,474.2789,67
La,2,474.3090,79
Gd,1,474.3650,76
Sc,1,474.3821,65
Pr,1,474.4160,83
K,1,474.4345,25
Cd,2,474.4693,36
C,2,474.4770,51
K,2,474.4920,41
Rh,1,474.5110,48
Pm,1,474.5130,44
Kr,3,474.5280,48
Sm,2,474.5680,52
Dy,2,474.5730,8
Gd,1,474.5820,38
Pr,2,474.6920,43
Pr,3,474.7110,81
C,2,474.7280,33
In,2,474.7540,11
Tb,1,474.7800,51
Na,1,474.7941,4
La,2,474.8730,77
Xe,3,474.8940,87
Ho,2,474.9090,7
Th,1,474.9200,25
Ne,1,474.9575,73
Tc,1,474.9614,56
Bi,2,474.9700,57
Nb,1,474.9700,59
Mo,1,475.0390,8
La,1,475.0410,52
Sm,1,475.0720,52
Tm,2,475.0750,22
O,2,475.1271,64
Bi,3,475.1340,68
Ho,1,475.1400,31
Er,2,475.1520,26
Na,1,475.1822,17
Kr,2,475.2020,76
Cr,1,475.2088,61
Br,1,475.2280,42
Th,2,475.2414,75
Tb,2,475.2530,73
O,2,475.2681,17
Tc,1,475.2717,80
Ne,1,475.2732,78
Y,1,475.2790,82
Sc,1,475.3165,66
K,1,475.3934,18
Mn,1,475.4040,90
Ne,1,475.4440,43
Kr,3,475.4480,44
Tm,1,475.4589,10
Dy,2,475.4990,17
S,2,475.5091,63
Rb,2,475.5296,86
Sr,1,475.5495,74
Mn,2,475.5733,70
U,2,475.5740,10
Cr,1,475.6118,35
Ir,1,475.6460,13
Ta,1,475.6506,68
Ni,1,475.6520,33
U,1,475.6810,36
Ho,1,475.7010,59
Xe,3,475.7320,35
K,1,475.7389,33
Cs,2,475.7631,19
Pm,1,475.7730,72
Sb,1,475.7810,1
Sb,2,475.7810,70
Rb,2,475.7822,76
Ru,1,475.7840,70
Ir,1,475.7960,6
Ta,1,475.8033,18
Ti,1,475.8118,76
Cu,2,475.8433,23
Tb,2,475.8440,13
Gd,1,475.8700,72
Ne,1,475.8728,53
Ti,1,475.8900,0
Pm,1,475.9000,93
Ti,1,475.9269,77
Er,2,475.9650,32
Tm,1,475.9905,69
Dy,2,476.0040,13
Ti,3,476.0110,6
Au,2,476.0170,4
Mo,1,476.0182,85
Tb,2,476.0190,13
Sm,1,476.0270,95
Gd,1,476.0740,38
Y,1,476.0978,91
Pb,3,476.1120,64
Mn,1,476.1530,65
Hg,2,476.2266,38
C,1,476.2303,89
Tc,1,476.2362,22
Tb,2,476.2370,7
Mn,1,476.2380,88
Ho,2,476.2390,8
Kr,2,476.2435,92
C,1,476.2525,90
Pm,1,476.2570,86
Pr,2,476.2720,32
Zr,1,476.2780,62
Y,1,476.2955,8
I,1,476.3299,44
S,2,476.3370,49
Ho,2,476.3570,8
Ti,3,476.3580,46
Cs,2,476.3636,92
Gd,1,476.3820,42
Rb,2,476.3915,8
Ni,1,476.3950,17
Cr,1,476.4294,57
Th,1,476.4346,0
S,2,476.4450,13
Tb,2,476.4470,3
Mn,2,476.4730,47
Ar,2,476.4864,98
Sb,2,476.5360,72
Kr,2,476.5744,99
Mn,1,476.5860,77
Br,2,476.6000,53
Te,2,476.6055,83
Ce,3,476.6070,8
Y,1,476.6078,7
Mn,1,476.6430,83
Th,1,476.6600,13
Cr,1,476.6634,9
C,1,476.6670,87
La,1,476.6890,87
Sb,2,476.6910,30
Gd,1,476.7240,80
Cu,1,476.7490,54
Cr,1,476.7855,31
Cl,2,476.8650,66
Na,2,476.8902,50
Ta,1,476.8983,47
Xe,2,476.9050,73
C,1,477.0024,88
Sm,1,477.0200,45
La,1,477.0430,38
Ti,3,477.1460,46
Tc,1,477.1543,93
Te,2,477.1557,70
C,1,477.1733,94
Pr,3,477.1830,82
Dy,1,477.1940,47
Ar,3,477.2166,34
Zr,1,477.2310,93
U,2,477.2700,10
Kr,2,477.3010,56
Xe,2,477.3190,61
Ba,3,477.3366,7
Pm,1,477.3460,86
Hf,1,477.3720,10
Tc,1,477.3890,23
Ce,2,477.3940,11
Th,2,477.4251,31
Dy,1,477.4800,39
Pr,3,477.5300,84
Xe,2,477.5760,7
Dy,1,477.5790,62
C,1,477.5907,91
Rb,2,477.5949,99
Sn,2,477.6100,7
Cu,1,477.6220,39
Mo,1,477.6341,30
Ac,1,477.6770,54
Ho,2,477.7480,10
Sm,2,477.7850,6
Ir,1,477.8160,19
Ti,1,477.8255,38
Th,1,477.8294,78
Tb,2,477.8360,11
Tb,2,477.8800,11
S,2,477.9094,63
Xe,2,477.9180,61
Sc,1,477.9354,66
Br,2,477.9400,74
Ho,1,477.9420,26
Nd,1,477.9460,78
Ti,2,477.9979,21
Y,1,478.0163,22
Br,1,478.0310,49
Ne,1,478.0338,73
Rb,2,478.0526,38
Th,3,478.0692,17
Sc,3,478.0868,65
Ta,1,478.0935,31
Y,1,478.1033,74
Ho,1,478.1190,49
Sr,3,478.1248,5
Pm,1,478.1290,97
Cl,2,478.1320,81
Ti,1,478.1711,24
Yb,1,478.1870,74
Gd,1,478.1920,49
Hf,1,478.2737,24
Gd,3,478.2790,13
Rb,2,478.2830,96
Ho,1,478.2920,47
Si,1,478.2991,37
Sm,1,478.3100,91
Er,3,478.3120,95
Pr,2,478.3350,35
Mn,1,478.3420,90
Sr,1,478.3782,90
C,1,478.3795,31
Tc,1,478.3925,23
Sb,2,478.4030,89
B,2,478.4206,77
Sr,1,478.4320,92
Gd,1,478.4620,70
Te,2,478.4867,56
Zr,1,478.4920,69
Br,1,478.5190,22
Lu,2,478.5420,43
Br,2,478.5500,93
Tc,1,478.5597,56
Sm,1,478.5860,72
S,2,478.5940,13
Ho,1,478.6290,41
Cs,2,478.6378,86
K,1,478.6491,19
V,1,478.6499,14
Ni,1,478.6540,36
Y,2,478.6576,52
Yb,2,478.6610,86
Xe,2,478.6650,13
Gd,1,478.6750,39
Tb,1,478.6780,61
Y,1,478.6875,84
Dy,2,478.6920,19
Ac,1,478.6960,48
Xe,2,478.7770,66
N,2,478.8130,45
Pd,1,478.8187,34
Ag,2,478.8397,22
Zr,1,478.8670,58
Na,2,478.8790,27
Ne,1,478.8926,88
Cr,1,478.9340,12
Th,1,478.9387,55
Nd,2,478.9410,18
Sc,2,478.9585,66
Ne,1,478.9598,44
Kr,3,478.9740,48
Tb,2,478.9910,13
Tm,2,478.9920,18
Sm,1,478.9960,53
Ne,1,479.0220,78
Tc,1,479.0482,23
Ti,3,479.1035,63
K,1,479.1049,35
Dy,1,479.1290,58
Re,1,479.1420,28
Ho,2,479.1480,8
Sc,1,479.1520,42
Sm,2,479.1580,11
Tc,1,479.1623,31
C,1,479.1710,20
S,2,479.2012,67
Sn,2,479.2073,10
Si,1,479.2212,12
Si,1,479.2324,52
Ti,1,479.2483,41
Cr,1,479.2512,12
Xe,2,479.2560,47
Au,1,479.2580,93
Eu,1,479.2580,42
Xe,1,479.2619,87
C,1,479.2649,20
Co,1,479.2860,22
Sr,3,479.3095,10
Ti,3,479.3170,6
Ti,3,479.3503,7
Ne,3,479.3780,30
Os,1,479.3990,74
Cu,1,479.4000,64
Xe,3,479.4490,99
Cl,2,479.4550,98
Pm,1,479.4590,23
Pm,1,479.5430,16
Ir,1,479.5670,15
C,1,479.5878,13
Ho,2,479.5920,9
C,1,479.6082,20
Ti,1,479.6211,10
Kr,2,479.6330,66
Ag,1,479.6460,47
Xe,2,479.6480,2
Xe,3,479.6510,13
Mo,1,479.6517,8
La,2,479.6690,16
In,2,479.6820,9
V,1,479.6908,24
Hg,3,479.7010,87
Cu,1,479.7042,39
Nd,2,479.7157,9
Bi,3,479.7500,74
Pb,3,479.8590,43
Ho,1,479.8870,37
Pm,1,479.8980,87
Y,1,479.9301,85
Xe,2,479.9450,23
K,1,479.9754,27
Ti,1,479.9795,56
Cd,1,479.9912,81
Ca,2,479.9970,40
Tc,1,479.9978,41
La,1,480.0000,34
I,1,480.0191,40
La,1,480.0250,25
Ti,3,480.0273,25
Si,3,480.0430,56
Hf,1,480.0500,71
Dy,1,480.0640,26
Cr,1,480.1028,12
Gd,2,480.1050,26
Pm,1,480.1360,97
Ar,3,480.1368,14
Tb,2,480.1870,8
Sb,2,480.2010,74
Br,2,480.2330,25
C,2,480.2450,68
Mg,3,480.2601,73
Sc,2,480.3030,70
Ra,1,480.3110,32
N,2,480.3290,72
La,2,480.4040,59
S,2,480.4120,31
Y,1,480.4313,50
K,1,480.4348,42
Cs,2,480.4537,2
Y,1,480.4803,60
Ti,2,480.5093,49
Ti,1,480.5415,57
Zr,1,480.5870,71
Ar,2,480.6020,97
Mn,2,480.6860,47
Ni,1,480.7000,26
Xe,1,480.7019,95
Ir,1,480.7140,3
Gd,1,480.7450,57
Tm,1,480.7477,47
V,1,480.7524,23
Be,2,480.7780,31
Ac,2,480.7831,42
Dy,1,480.7940,40
Th,1,480.8134,82
Ti,1,480.8526,10
Tm,1,480.8679,55
Ac,1,480.8811,60
La,2,480.9010,60
Ir,1,480.9470,11
Zr,1,480.9470,54
Pm,1,480.9540,87
Th,1,480.9614,25
Cl,2,481.0060,92
Ne,1,481.0064,54
Dy,1,481.0280,33
Rh,1,481.0490,12
Zn,1,481.0532,94
Ne,1,481.0639,44
Mo,1,481.1050,1
Ac,2,481.1061,13
Nd,2,481.1343,34
Au,1,481.1600,73
Kr,2,481.1770,92
Sr,1,481.1881,96
Pm,1,481.1960,98
Ac,2,481.2221,83
Sc,2,481.2492,11
Kr,1,481.2637,79
Ta,1,481.2749,68
Dy,1,481.2800,40
C,1,481.2916,59
Ho,2,481.2920,4
Cu,2,481.2948,49
Si,3,481.3330,85
Tm,1,481.3496,55
Tb,1,481.3770,56
Ne,1,481.4338,14
Ge,2,481.4608,98
Zr,1,481.5040,62
Lu,1,481.5050,48
Ru,1,481.5520,49
S,2,481.5549,95
Sc,2,481.5609,55
Zr,1,481.5630,90
Sm,2,481.5810,48
Ne,3,481.5930,18
Nb,1,481.6380,30
Yb,1,481.6430,28
Br,2,481.6700,94
Tc,1,481.6794,56
Pm,1,481.7120,53
Xe,2,481.7140,47
La,1,481.7170,34
C,1,481.7371,82
Pd,1,481.7507,30
Ne,1,481.7639,74
Xe,2,481.8020,78
Br,2,481.8460,26
Ne,1,481.8785,54
Dy,1,481.9040,52
Mo,1,481.9248,74
S,2,481.9448,36
Cl,2,481.9470,84
S,2,481.9638,65
Y,1,481.9639,79
Si,3,481.9720,88
Ne,1,481.9937,29
Yb,2,482.0240,37
Nd,2,482.0340,12
Er,2,482.0350,33
Ti,1,482.0410,70
Ba,3,482.0646,64
Tc,1,482.0739,99
Mg,3,482.1516,65
Y,1,482.1628,30
Gd,1,482.1690,72
Ti,3,482.1800,7
Ne,1,482.1922,74
Y,1,482.2121,74
Sc,2,482.2231,11
Ce,1,482.2550,81
Th,1,482.2855,65
Au,1,482.2960,25
Ne,1,482.3173,44
Y,2,482.3304,53
Xe,2,482.3350,84
Ne,1,482.3370,14
Mn,1,482.3520,91
La,2,482.4060,68
S,2,482.4066,63
Ge,2,482.4097,62
Cr,2,482.4131,60
Zr,1,482.4290,72
Ti,3,482.4531,25
Dy,1,482.4960,57
Kr,2,482.5190,92
Ta,1,482.5429,32
Nd,2,482.5482,55
Ne,1,482.5529,14
Hg,2,482.5566,85
Ac,1,482.5880,76
Ra,1,482.5928,100
Th,1,482.6700,44
S,2,482.6770,42
C,1,482.6804,76
Pb,3,482.6860,9
La,2,482.6880,11
Tm,2,482.6990,18
Rb,2,482.7132,26
Te,2,482.7138,74
Ca,3,482.7263,21
Sc,1,482.7283,43
Ne,1,482.7338,88
V,1,482.7452,49
I,1,482.7568,26
Ne,1,482.7587,74
Pm,1,482.7720,54
Hg,2,482.7732,21
Zr,1,482.8040,63
Be,2,482.8159,90
Dy,1,482.8880,53
Tm,1,482.8966,47
Si,3,482.8970,89
Ni,1,482.9030,27
K,2,482.9230,84
Eu,1,482.9300,37
Dy,2,482.9680,13
Xe,1,482.9708,95
Cs,2,483.0186,98
Eu,1,483.0330,51
Mo,1,483.0512,75
Th,1,483.1121,63
Ni,1,483.1180,24
Tm,2,483.1200,32
Te,2,483.1277,90
Ti,3,483.1330,7
Tc,1,483.1347,41
V,1,483.1646,59
Sr,1,483.2043,97
Kr,2,483.2077,99
Ta,1,483.2185,22
Cu,2,483.2245,21
Nd,2,483.2280,10
Ho,2,483.2310,10
Dy,1,483.2380,50
V,1,483.2424,45
Sc,2,483.2723,37
Th,2,483.2803,56
Sb,2,483.2820,75
Ho,1,483.3320,26
Sc,1,483.3664,43
Dy,2,483.3750,7
Tc,1,483.4367,80
Yb,3,483.4930,11
Gd,1,483.5260,43
Tc,1,483.5394,81
Tm,1,483.5754,55
S,2,483.5848,50
Ti,1,483.6122,15
Kr,2,483.6560,41
C,1,483.6764,6
Yb,2,483.6960,36
Hf,1,483.7238,4
Ra,1,483.7270,34
Ne,1,483.7314,78
Yb,1,483.7460,34
Tb,2,483.7590,20
Pm,1,483.7660,93
Eu,3,483.7980,51
Zr,1,483.8780,47
Pm,1,483.8920,54
Y,1,483.9147,57
Sc,1,483.9434,43
La,1,483.9520,70
Lu,2,483.9620,26
Pm,1,483.9620,40
Sc,2,483.9794,76
Y,1,483.9866,95
La,2,484.0010,27
C,1,484.0090,24
Co,1,484.0270,22
Tb,1,484.0390,14
Eu,1,484.0470,37
Th,2,484.0474,18
Se,2,484.0600,38
Ir,1,484.0770,3
Th,1,484.0843,74
Ti,1,484.0873,93
Sm,1,484.1700,99
Dy,1,484.1750,53
Th,3,484.1806,5
C,1,484.1910,11
Cu,1,484.2290,41
Rh,1,484.2430,10
Ne,3,484.2500,30
Tb,2,484.2690,8
Ba,3,484.2873,24
Te,2,484.2895,77
Ne,1,484.2941,15
Xe,1,484.3293,93
O,2,484.3366,6
W,1,484.3810,98
Rh,1,484.3990,32
Pm,1,484.4010,16
Sm,2,484.4210,26
Mn,1,484.4320,10
Xe,2,484.4330,99
Ru,1,484.4560,22
Ba,3,484.4574,25
Tm,1,484.4591,21
Br,2,484.4810,54
Tb,2,484.4890,8
O,2,484.4913,6
Se,2,484.5000,72
Ir,1,484.5380,7
Y,1,484.5668,93
Kr,2,484.6612,98
Tm,1,484.6887,18
N,1,484.7380,11
Sc,1,484.7673,43
Ce,1,484.7770,89
Ar,2,484.7810,93
Ag,1,484.7820,64
Ar,3,484.7846,80
Gd,1,484.8100,39
Cr,2,484.8250,34
Sm,1,484.8320,68
Th,1,484.8362,56
Nb,1,484.8370,30
Ti,1,484.8477,13
Br,2,484.8750,55
Nd,2,484.9060,7
Be,1,484.9160,27
Eu,1,484.9640,51
Ti,3,484.9658,55
K,1,484.9865,36
I,1,485.0337,46
Mg,3,485.0385,66
Th,2,485.0440,56
I,1,485.0506,44
La,2,485.0580,27
La,1,485.0820,70
Ba,3,485.0838,64
Mg,2,485.1082,48
Yb,2,485.1150,6
Cu,2,485.1263,16
Zr,1,485.1360,69
V,1,485.1490,74
Ne,1,485.1501,23
Cs,3,485.1586,75
Rh,1,485.1630,42
Tm,1,485.1755,47
Ca,3,485.1929,38
Ta,1,485.2166,6
Be,2,485.2190,49
Ca,3,485.2330,22
Ne,1,485.2655,44
Sc,1,485.2679,44
Y,1,485.2682,91
Pm,1,485.2730,44
Sr,3,485.2776,22
Tc,1,485.3588,100
Xe,2,485.3770,48
Pt,1,485.3918,7
C,1,485.3980,7
Ba,3,485.4222,14
Y,1,485.4243,74
Tb,1,485.4810,23
Y,2,485.4861,71
La,1,485.4950,25
Cu,2,485.4987,48
Sr,1,485.5045,84
Pb,3,485.5060,16
Rb,2,485.5336,69
Ni,1,485.5410,36
Ho,2,485.5540,5
Hg,2,485.5584,85
Ac,1,485.5681,82
Ti,1,485.6010,80
Ra,1,485.6070,76
K,1,485.6090,44
Dy,2,485.6240,8
In,2,485.6270,13
O,2,485.6395,37
Y,1,485.6714,50
O,2,485.6758,56
Sc,2,485.6809,48
Kr,2,485.7190,84
Pr,3,485.7390,91
Er,1,485.7440,62
Ti,3,485.8129,72
Be,2,485.8220,52
Th,2,485.8333,25
Sn,3,485.8400,13
N,3,485.8820,30
Tb,2,485.8870,8
C,1,485.8980,3
Nd,2,485.9030,41
Ca,3,485.9167,44
Hf,1,485.9240,21
F,2,485.9390,65
Ra,2,485.9410,78
Fe,1,485.9741,26
Y,1,485.9841,90
Ac,1,486.0160,94
Ho,1,486.0390,38
Pm,1,486.0620,55
Pm,1,486.0740,88
La,2,486.0910,77
O,2,486.0968,48
U,2,486.0990,11
H,1,486.1350,98
Kr,1,486.1840,9
Cr,1,486.1841,48
Ra,1,486.2270,16
I,1,486.2310,75
Xe,2,486.2450,96
C,2,486.2570,46
Gd,1,486.2590,39
Tm,1,486.2934,11
Ga,3,486.3030,94
Ne,1,486.3081,45
Th,2,486.3163,91
Th,2,486.3173,91
K,1,486.3483,45
Cl,3,486.3750,3
Cs,3,486.4125,61
Cr,2,486.4329,5
P,2,486.4420,43
V,1,486.4730,82
V,1,486.4835,10
O,2,486.4879,37
Kr,1,486.4910,9
Gd,2,486.5020,28
Te,2,486.5119,77
Pm,1,486.5300,41
Lu,2,486.5360,13
Th,1,486.5477,72
Ne,1,486.5507,45
Pm,1,486.5720,73
Ar,2,486.5911,51
Ti,3,486.5938,7
Zr,1,486.6060,59
Cu,1,486.6100,54
Te,2,486.6235,97
Ni,1,486.6270,33
Ne,1,486.6476,37
Tc,1,486.6733,99
Nd,1,486.6740,85
Ne,1,486.7019,29
C,2,486.7070,19
N,3,486.7150,70
Eu,1,486.7620,73
Co,1,486.7880,24
Mo,1,486.8017,71
Dy,2,486.8050,9
Ba,3,486.8166,14
Ti,1,486.8259,73
Ne,1,486.8277,30
Sr,1,486.8700,84
Mg,2,486.8845,10
Ac,1,486.8870,71
Ru,1,486.9150,74
Sr,1,486.9170,82
Xe,3,486.9400,93
K,1,486.9757,50
Pm,1,486.9800,55
Hg,3,486.9850,52
Cs,2,487.0040,97
Ti,1,487.0127,78
Kr,2,487.0140,42
Tm,1,487.0367,63
La,1,487.0560,39
Tc,1,487.0772,23
Fe,1,487.1318,57
Gd,1,487.1500,41
O,2,487.1520,73
Er,2,487.2090,30
Fe,1,487.2138,42
Am,2,487.2220,89
Tm,2,487.2280,15
Pm,1,487.2420,88
Sr,1,487.2493,90
Th,1,487.2917,39
Cu,2,487.3306,6
Ni,1,487.3440,21
Ti,3,487.3995,79
C,1,487.4080,29
Ag,1,487.4100,85
Pd,1,487.5425,24
V,1,487.5485,85
Tb,2,487.5570,24
Dy,1,487.5930,34
Er,3,487.6070,31
Sr,1,487.6075,85
Tb,2,487.6120,3
Po,1,487.6240,58
Xe,2,487.6500,94
Sn,2,487.7209,18
Sb,2,487.7240,77
Ba,1,487.7647,69
Ca,1,487.8130,81
Fe,1,487.8211,11
In,1,487.8370,25
Mg,3,487.8729,56
Th,1,487.8733,64
La,1,487.8860,65
Pr,2,487.9121,3
Tm,1,487.9194,48
Pt,1,487.9543,13
Y,1,487.9652,50
Ar,2,487.9863,98
Cs,2,488.0051,92
Dy,1,488.0160,57
Hg,2,488.0327,77
Tb,2,488.1150,24
Zr,1,488.1240,47
Li,2,488.1320,58
Li,2,488.1390,61
Y,2,488.1433,11
Li,2,488.1490,18
V,1,488.1556,87
Cd,2,488.1725,59
Ar,2,488.2242,0
Ra,1,488.2280,34
198Hg,1,488.2991,6
Hg,1,488.2999,57
Si,2,488.3200,18
Xe,2,488.3530,95
Zr,1,488.3600,47
S,2,488.3672,13
Tm,1,488.3675,63
Y,2,488.3682,80
Sm,1,488.3770,57
Nd,1,488.3810,98
Ta,1,488.3950,28
Sm,1,488.3970,95
Eu,1,488.4050,38
Xe,2,488.4150,67
Ti,3,488.4321,25
Dy,1,488.4550,34
Ne,1,488.4917,88
Ti,1,488.5081,89
Ne,1,488.5097,45
Te,2,488.5221,81
Rb,2,488.5588,89
S,2,488.5648,68
Cr,1,488.5769,3
Y,1,488.6291,51
Y,1,488.6640,44
W,1,488.6899,92
Cr,1,488.7012,13
Pm,1,488.7020,73
Xe,2,488.7300,85
La,1,488.7610,29
Dy,1,488.8080,58
Ag,1,488.8210,48
As,2,488.8557,34
C,1,488.8910,75
C,1,488.8940,56
Mg,3,488.9040,16
Ar,2,488.9042,85
Nd,2,488.9100,12
Ac,2,488.9105,45
Re,1,488.9140,94
Dy,2,488.9330,9
Ho,2,488.9670,4
Cu,2,488.9701,16
Ca,3,488.9826,38
Xe,2,489.0090,85
Dy,2,489.0100,19
C,1,489.0645,71
Nd,2,489.0700,28
Cs,2,489.0713,29
Fe,1,489.0755,55
O,2,489.0858,73
Tc,1,489.0884,6
Nd,1,489.1070,91
Ag,2,489.1335,1
Fe,1,489.1492,71
Tm,1,489.1640,48
Tc,1,489.1918,96
Sr,1,489.1980,91
Ar,3,489.1984,57
Ne,1,489.2090,78
Kr,3,489.2210,36
Ho,1,489.2350,26
Tc,1,489.2490,6
Pm,1,489.2520,88
Sr,1,489.2639,83
Ti,3,489.2840,47
C,1,489.3429,45
Y,1,489.3436,69
Dy,1,489.3680,40
Yb,1,489.4600,35
Eu,1,489.4680,67
Th,1,489.4955,84
Sn,2,489.5100,11
N,2,489.5110,47
Cs,2,489.5138,47
Ru,1,489.5600,30
Ho,2,489.6440,9
I,1,489.6736,53
Cl,2,489.6770,97
Nd,1,489.6930,93
Ne,1,489.7924,30
Al,2,489.8520,38
Cs,2,489.8559,18
C,1,489.8642,69
Ge,2,489.8737,8
Al,2,489.8760,24
Ne,1,489.9013,15
Dy,1,489.9240,14
Ca,3,489.9306,29
Al,2,489.9640,28
Ti,1,489.9909,86
La,2,489.9920,89
Ba,2,489.9927,69
Er,2,490.0080,36
Y,2,490.0118,73
Pm,1,490.0300,56
S,2,490.0513,54
Eu,1,490.0860,52
S,2,490.1265,50
Cu,2,490.1426,41
Nd,1,490.1530,79
Nd,1,490.1840,88
La,1,490.1870,65
I,1,490.1991,57
Nd,2,490.2041,7
S,2,490.2440,63
Al,2,490.2770,38
Ba,1,490.2848,68
Ru,1,490.3050,68
Ra,1,490.3240,52
Fe,1,490.3310,7
Al,3,490.4100,47
Pm,1,490.4280,41
Ni,1,490.4410,34
Te,2,490.4437,83
Ta,1,490.4591,23
Ar,2,490.4751,64
Cl,2,490.4780,94
Lu,1,490.4880,77
Sm,1,490.4970,54
La,1,490.5130,29
Y,1,490.6108,72
Kr,3,490.6280,44
Cu,2,490.6566,36
O,2,490.6833,89
Ho,2,490.6990,11
Pr,1,490.6990,85
Si,2,490.6990,29
In,2,490.7070,40
Eu,1,490.7180,83
Sr,3,490.7772,39
C,1,490.7850,22
Ru,1,490.7890,22
Bi,2,490.8200,30
In,2,490.8360,13
Tc,1,490.8509,81
Y,1,490.8990,46
Tc,1,490.9566,88
Cu,2,490.9734,67
Tm,1,490.9736,43
Sc,1,490.9748,44
Kr,1,491.0390,9
Sm,1,491.0400,92
Ti,2,491.1195,21
Eu,1,491.1400,87
Zn,2,491.1627,96
Yb,1,491.2360,17
Cu,2,491.2364,29
Th,2,491.2529,29
Cu,2,491.2920,44
Tc,1,491.3020,56
Sm,2,491.3250,34
Ir,1,491.3360,1
Nd,1,491.3410,86
Ti,1,491.3615,82
Pr,1,491.4020,90
Cs,2,491.4238,23
Ti,3,491.4315,47
Nd,2,491.4385,18
Tc,1,491.4699,6
In,2,491.4850,11
N,1,491.4940,4
Ti,1,491.5230,31
Mg,3,491.5349,74
Cu,2,491.5832,12
Tb,1,491.5900,55
Kr,2,491.5940,77
Mg,3,491.6002,88
Hg,1,491.6068,76
198Hg,1,491.6070,16
Hg,2,491.6328,38
Dy,1,491.6410,45
Xe,1,491.6507,96
Bi,2,491.6600,6
I,1,491.6936,76
Tm,1,491.7085,2
Sn,2,491.7100,13
Ba,3,491.7170,48
S,2,491.7212,82
B,3,491.7430,78
Ag,1,491.7480,22
Th,3,491.7531,49
Cl,2,491.7730,90
Pm,1,491.8280,56
Ni,1,491.8360,27
Cu,2,491.8378,57
B,3,491.8430,79
Cd,2,491.8850,25
Al,2,491.8980,28
Sm,1,491.8990,79
Fe,1,491.8994,60
Ca,3,491.9266,39
Xe,2,491.9660,78
Th,2,491.9816,94
Ti,1,491.9861,62
Ta,1,492.0108,43
Fe,1,492.0503,77
Sr,3,492.0630,29
Tc,1,492.0668,24
Nd,2,492.0692,49
La,2,492.0980,91
Ru,1,492.1070,50
Br,2,492.1120,75
Ta,1,492.1271,38
Xe,2,492.1480,96
Th,2,492.1613,39
Ti,1,492.1765,67
La,2,492.1790,91
Y,1,492.1877,80
He,1,492.1931,67
Dy,2,492.2220,13
Cr,1,492.2265,64
C,1,492.2688,21
Ho,1,492.2730,38
Sc,1,492.2837,44
Xe,1,492.3152,96
Dy,2,492.3160,17
Tc,1,492.3601,41
Tm,1,492.3826,65
Zn,2,492.3889,1
Re,1,492.3900,43
Zn,2,492.4013,87
Sm,1,492.4040,46
Tb,1,492.4090,25
S,2,492.4115,75
Sn,3,492.4200,15
Nd,1,492.4530,99
O,2,492.4531,95
Pr,1,492.4600,95
In,2,492.4930,32
S,2,492.5347,82
Ti,1,492.5400,31
V,1,492.5657,10
Cs,2,492.5700,8
Ta,1,492.6005,43
Ti,1,492.6151,10
Y,1,492.6328,15
C,1,492.6416,1
Cu,2,492.6423,41
Tb,1,492.6830,25
P,2,492.7200,32
Cu,3,492.7410,31
Ra,2,492.7530,79
Tm,1,492.7732,64
Th,3,492.7756,30
Ne,1,492.8235,30
Ti,1,492.8337,68
Br,2,492.8790,76
Tb,1,492.8930,38
Cs,2,492.9058,21
Ba,3,492.9191,73
Ba,3,492.9370,64
Ti,3,492.9533,55
Kr,3,493.0260,44
Kr,1,493.0380,37
Rb,2,493.0572,21
Br,2,493.0660,83
Ti,3,493.0735,64
Y,1,493.0935,40
Ne,1,493.0944,15
W,1,493.1551,4
Cu,2,493.1555,44
Cu,2,493.1698,66
Tb,1,493.1790,46
C,1,493.2026,94
Ti,3,493.2674,55
Si,2,493.2800,29
Pm,1,493.2990,83
Ar,2,493.3209,82
F,2,493.3260,46
Ge,2,493.4076,27
Ba,2,493.4077,96
Er,2,493.4110,37
Gd,1,493.4120,66
Kr,1,493.4480,37
La,2,493.4830,56
Ho,1,493.4890,42
N,1,493.5120,32
Yb,1,493.5500,94
La,2,493.5620,13
Ag,1,493.5750,23
Ni,1,493.5830,17
Tm,1,493.5880,2
Pr,1,493.6000,90
Ta,1,493.6421,56
Yb,2,493.7220,19
Cu,2,493.7220,42
Ti,1,493.7727,15
Cu,2,493.7974,26
Ir,1,493.8090,17
Ti,1,493.8291,57
Kr,1,493.8380,10
Ru,1,493.8430,35
Gd,1,493.8610,57
K,2,493.8750,31
Ho,1,493.9010,80
Ne,1,493.9041,45
Ir,1,493.9173,10
Th,1,493.9642,53
Pr,1,493.9740,99
Pr,1,494.0300,91
B,2,494.0376,88
Sr,3,494.1014,22
O,2,494.1069,85
Ge,2,494.1277,45
K,1,494.2002,47
C,1,494.2021,4
Lu,1,494.2340,66
S,2,494.2466,64
Cr,1,494.2495,63
Cs,2,494.2944,30
O,2,494.2999,93
Cu,2,494.3024,34
K,2,494.3240,69
Ce,1,494.3440,81
P,2,494.3530,90
C,1,494.3576,0
Th,3,494.3708,73
Ti,3,494.4040,72
Sc,3,494.4072,13
Sn,2,494.4256,25
Er,1,494.4360,59
Nd,1,494.4830,92
Ne,1,494.4987,46
Ac,2,494.5180,68
Ba,3,494.5434,49
Th,1,494.5459,60
Br,2,494.5510,27
Kr,2,494.5590,92
La,1,494.5850,30
Ti,3,494.6000,47
La,2,494.6470,49
Ho,1,494.6800,22
Ba,1,494.7312,55
Sb,2,494.7400,47
Th,2,494.7575,16
I,1,494.7586,1
Si,1,494.7607,5
Tc,1,494.8064,48
Ho,2,494.8180,10
Tm,1,494.8353,43
Kr,2,494.8500,62
Y,1,494.8555,10
Sm,2,494.8630,2
La,1,494.9770,96
Y,1,495.0005,7
Ti,3,495.0104,80
Ba,3,495.0127,1
Sc,2,495.0194,66
N,1,495.0230,5
Ca,3,495.0527,39
Mo,1,495.0614,14
Th,2,495.0626,39
Y,1,495.0661,47
K,1,495.0815,52
Au,1,495.0820,56
C,1,495.1100,9
Pr,1,495.1370,100
Cu,2,495.1618,16
Er,2,495.1740,32
La,2,495.2070,36
Gd,1,495.2470,40
Cs,2,495.2853,99
Ba,3,495.2912,49
Eu,1,495.3520,46
Cu,2,495.3724,62
C,2,495.3850,31
Sc,1,495.4058,44
P,2,495.4390,68
Cs,2,495.4577,55
Nd,1,495.4780,94
Cr,1,495.4805,16
Kr,1,495.5270,62
Ne,1,495.5390,54
O,2,495.5705,64
K,1,495.6146,53
Sr,1,495.6277,86
Lu,3,495.6430,72
Ne,1,495.7034,88
Ba,2,495.7092,26
Ne,1,495.7122,54
Tm,1,495.7175,81
Fe,1,495.7298,59
Dy,2,495.7340,66
Mo,1,495.7530,31
Fe,1,495.7597,84
Ac,2,495.8230,73
C,2,495.8670,5
Gd,1,495.8790,43
Nd,2,495.9130,43
Ho,2,495.9420,14
Pm,1,495.9460,89
Dy,1,495.9590,15
C,2,495.9920,5
Hg,1,496.0100,87
Eu,1,496.0210,46
Kr,2,496.0250,77
Mg,3,496.0409,85
F,1,496.0650,3
Ac,2,496.0870,67
Ho,2,496.1030,9
Ti,3,496.1360,55
Nd,2,496.1396,13
Ba,3,496.1641,1
Hg,2,496.1873,85
Te,2,496.1885,46
Sm,2,496.1940,2
Al,2,496.2100,28
Sr,1,496.2263,97
Eu,1,496.2550,47
Ba,3,496.3233,49
Ac,1,496.3481,63
Y,1,496.3489,1
Rh,1,496.3710,42
N,1,496.3980,66
Ba,3,496.4039,65
Ti,1,496.4716,18
C,2,496.4730,78
Cr,1,496.4927,45
K,1,496.5031,58
Ar,2,496.5079,94
Sr,1,496.5584,94
Mn,1,496.5880,15
Lu,1,496.6130,0
Ho,2,496.6730,11
Yb,1,496.6900,71
Ho,2,496.7210,50
Nb,1,496.7780,38
Sr,1,496.7944,85
Ti,1,496.8568,35
Ru,1,496.8900,30
Kr,1,496.9080,68
Kr,1,496.9360,62
Ta,1,496.9693,18
Bi,2,496.9700,32
P,2,496.9710,70
198Hg,1,497.0368,7
Hg,1,497.0370,58
La,2,497.0390,77
Ir,1,497.0480,13
Mg,3,497.0511,74
Tm,2,497.0870,26
Tb,2,497.0990,5
Ti,3,497.1194,80
Tm,1,497.1258,48
Pm,2,497.1400,16
Tb,1,497.1420,16
Cl,3,497.1640,1
Li,1,497.1660,21
Sr,1,497.1668,20
Xe,2,497.1710,79
Li,1,497.1750,25
Ra,1,497.1770,62
Ar,2,497.2160,61
Cs,2,497.2597,93
Xe,2,497.2710,90
Ti,1,497.3029,36
Tb,1,497.3040,17
Nb,1,497.3140,30
Ne,1,497.3555,46
Dy,1,497.3570,24
Hg,3,497.3570,96
Sc,1,497.3665,45
Cu,2,497.3698,1
In,2,497.3776,68
Cu,2,497.4154,5
Y,1,497.4304,75
Ne,1,497.4760,15
Tm,2,497.5120,27
Hf,1,497.5260,45
Ti,1,497.5342,61
Pr,1,497.5750,85
Eu,1,497.5760,42
Sm,1,497.5980,54
Ti,3,497.6040,8
Tc,1,497.6340,95
Er,1,497.6420,60
Ce,3,497.6450,23
Gd,3,497.6720,1
Ti,1,497.7728,19
Rh,1,497.7750,42
La,1,497.7950,39
Ti,1,497.8187,57
Na,1,497.8541,5
Kr,2,497.8890,77
Tm,1,497.8900,64
Mo,1,497.9125,46
Rh,1,497.9180,26
Sn,1,497.9646,10
Br,1,497.9759,50
W,1,497.9840,4
Ho,1,497.9970,74
Cu,2,498.0015,12
Ni,1,498.0160,37
Tb,2,498.0160,5
Ru,1,498.0350,30
Sc,1,498.0360,45
Tb,1,498.0560,17
Hg,2,498.0564,82
Hg,1,498.0640,58
Tm,2,498.0680,27
Tl,2,498.1350,77
Mg,3,498.1452,80
Ac,2,498.1551,22
Cs,2,498.1624,68
Ti,1,498.1731,98
Y,1,498.1965,2
Ra,1,498.2030,52
Y,2,498.2128,47
W,1,498.2593,92
Na,1,498.2813,19
Kr,2,498.2830,63
Ag,2,498.3279,0
Sc,1,498.3426,45
In,2,498.3760,7
Ni,1,498.4130,37
Tm,1,498.5130,64
Th,1,498.5372,26
Cu,2,498.5505,60
Dy,1,498.5520,35
La,2,498.6830,78
W,1,498.6920,53
I,2,498.6922,65
N,2,498.7370,48
Ti,3,498.8360,8
Kr,3,498.8520,70
B,3,498.8660,42
Xe,2,498.8770,85
Ho,1,498.8960,31
Nb,1,498.8970,51
Ti,1,498.9134,64
Tm,2,498.9320,30
Pu,1,498.9340,57
Nd,2,498.9940,37
Am,1,499.0790,35
Ti,1,499.1067,98
Cs,2,499.1131,6
Xe,2,499.1170,67
La,2,499.1280,56
C,1,499.1408,1
Sc,1,499.1900,95
S,2,499.1974,86
Ni,2,499.2020,51
Ar,3,499.2617,79
Ru,1,499.2740,22
Tm,1,499.2780,3
Ag,1,499.2860,49
Sc,3,499.2886,77
Xe,2,499.3030,13
Ba,3,499.3261,8
S,2,499.3497,68
Bi,2,499.3600,58
Tm,2,499.3790,18
Tb,2,499.3820,24
La,1,499.3880,65
Ga,3,499.3930,71
Fe,1,499.4129,12
Lu,2,499.4130,58
N,2,499.4360,73
Ce,1,499.4630,86
Tm,2,499.4720,15
Zr,1,499.4760,41
Ne,1,499.4930,55
Tc,1,499.4997,48
Ho,1,499.5050,55
Cl,2,499.5480,77
Ba,1,499.5644,20
Tb,2,499.5840,18
C,1,499.6430,45
La,2,499.6820,19
Mg,3,499.7038,66
Ti,1,499.7093,76
Pm,1,499.7100,74
Ra,2,499.7260,36
Sc,3,499.7365,52
C,1,499.7930,27
Tb,1,499.7950,43
La,2,499.9470,87
Ti,1,499.9502,97
Ir,1,499.9740,12
Mo,1,499.9902,14
Am,1,500.0210,24
Ni,1,500.0340,18
Te,2,500.0818,71
Nb,1,500.0950,23
Al,2,500.0970,29
Ti,1,500.0988,68
Tm,1,500.1025,56
Lu,1,500.1140,84
Ca,2,500.1480,55
N,2,500.1480,90
Cs,2,500.1580,64
Tm,1,500.1587,48
La,1,500.1790,58
Fe,1,500.1863,19
F,2,500.2000,17
Th,1,500.2097,68
La,2,500.2130,19
Kr,1,500.2140,10
Nb,1,500.2250,17
Tc,1,500.2674,24
N,2,500.2700,61
Ir,1,500.2740,13
Dy,1,500.3870,41
Dy,2,500.4280,16
Y,1,500.4435,2
Mn,1,500.4910,8
N,2,500.5150,97
Ne,1,500.5159,79
Ti,3,500.5160,25
Ne,1,500.5347,16
Pb,1,500.5416,83
K,2,500.5600,83
Si,1,500.6061,18
Tb,2,500.6100,5
Fe,1,500.6119,45
W,1,500.6150,31
Rb,2,500.6455,8
Pb,1,500.6572,59
S,2,500.6727,54
Cu,2,500.6800,53
Sc,3,500.6804,14
Y,1,500.6962,72
Ti,1,500.7206,97
Er,1,500.7250,70
N,2,500.7320,83
Mg,3,500.7638,46
U,2,500.8210,11
Xe,3,500.8530,95
Ti,3,500.8800,8
Ca,3,500.8945,44
Ce,1,500.9100,94
Ir,1,500.9170,8
Ar,2,500.9334,87
Yb,2,500.9520,20
S,2,500.9564,93
Ti,1,500.9645,72
Tm,2,500.9770,41
Cu,2,500.9851,48
Ti,3,501.0140,38
C,1,501.0180,54
Dy,1,501.0600,15
N,2,501.0620,74
Gd,2,501.0820,12
Ru,1,501.1230,31
Zr,1,501.1460,14
S,2,501.1608,64
Gd,1,501.1740,22
C,1,501.2000,55
Fe,1,501.2068,58
C,1,501.2280,55
Ho,1,501.2420,31
Ni,1,501.2460,23
Ta,1,501.2524,28
F,3,501.2540,83
Cu,2,501.2620,50
Xe,2,501.2830,50
Ba,2,501.2954,9
Cs,2,501.3009,60
Eu,1,501.3170,87
Nb,1,501.3270,5
Ho,2,501.3280,11
Ti,1,501.3282,72
Kr,2,501.3300,77
S,2,501.4069,93
Ti,1,501.4186,97
Ti,1,501.4275,95
Ca,3,501.4352,31
Tc,1,501.4517,24
Tm,2,501.4560,23
Mo,1,501.4580,38
Ru,1,501.4950,7
Ir,1,501.4980,15
Gd,1,501.5040,88
Cu,2,501.5219,12
W,1,501.5304,4
He,1,501.5678,86
Th,2,501.5889,17
Ti,1,501.6161,89
N,2,501.6390,63
Kr,3,501.6450,86
Cu,1,501.6611,74
Ge,3,501.6880,40
C,1,501.7090,72
Ar,2,501.7163,98
Th,2,501.7254,78
Hg,2,501.7279,39
Ni,1,501.7590,38
Nb,1,501.7750,60
C,1,501.7761,39
Tm,2,501.7870,19
Dy,2,501.7980,3
C,1,501.8070,55
Sc,1,501.8408,45
Pr,1,501.8590,87
Ti,3,501.8920,26
Nb,1,501.9510,5
Pr,1,501.9760,96
Ca,2,501.9970,61
Ti,1,502.0025,92
Sc,1,502.0132,46
Sn,3,502.0400,56
Th,3,502.0410,10
Ti,3,502.0430,8
Am,2,502.0960,80
Tm,1,502.1123,44
Ca,2,502.1140,42
Cu,2,502.1279,46
Sc,1,502.1521,46
Kr,2,502.1870,78
Dy,1,502.2120,50
Tb,1,502.2160,38
Kr,2,502.2400,87
Sr,3,502.2667,79
Ti,1,502.2866,91
Eu,1,502.2910,85
Gd,2,502.3130,6
Mg,3,502.3668,75
C,1,502.3850,92
Dy,1,502.4030,27
Tb,2,502.4240,5
Ti,3,502.4520,9
Dy,1,502.4540,16
Tb,1,502.4650,18
Ti,1,502.4844,88
Tm,1,502.4890,27
C,1,502.4916,73
Cd,2,502.5500,60
Ti,1,502.5570,74
Hg,1,502.5600,31
Hg,2,502.5607,39
N,2,502.5660,64
Ru,1,502.6180,8
Tc,1,502.6238,57
Nb,1,502.6360,44
Ho,1,502.6530,47
Sc,3,502.6665,31
Tc,1,502.6793,41
Pr,1,502.6960,96
S,2,502.7221,87
Ag,2,502.7343,17
U,1,502.7380,37
Dy,1,502.7870,35
Tc,1,502.7894,6
Ru,1,502.8160,3
Ho,1,502.8170,27
Xe,1,502.8279,90
Er,1,502.8330,63
Kr,2,502.8360,51
Th,2,502.8606,56
Th,1,502.8656,57
Er,2,502.8910,26
Kr,1,502.9150,43
Eu,1,502.9540,74
Nb,1,503.0130,5
Pm,1,503.0800,16
Sc,2,503.1010,99
Gd,2,503.1290,12
Ne,1,503.1348,67
Rb,2,503.1597,30
C,2,503.2070,80
Sc,3,503.2087,82
S,2,503.2447,96
Sc,1,503.2708,46
Ho,2,503.2950,12
Dy,1,503.3000,41
Tb,1,503.3120,39
Pr,1,503.3380,84
Ba,3,503.3506,50
Nd,2,503.3517,13
Eu,1,503.3550,67
Kr,2,503.3850,78
Tm,2,503.4220,41
Cu,1,503.4360,57
Pr,2,503.4410,65
Ni,1,503.5370,50
Cs,3,503.5730,74
Ti,1,503.5903,92
C,2,503.5910,30
Er,1,503.5940,67
Ti,1,503.6464,90
Kr,3,503.6650,59
Sc,3,503.7176,57
Ba,3,503.7334,50
Ta,1,503.7368,63
Ho,1,503.7600,47
Ne,1,503.7751,79
Ti,1,503.8397,86
Br,2,503.8740,28
Cu,2,503.9011,29
Nb,1,503.9040,58
C,1,503.9070,92
Gd,1,503.9090,30
Th,1,503.9230,51
S,2,503.9382,43
Ti,1,503.9955,98
C,1,504.0134,78
Kr,1,504.0340,49
W,1,504.0360,32
Ti,1,504.0611,38
C,2,504.0740,8
Hf,2,504.0820,12
Ce,1,504.0850,83
Tm,2,504.1000,19
Si,2,504.1030,96
Fe,1,504.1071,8
Cu,2,504.1331,21
Xe,3,504.1400,24
C,1,504.1481,88
Ra,1,504.1560,62
Ca,1,504.1620,70
Fe,1,504.1756,54
C,2,504.1760,8
C,1,504.1800,88
Cs,2,504.1958,66
Er,2,504.2050,37
Tb,2,504.2060,18
Ho,1,504.2370,64
Pb,2,504.2580,97
Dy,1,504.2630,67
Ta,1,504.3321,32
Tm,1,504.3505,40
Ti,1,504.3582,45
Cs,2,504.3803,98
Pr,1,504.3830,86
Er,1,504.3860,60
In,2,504.3930,39
Pt,1,504.4054,12
Sm,1,504.4280,77
C,2,504.4350,47
Sb,2,504.4560,48
In,2,504.4623,19
Np,1,504.4660,4
Th,1,504.4719,75
Ho,1,504.4730,32
Er,1,504.4890,61
Xe,2,504.4920,73
C,2,504.4980,4
N,2,504.5100,84
C,1,504.5190,29
Tm,1,504.5408,56
Ti,1,504.5415,24
Pr,1,504.5520,99
Ba,3,504.5790,14
Hg,1,504.5800,22
Ir,1,504.6060,8
Lu,3,504.6120,12
Kr,2,504.6310,72
Zr,1,504.6580,71
La,1,504.6880,85
Ca,3,504.6917,33
C,2,504.7110,20
Dy,1,504.7250,16
S,2,504.7292,75
Ru,1,504.7310,3
Cu,2,504.7348,43
Hf,1,504.7440,22
Mo,1,504.7697,8
He,1,504.7738,57
Nb,1,504.7960,6
La,2,504.8040,13
Cs,2,504.8222,33
Ni,1,504.8850,18
C,2,504.9240,9
Ba,3,504.9551,65
Th,2,504.9796,82
Fe,1,504.9819,30
Ti,3,504.9980,9
Ca,3,505.0071,43
Dy,1,505.0210,42
La,1,505.0570,92
Gd,2,505.0880,13
Sr,3,505.0953,23
Ho,2,505.1440,5
Fe,1,505.1634,43
Cu,2,505.1792,65
Bi,3,505.1820,43
Cr,1,505.1897,39
C,1,505.2149,96
Bi,3,505.2430,30
Xe,2,505.2540,40
Cs,2,505.2690,81
Sm,2,505.2760,7
Ti,1,505.2869,53
Tm,1,505.3043,52
W,1,505.3276,99
Dy,1,505.3350,28
Pr,1,505.3400,92
C,1,505.3515,34
Tb,1,505.4300,43
C,1,505.4490,11
Kr,2,505.4530,51
W,1,505.4596,84
Br,2,505.4640,29
Ho,2,505.4920,6
Yb,3,505.4940,20
Ba,1,505.4958,51
Tc,1,505.5274,42
Th,2,505.5347,32
Dy,1,505.5460,16
W,1,505.5516,5
Si,2,505.5980,97
K,2,505.6270,80
La,1,505.6460,89
Bk,1,505.6730,65
Ru,1,505.7330,67
Lu,1,505.7600,35
C,1,505.7682,1
Nb,1,505.8010,48
Kr,1,505.8080,37
Pm,1,505.8310,42
Re,1,505.8560,8
Cu,2,505.8909,54
Nb,1,505.9350,17
Pt,1,505.9481,63
C,1,505.9656,4
Cs,2,505.9869,89
Mo,1,505.9869,44
Zr,1,506.0390,37
Tm,2,506.0420,19
Cu,2,506.0644,26
Tc,1,506.0686,57
Ho,1,506.0750,32
Tm,1,506.0895,83
Kr,3,506.1460,0
Ac,1,506.1560,42
Ar,2,506.2037,88
Ti,1,506.2101,44
Tm,1,506.2250,49
La,2,506.2920,28
Ca,3,506.3722,33
Nd,2,506.3730,8
Ti,1,506.4056,4
C,1,506.4147,2
Sc,1,506.4306,46
Au,1,506.4590,57
Th,1,506.4602,30
Ac,1,506.4650,46
Ti,1,506.4652,99
Zr,1,506.4910,78
Th,1,506.4945,44
Ac,2,506.5070,15
Pb,3,506.5120,29
Zr,1,506.5220,47
Nb,1,506.5250,38
I,2,506.5370,31
Cu,2,506.5459,60
Kr,2,506.5580,42
Tb,1,506.5790,43
Tm,1,506.5812,12
Tm,1,506.5876,49
Ti,1,506.5988,43
Hg,2,506.6493,66
Ra,2,506.6570,38
Tm,1,506.6670,72
Sr,3,506.6697,23
Cu,2,506.7094,53
Yb,2,506.7300,6
Pm,2,506.7350,16
Yb,1,506.7800,21
Ta,1,506.7870,38
La,1,506.7900,52
Eu,1,506.7950,61
Th,1,506.7974,88
Ti,3,506.8220,56
Zn,1,506.8650,43
Sc,1,506.8845,47
Tm,1,506.8890,24
Mg,2,506.8937,25
As,1,506.8980,32
W,1,506.9118,74
Yb,1,506.9140,52
Ti,1,506.9354,13
Ti,3,506.9390,9
Sm,2,506.9460,3
Zn,1,506.9500,22
Mg,2,506.9802,18
Xe,2,506.9820,14
Kr,3,506.9960,29
Zn,1,506.9980,1
Sc,1,507.0167,47
Y,1,507.0187,61
Sc,1,507.0257,47
Zr,1,507.0260,42
Pb,2,507.0580,62
Cs,2,507.0678,46
Dy,1,507.0680,59
Tm,1,507.1057,12
Sr,3,507.1087,89
Sn,2,507.1090,49
Na,1,507.1200,95
Sm,1,507.1200,89
Ti,1,507.1467,48
W,1,507.1735,84
Ce,1,507.1780,84
Y,1,507.2194,61
Cu,2,507.2303,46
Tm,1,507.2416,49
Kr,2,507.2550,57
Sn,2,507.2620,50
Rb,2,507.2827,9
Cr,1,507.2926,60
Ru,1,507.2970,8
Tm,1,507.3513,45
Gd,1,507.3740,22
Rb,2,507.3884,38
Zr,1,507.3980,33
Ho,1,507.4340,48
Yb,1,507.4340,78
Sr,3,507.4497,36
Pb,2,507.4530,64
Mn,1,507.4790,14
Ce,2,507.5350,16
Cu,1,507.6173,58
Ru,1,507.6320,23
Pb,1,507.6352,33
Tm,1,507.6360,49
Nd,2,507.6590,55
C,1,507.6592,31
Yb,1,507.6740,41
Tm,1,507.7183,50
Kr,2,507.7230,57
Nb,1,507.7400,6
Er,2,507.7590,27
Dy,1,507.7670,63
Sr,1,507.7692,76
Tb,1,507.8250,59
Zr,1,507.8250,81
Cl,2,507.8260,91
Tl,2,507.8540,91
La,1,507.8920,26
Nb,1,507.8960,89
Mn,3,507.9200,25
P,1,507.9381,1
Bi,3,507.9400,83
Hf,2,507.9650,8
Ce,2,507.9680,60
Mo,1,508.0012,8
Tb,2,508.0050,1
Cs,2,508.0116,61
La,2,508.0210,20
Ne,1,508.0383,55
Ni,1,508.0520,50
Pm,2,508.0520,34
Xe,2,508.0620,96
Sr,3,508.0965,11
Ra,1,508.1030,72
Xe,2,508.1070,40
Ni,1,508.1110,44
Tb,1,508.1110,9
Sc,1,508.1561,77
Cs,2,508.1770,75
Ta,1,508.2253,6
Gd,1,508.2800,22
Te,1,508.2880,2
Ca,3,508.3177,23
Fe,1,508.3338,24
Sc,1,508.3721,77
Ti,3,508.3800,80
Cu,2,508.3979,36
Cu,2,508.4017,22
Ni,1,508.4080,31
K,1,508.4226,59
Th,3,508.4699,85
Al,2,508.5020,31
Tm,1,508.5086,56
Zr,1,508.5260,37
Th,3,508.5296,76
Ti,1,508.5333,31
Sc,1,508.5549,78
Cd,1,508.5822,94
Kr,2,508.6520,90
Sc,1,508.6900,95
Tl,3,508.6990,43
Ti,1,508.7060,69
Pr,1,508.7120,94
Sc,1,508.7123,47
Ta,1,508.7366,24
Y,2,508.7418,73
Be,1,508.7750,45
Rb,1,508.7987,8
Y,1,508.8201,39
Cu,2,508.8276,59
Cu,2,508.8488,40
Cu,2,508.8943,32
Kr,1,508.9120,10
Tb,2,508.9120,22
Pm,2,508.9350,34
Pb,1,508.9484,54
C,1,508.9632,4
Tb,1,508.9660,9
Nd,2,508.9837,14
Sc,1,508.9930,66
Pb,1,509.0008,48
Dy,2,509.0380,19
Ar,2,509.0495,29
Rh,1,509.0630,48
Ta,1,509.0710,32
Si,3,509.1420,71
Bi,2,509.1600,8
Gd,3,509.1700,98
Xe,2,509.1930,59
Gd,2,509.2250,17
Pm,1,509.2420,17
Sc,1,509.2458,48
Eu,1,509.2690,62
Nd,2,509.2797,56
Ho,1,509.3070,54
Al,2,509.3650,24
Cu,2,509.3815,52
Ru,1,509.3830,40
Cu,3,509.4280,57
Nb,1,509.4410,6
Pm,1,509.4830,57
Ta,1,509.5270,12
Nb,1,509.5300,78
Sr,3,509.5990,3
Gd,2,509.6060,13
Pm,1,509.6180,17
Tc,1,509.6280,95
Eu,1,509.6440,68
Th,1,509.6485,1
Re,1,509.6500,12
Cs,2,509.6597,89
Mo,1,509.6637,9
Sc,1,509.6721,66
K,1,509.7171,64
Ti,3,509.7250,9
Pm,2,509.7300,35
Mo,1,509.7517,23
Ba,3,509.7539,65
Ra,1,509.7560,78
P,1,509.8221,2
Gd,2,509.8380,24
Hg,2,509.8559,29
Sc,1,509.9186,48
K,1,509.9200,65
Sc,1,509.9274,48
Ni,1,509.9320,23
Cl,1,509.9789,3
Ni,1,509.9950,31
Mn,3,510.0030,22
Cu,2,510.0063,16
Nb,1,510.0160,48
Sm,2,510.0220,3
Sn,3,510.0300,18
Al,2,510.0340,15
Th,1,510.0621,23
Pm,1,510.0770,57
Gd,2,510.0940,7
Hg,2,510.0946,39
P,1,510.0974,3
Cu,2,510.0979,6
Tb,1,510.1090,9
Sc,1,510.1119,67
Tm,1,510.1129,19
Ba,3,510.2248,73
Nd,2,510.2393,19
198Hg,1,510.2699,25
Hg,1,510.2705,79
Y,3,510.2880,71
Sm,2,510.3090,16
La,1,510.3130,26
Tc,1,510.3240,24
S,2,510.3340,82
Gd,1,510.3450,91
Sr,3,510.3510,29
Tc,1,510.4321,57
Sn,1,510.4559,8
Nd,2,510.5210,14
Cu,1,510.5541,91
As,2,510.5580,36
Ac,1,510.5830,81
La,1,510.6230,91
Ru,1,510.7070,5
Pb,1,510.7242,34
Xe,3,510.7330,68
Al,1,510.7520,68
Tm,1,510.7533,59
As,2,510.7550,66
Nd,2,510.7585,56
Fe,1,510.7641,38
C,2,510.7910,0
Al,1,510.7943,50
Th,3,510.8257,8
Tb,1,510.8560,10
Au,1,510.8840,57
Gd,2,510.8910,29
Sc,1,510.9070,48
In,2,510.9360,32
Ti,1,510.9431,36
P,1,510.9628,24
Mo,1,510.9708,23
Tc,1,510.9809,25
Kr,1,510.9810,10
Ti,3,510.9810,38
Dy,1,511.0320,54
Pr,2,511.0380,73
Fe,1,511.0413,44
Pr,2,511.0760,83
Pd,1,511.0809,35
F,3,511.0990,94
Pb,2,511.1640,66
Cu,1,511.1913,71
K,1,511.2249,68
Zr,2,511.2270,4
Ce,1,511.2700,87
Sc,1,511.2864,49
Ca,3,511.2980,23
Ti,1,511.3440,74
Ne,1,511.3672,33
C,2,511.3690,19
Si,3,511.3760,41
Tm,1,511.3970,76
Si,3,511.4120,56
C,2,511.4260,52
Eu,1,511.4370,85
Tm,2,511.4550,28
La,2,511.4560,83
Th,1,511.5045,61
In,2,511.5100,80
Zr,1,511.5240,55
Ni,1,511.5400,26
Cu,1,511.5490,25
Ta,1,511.5843,43
In,2,511.6060,77
In,2,511.6470,61
Ne,1,511.6503,55
Sc,1,511.6648,49
Sc,1,511.6748,49
C,2,511.6750,5
Pd,1,511.7007,44
Mn,3,511.7030,8
Sm,1,511.7160,87
U,2,511.7240,6
In,2,511.7392,80
Mn,1,511.7940,35
Bk,1,511.8240,66
Tb,1,511.8390,26
Ti,3,511.9080,64
Y,2,511.9110,54
I,1,511.9278,96
C,2,511.9450,52
Dy,1,512.0040,64
C,2,512.0100,11
Tb,1,512.0180,10
Nb,1,512.0300,49
Re,1,512.0320,0
Y,3,512.0400,34
Ti,1,512.0415,75
Zr,1,512.0420,25
Hg,1,512.0637,86
Tm,1,512.0671,40
Rh,1,512.0690,13
Cu,2,512.0753,35
In,2,512.0839,82
La,1,512.0880,53
As,1,512.1340,35
Pm,2,512.1470,67
In,2,512.1768,81
Nb,1,512.1800,23
C,2,512.1820,33
Sm,1,512.2140,73
C,2,512.2150,6
Ne,1,512.2256,55
Ne,1,512.2361,56
Xe,2,512.2420,79
La,2,512.2990,83
Kr,2,512.3160,33
Y,2,512.3209,65
Cr,1,512.3460,25
Ag,1,512.3500,35
Ir,1,512.3660,15
Nd,2,512.3790,55
Gd,3,512.4060,5
Bi,2,512.4356,88
Cu,2,512.4475,45
Er,1,512.4560,55
Eu,1,512.4770,68
C,2,512.5200,19
Gd,2,512.5560,22
Xe,2,512.5700,40
Kr,2,512.5730,94
B,2,512.5790,31
S,2,512.6130,43
Ba,3,512.6549,21
C,2,512.6930,6
Xe,1,512.7240,21
Pm,1,512.7340,57
Ti,3,512.7350,26
Er,2,512.7410,27
Nb,1,512.7660,23
Ho,1,512.7810,65
Tm,1,512.7819,5
Hg,2,512.8442,93
V,1,512.8509,11
Hf,2,512.8530,4
Eu,1,512.9100,85
Ti,2,512.9156,43
Co,2,512.9202,22
Ho,2,512.9270,12
Ni,1,512.9380,24
Pr,2,512.9520,76
Ce,1,512.9570,91
Pm,1,512.9750,18
In,2,512.9860,78
Eu,1,513.0080,68
W,1,513.0114,5
Gd,2,513.0280,13
Sr,3,513.0335,89
Nd,2,513.0596,80
Rh,1,513.0760,8
In,2,513.0780,50
Er,1,513.1530,56
Tb,1,513.1690,39
Ge,2,513.1752,78
Nd,2,513.2330,18
Rb,1,513.2471,10
C,2,513.2940,89
C,2,513.3280,89
Nb,1,513.3340,6
Zr,1,513.3400,37
Pr,1,513.3440,98
Eu,1,513.3520,90
Fe,1,513.3688,19
Na,2,513.3750,27
Er,2,513.3830,27
Ru,1,513.3890,3
Lu,1,513.4050,58
Tm,1,513.4282,5
Ba,3,513.4542,66
Ge,3,513.4750,57
Nb,1,513.4750,58
Dy,1,513.5020,28
Lu,1,513.5090,92
Pr,2,513.5140,66
Y,1,513.5199,85
La,1,513.5440,21
Bk,2,513.5530,95
Gd,1,513.5590,27
Yb,2,513.5980,12
Gd,1,513.6040,30
Ba,3,513.6290,1
Ta,1,513.6467,6
Ru,1,513.6550,70
Ni,1,513.7080,28
Ag,2,513.7247,35
C,2,513.7260,59
Ca,3,513.7730,34
198Hg,1,513.7930,26
Hg,1,513.7940,79
V,1,513.8406,11
La,1,513.9160,26
C,2,513.9170,78
Fe,1,513.9251,21
Tc,1,513.9262,57
Fe,1,513.9462,46
Dy,2,513.9600,34
Cr,1,513.9646,13
Pr,1,513.9810,84
Ba,3,514.0105,8
Tm,2,514.0280,16
Nb,1,514.0580,20
Gd,2,514.0840,16
Tb,2,514.1080,18
Gd,1,514.1500,30
Ta,1,514.1620,38
As,1,514.1630,37
Ar,2,514.1783,81
S,2,514.2341,75
Ho,2,514.2590,28
Gd,1,514.2680,30
Cu,1,514.2700,25
Kr,1,514.2700,37
Ru,1,514.2760,33
Ni,1,514.2770,29
Ne,3,514.2800,43
Ag,2,514.2816,44
Tm,1,514.2886,70
Kr,2,514.3050,66
Ho,2,514.3220,24
Th,2,514.3267,26
C,2,514.3490,90
Sc,3,514.3609,67
Ta,1,514.3687,38
Th,1,514.3916,7
Cu,1,514.4120,79
Bi,2,514.4492,94
Ne,1,514.4938,79
Ne,1,514.5011,79
Kr,1,514.5040,11
Pm,1,514.5130,58
C,2,514.5160,96
Ar,2,514.5308,74
Mo,1,514.5378,31
La,1,514.5420,97
Ti,1,514.5460,78
I,1,514.5517,87
La,3,514.5730,24
Lu,3,514.5860,47
Hg,2,514.6289,84
Pm,1,514.6300,74
Ni,1,514.6480,35
Co,1,514.6740,13
Yb,2,514.7020,4
Ru,1,514.7240,47
Ti,3,514.7310,91
Mo,1,514.7383,14
Au,1,514.7440,74
Ti,1,514.7477,82
Nb,1,514.7540,21
Tb,1,514.7580,39
Ta,1,514.7620,29
Tm,1,514.7705,25
Th,2,514.8211,27
Te,1,514.8770,4
Na,1,514.8838,7
Tm,2,514.9400,27
Ho,2,514.9590,34
I,2,514.9730,19
Os,1,514.9740,10
Ce,1,514.9990,79
Rb,1,515.0134,42
Tc,1,515.0630,58
Nb,1,515.0640,7
Mn,1,515.0890,24
Al,3,515.1010,49
Ru,1,515.1070,17
C,2,515.1090,93
Ar,1,515.1391,0
Th,1,515.1612,56
Kr,3,515.1680,0
Ne,1,515.1961,33
Kr,3,515.2010,18
Rb,2,515.2081,98
Tl,2,515.2140,93
Ti,1,515.2184,78
Pr,2,515.2300,32
Nb,1,515.2630,21
Ru,1,515.3200,0
Cu,1,515.3235,96
Na,1,515.3402,20
C,1,515.3571,39
Pm,2,515.3860,82
Ti,2,515.4068,25
Th,1,515.4243,68
Ne,1,515.4427,16
Cd,1,515.4660,9
P,1,515.4844,25
Sm,2,515.5030,37
Ti,3,515.5040,64
Ru,1,515.5140,70
C,1,515.5292,9
C,1,515.5300,18
Zr,1,515.5450,73
Rh,1,515.5540,42
Ni,1,515.5760,35
Gd,1,515.5840,90
Sr,1,515.6040,63
Ac,2,515.6531,48
Ta,1,515.6562,78
Ne,1,515.6667,16
La,2,515.6740,65
Gd,2,515.6760,7
La,2,515.7430,65
B,3,515.7850,59
Zr,1,515.8000,67
Cu,2,515.8091,18
Sr,3,515.8261,92
Cu,1,515.8360,51
La,3,515.8410,28
Gd,1,515.8480,31
Th,1,515.8604,90
Zr,1,515.8670,17
La,1,515.8690,94
Rh,1,515.8690,27
Ne,1,515.8902,16
Ce,1,515.9690,98
Sr,3,515.9863,11
Ba,1,515.9876,71
C,1,515.9920,9
O,2,515.9942,73
Ru,1,516.0000,0
Eu,1,516.0070,93
S,3,516.0084,81
Sn,1,516.0154,1
U,2,516.0320,8
Nb,1,516.0330,64
Tm,1,516.0543,58
Th,2,516.0693,14
Zr,1,516.0990,34
Dy,2,516.1030,9
I,2,516.1200,88
Ce,1,516.1480,99
Re,1,516.1650,2
Es,1,516.1740,86
Pr,2,516.1740,53
Tc,1,516.1810,88
Ta,1,516.1814,29
Ar,1,516.2285,36
P,1,516.2290,41
Sr,3,516.2295,6
Hg,2,516.2357,87
Na,1,516.2500,85
Ti,3,516.2550,72
Xe,1,516.2711,30
Co,2,516.3151,2
Th,1,516.3458,17
La,2,516.3620,52
Gd,1,516.3700,31
Pd,1,516.3840,52
Al,3,516.3890,50
Dy,2,516.4120,9
U,1,516.4140,27
Tb,1,516.4270,11
Br,2,516.4380,77
Nb,1,516.4380,64
Gd,2,516.4540,7
Rb,2,516.4576,70
Er,2,516.4770,32
Ac,2,516.4830,11
Rb,1,516.5023,1
Nd,2,516.5140,18
Rb,1,516.5142,12
Dy,1,516.5340,42
Sr,1,516.5486,94
Ar,2,516.5773,31
B,3,516.5960,69
Zr,1,516.5960,37
Cr,1,516.6217,26
Sb,2,516.6320,31
Ba,3,516.6698,21
Eu,1,516.6700,90
Kr,2,516.6800,72
Mg,1,516.7322,97
Fe,1,516.7488,93
Cu,2,516.7692,12
Mo,1,516.7746,9
La,1,516.7790,73
Ho,1,516.7880,55
Kr,1,516.8060,38
Ni,1,516.8660,19
Fe,1,516.8898,22
Cu,3,516.8970,40
Cs,3,516.9407,63
Rb,1,516.9651,3
Dy,2,516.9690,27
Pm,2,516.9710,77
Tb,1,517.0130,18
Al,3,517.0600,8
Bk,1,517.0610,67
Tb,1,517.0610,11
Ru,1,517.1030,86
Mo,1,517.1064,38
Pm,2,517.1580,88
Fe,1,517.1596,76
Kr,1,517.2360,11
Mg,1,517.2684,98
Sm,1,517.2740,64
Er,1,517.2780,61
La,2,517.2910,13
Mo,1,517.2940,52
Ba,3,517.3228,2
F,2,517.3250,27
Ti,1,517.3740,99
La,2,517.3840,41
Pr,2,517.3900,86
Cf,1,517.3960,52
Mo,1,517.4180,34
Sn,1,517.4535,12
Ce,1,517.4550,93
Tc,1,517.4812,89
In,2,517.5410,43
Sm,1,517.5420,86
Ti,3,517.5480,47
Br,3,517.5870,6
O,2,517.5896,49
Rh,1,517.5970,43
I,2,517.6190,29
Ar,2,517.6229,7
Gd,2,517.6280,29
Tb,1,517.6510,40
Sb,2,517.6550,50
Ni,1,517.6560,15
Th,1,517.6961,48
La,1,517.7310,99
Kr,2,517.7700,4
Ir,1,517.7950,10
Ge,2,517.8460,28
Ne,2,517.8508,16
Ge,2,517.8647,87
Xe,2,517.8820,51
Re,1,517.8890,8
Cf,1,517.9080,56
La,1,517.9120,27
Tb,1,517.9970,40
Br,2,518.0010,30
Nb,1,518.0310,61
Nd,2,518.1165,11
Re,1,518.1740,0
Hf,1,518.1870,9
Si,2,518.1900,61
Tl,2,518.1950,17
Zn,1,518.1982,54
Ho,1,518.2110,64
Cs,2,518.2320,26
Br,2,518.2350,95
Nd,2,518.2603,9
Tm,1,518.2680,38
Tl,2,518.3100,19
Cu,2,518.3366,32
La,2,518.3420,90
Mg,1,518.3604,99
Zr,1,518.3700,42
La,1,518.3920,78
Ge,2,518.4103,17
Yb,2,518.4150,12
Rh,1,518.4190,23
In,2,518.4455,36
Xe,2,518.4480,51
U,2,518.4570,5
Tb,1,518.4590,41
Tm,1,518.5249,60
Si,2,518.5250,62
Dy,1,518.5300,54
Th,3,518.5365,52
Ti,2,518.5902,38
Tb,1,518.6130,55
Ti,1,518.6328,10
Kr,2,518.6980,66
Nb,1,518.6980,30
Zr,1,518.7030,14
Gd,2,518.7240,7
Ce,2,518.7460,46
Ar,1,518.7746,45
Hf,2,518.7750,8
Ho,1,518.7850,42
Gd,1,518.7880,22
Xe,2,518.8040,79
La,2,518.8220,73
Dy,2,518.8450,10
Kr,3,518.8480,59
Tb,1,518.8480,41
Ne,1,518.8612,56
Ti,2,518.8687,73
Ca,1,518.8850,81
Er,2,518.8900,31
Nb,1,518.9200,51
Ho,2,519.0110,16
O,2,519.0496,65
Th,2,519.0872,10
Gd,2,519.1080,8
Pr,2,519.1320,53
Xe,2,519.1370,85
P,2,519.1410,34
Nd,2,519.1448,70
Fe,1,519.1455,35
Th,3,519.1532,61
Pb,3,519.1560,47
Zr,2,519.1600,10
Na,2,519.1650,27
Ce,2,519.1660,7
Xe,2,519.2100,61
Fe,1,519.2344,49
Nd,2,519.2621,79
Dy,2,519.2860,46
Si,2,519.2860,80
Ti,1,519.2969,99
V,1,519.2984,11
Nb,1,519.3080,49
Ne,1,519.3125,56
Rh,1,519.3140,56
Ac,3,519.3211,6
Ne,1,519.3224,56
Ti,3,519.3420,73
Eu,1,519.3740,52
Br,2,519.3900,31
Ti,1,519.4034,27
Pm,2,519.4050,77
Pr,1,519.4430,88
Ge,1,519.4586,1
V,1,519.4874,14
Fe,1,519.4941,61
Ru,1,519.5020,35
Pr,2,519.5110,44
Ge,2,519.5219,29
Ho,1,519.5230,16
Na,2,519.5230,28
Rb,1,519.5278,44
Pr,2,519.5310,53
Th,1,519.5814,49
Nb,1,519.5840,44
Sr,3,519.5973,67
Yb,1,519.6080,45
Hg,2,519.6190,86
Y,2,519.6421,47
Ba,3,519.6430,40
Cr,1,519.6446,61
Mn,1,519.6590,25
Lu,1,519.6610,65
Si,3,519.7260,12
Sr,3,519.7515,23
Bk,1,519.7550,68
Dy,2,519.7660,23
Gd,1,519.7770,76
Ag,2,519.8171,3
Ne,2,519.8481,40
Th,1,519.8800,10
S,2,519.8844,21
Tb,1,519.8860,41
Tm,1,519.9107,38
Th,1,519.9164,72
Rb,2,519.9390,31
Eu,1,519.9850,89
Ru,1,519.9870,5
Nd,2,520.0120,49
Mo,1,520.0153,14
Kr,2,520.0220,67
Y,2,520.0409,72
Sm,1,520.0590,65
Cs,2,520.0815,37
Cu,1,520.0870,78
Eu,1,520.0960,74
S,2,520.1024,87
Ti,1,520.1081,24
Zr,1,520.1150,42
Ca,3,520.1353,29
S,2,520.1387,54
Xe,2,520.1420,31
Pb,1,520.1437,84
Bi,2,520.1500,60
Xe,2,520.1880,14
Ne,2,520.2240,16
Si,2,520.2410,92
Os,1,520.2630,36
Tb,1,520.2770,26
Nb,1,520.3220,17
Ne,1,520.3896,57
I,1,520.4120,76
La,2,520.4150,63
U,2,520.4310,3
Es,1,520.4400,95
Cr,1,520.4498,99
Tm,2,520.4510,7
Tb,1,520.4550,30
Hg,2,520.4768,94
Y,1,520.5010,4
Nb,1,520.5130,1
Ge,2,520.5649,46
Y,2,520.5722,77
Ge,2,520.5837,34
Hg,2,520.5868,33
Ra,1,520.5930,78
Ti,3,520.5960,73
Cr,1,520.6023,99
Ti,1,520.6085,31
Eu,1,520.6440,76
Lu,1,520.6470,51
Er,1,520.6520,64
Pr,2,520.6550,73
Rb,2,520.6644,9
O,2,520.6650,93
Rh,1,520.6950,3
Tm,1,520.7125,11
Cu,2,520.7136,44
Ti,1,520.7849,4
Pr,2,520.7900,44
Tb,1,520.7970,31
Pm,2,520.8090,88
Cu,3,520.8340,58
Kr,2,520.8340,96
Cr,1,520.8409,100
Pr,3,520.8510,65
Na,2,520.8550,16
Ne,1,520.8865,30
Ag,1,520.9078,95
Zr,1,520.9300,38
Bi,2,520.9325,99
Cs,2,520.9581,92
Ti,1,521.0384,100
Gd,2,521.0490,8
Sc,1,521.0547,67
Ne,1,521.0567,17
Hg,3,521.0820,77
Th,1,521.1230,62
Rh,1,521.1520,4
Yb,1,521.1600,58
La,1,521.1860,99
Ce,1,521.1920,93
Ti,1,521.2280,1
Nd,2,521.2365,47
Bk,1,521.2530,69
S,2,521.2623,93
Tm,1,521.2650,25
Co,1,521.2710,17
Rh,1,521.2730,8
Ta,1,521.2741,44
Cu,1,521.2780,62
Er,2,521.2910,18
Sr,1,521.2978,34
Sr,3,521.3193,59
Nd,1,521.3230,82
Ne,2,521.3339,16
Tm,1,521.3376,73
Tb,1,521.4280,31
Rh,1,521.4790,4
Th,3,521.4967,49
Eu,1,521.5100,98
Er,2,521.5130,13
Ac,2,521.5399,32
Kr,1,521.5818,51
Pm,2,521.5960,35
Am,2,521.5990,50
I,2,521.6270,49
Fe,1,521.6274,55
Hg,2,521.6382,88
Th,2,521.6597,23
Ar,2,521.6814,11
Sr,3,521.7078,79
Kr,2,521.7460,51
Gd,1,521.7480,32
Cl,2,521.7940,95
Kr,2,521.7940,29
Tm,1,521.8035,27
Be,2,521.8115,54
Cu,1,521.8202,99
Er,2,521.8260,13
Be,2,521.8326,76
Ti,3,521.8430,64
Ta,1,521.8452,44
Ta,1,521.8660,12
Hg,1,521.8900,22
Pr,2,521.9050,73
Ga,2,521.9070,7
Nb,1,521.9100,23
Th,1,521.9110,39
Cu,3,521.9210,84
Cf,1,521.9240,60
S,3,521.9322,82
Gd,1,521.9400,67
Sc,1,521.9634,49
Ga,2,521.9658,88
Ti,1,521.9699,71
Cu,1,522.0070,78
Pr,2,522.0110,84
Gd,2,522.0300,15
Mg,3,522.0329,56
Ar,1,522.1271,17
Cl,2,522.1360,87
Ho,1,522.1540,38
Cr,1,522.1752,20
Tb,1,522.1990,32
Sr,1,522.2198,87
Ne,1,522.2352,17
Kr,1,522.2380,28
Rh,1,522.2660,8
Ti,1,522.2673,33
Ga,2,522.2682,8
Hg,2,522.2922,59
Ce,1,522.3460,97
Eu,1,522.3490,94
Ru,1,522.3550,4
Kr,1,522.3570,43
Xe,3,522.3620,46
Ti,1,522.3621,40
Ga,2,522.4160,9
Ti,1,522.4305,70
Ga,2,522.4440,10
Ti,1,522.4544,51
Kr,2,522.4560,10
Mg,3,522.4593,67
W,1,522.4657,94
Cr,1,522.4925,28
Zr,1,522.4930,38
Ti,1,522.4933,62
Sn,3,522.5000,38
Nd,2,522.5045,11
Sr,1,522.5108,88
Pm,2,522.5120,67
Nb,1,522.5160,17
Tc,1,522.5554,25
Ga,2,522.5990,12
La,2,522.6210,20
Ti,3,522.6280,88
Tm,1,522.6304,5
Ti,2,522.6539,65
Xe,2,522.6570,32
Ga,2,522.6740,13
B,3,522.6860,10
Fe,1,522.6862,33
Xe,2,522.6900,14
Sr,3,522.6917,52
Cs,2,522.7036,100
Fe,1,522.7189,87
Se,2,522.7500,92
Pt,1,522.7646,65
Pr,1,522.7970,86
Tb,1,522.8120,60
Kr,1,522.8177,68
Tm,1,522.8230,40
Tm,2,522.8230,16
Ac,1,522.8310,81
Nd,2,522.8427,11
Y,1,522.8529,12
I,2,522.8970,39
Ac,2,522.9099,15
Sr,1,522.9270,88
Er,2,522.9340,17
Ge,3,522.9370,29
Kr,2,522.9530,67
Ce,1,522.9750,92
Co,1,523.0220,18
Au,1,523.0260,89
F,1,523.0410,12
Ac,2,523.0429,41
Rh,1,523.0620,8
Rb,2,523.1150,9
Th,1,523.1160,88
As,2,523.1380,47
Ca,3,523.1815,39
Kr,1,523.2060,11
Y,1,523.2110,5
Nb,1,523.2810,44
Fe,1,523.2940,72
Th,2,523.3225,35
W,1,523.3523,84
Gd,1,523.3930,43
Rb,1,523.3968,13
Ne,1,523.4027,17
V,1,523.4072,11
Nd,2,523.4195,65
Mo,1,523.4258,9
La,1,523.4270,99
Re,1,523.4310,5
I,1,523.4564,75
Pd,1,523.4861,36
Tb,1,523.5110,32
Co,1,523.5210,14
Ta,1,523.5393,6
Pm,2,523.6260,89
Pm,2,523.6660,78
Rh,1,523.7160,32
Cr,2,523.7322,16
Nb,1,523.7430,24
Cu,1,523.7650,26
Y,3,523.8100,88
Mo,1,523.8205,76
Br,2,523.8230,96
Ti,1,523.8522,4
Sr,1,523.8549,94
Ti,1,523.8574,42
Ir,1,523.8920,11
Xe,3,523.8920,79
Sb,2,523.8940,79
Eu,1,523.9240,77
La,1,523.9550,39
W,1,523.9786,32
Nd,2,523.9790,37
Sc,2,523.9811,99
Yb,2,524.0510,36
Y,1,524.0800,85
La,1,524.0830,30
V,1,524.0864,12
Mo,1,524.0874,52
Hg,2,524.2173,23
Mo,1,524.2802,15
W,1,524.2980,94
Zr,1,524.3470,15
Yb,1,524.4110,61
Ho,1,524.4470,32
Ti,3,524.5060,73
Br,1,524.5119,3
Xe,1,524.5270,8
Cu,2,524.5340,32
Mo,1,524.5505,9
I,2,524.5710,89
Ce,1,524.5920,98
Pm,2,524.6330,83
Ti,1,524.6546,24
Gd,1,524.6870,27
Dy,2,524.6940,13
Hf,2,524.7100,13
Sr,3,524.7175,11
Ti,1,524.7288,22
Ca,3,524.7373,45
Ti,3,524.7490,85
Cr,1,524.7565,90
Th,2,524.7655,71
Sb,3,524.7710,9
U,2,524.7750,3
Xe,2,524.7750,32
Co,1,524.7930,18
Tb,1,524.8710,51
In,3,524.8770,95
Re,1,524.8860,9
Xe,1,524.8980,8
Cs,2,524.9385,98
C,2,524.9510,1
Nd,2,524.9585,82
Cu,1,525.0520,78
Nd,2,525.0816,26
Ti,1,525.0924,5
Gd,1,525.1180,73
Nb,1,525.1620,44
Ru,1,525.1670,1
Ho,1,525.1820,48
Sm,1,525.1920,66
Ti,1,525.2099,66
Gd,2,525.2140,22
Mn,3,525.2230,9
Nb,1,525.3030,21
Th,2,525.3443,20
La,1,525.3460,96
P,2,525.3520,71
C,2,525.3570,13
Ba,1,525.3804,21
Nb,1,525.3930,24
In,1,525.4320,64
W,1,525.4542,69
Gd,1,525.4750,33
Cr,1,525.5117,35
Mn,1,525.5320,47
W,1,525.5396,74
Tm,1,525.5503,5
Nd,2,525.5510,56
Gd,1,525.5800,44
Ti,1,525.5806,27
Be,2,525.5860,64
Er,2,525.5930,29
Ac,2,525.6031,12
C,2,525.6090,1
Na,1,525.6400,49
Er,2,525.6470,6
Cs,2,525.6594,39
Ge,3,525.6610,19
Kr,2,525.6750,52
Ti,3,525.6770,65
Yb,3,525.6850,34
Sr,1,525.6899,98
Er,2,525.7020,10
U,2,525.7040,3
C,2,525.7240,51
Ti,3,525.7330,65
Yb,2,525.7490,38
Sr,3,525.7707,92
Kr,3,525.7830,1
La,1,525.7850,40
Ac,1,525.8240,98
Th,1,525.8360,73
Sc,1,525.8364,67
Y,1,525.8474,2
Mo,1,525.9032,31
C,2,525.9060,47
W,1,525.9342,97
La,2,525.9390,49
C,2,525.9710,47
Pr,2,525.9730,87
Dy,1,525.9880,50
Xe,2,525.9890,41
Ti,1,525.9973,5
Rb,1,526.0034,46
Al,3,526.0110,29
Tc,1,526.0217,25
Rb,1,526.0228,4
Fe,2,526.0254,6
Hf,2,526.0440,7
Xe,2,526.0440,79
Dy,1,526.0560,64
Tm,2,526.0930,8
Tc,1,526.1444,25
Ac,1,526.1450,68
Be,1,526.1525,46
Pr,3,526.1680,65
Ca,1,526.1710,64
Au,1,526.1760,75
Xe,2,526.1950,80
Tb,2,526.2110,22
Sr,3,526.2212,89
Ca,1,526.2240,71
Pm,2,526.2420,36
In,1,526.2740,49
Sr,3,526.2958,40
B,2,526.3120,15
Cs,2,526.3180,52
W,1,526.3215,69
Ti,1,526.3483,13
Y,3,526.3580,50
Pr,2,526.3880,48
Ra,1,526.3960,54
Cr,1,526.4153,96
Mg,2,526.4215,63
Ca,1,526.4240,65
Mg,2,526.4368,49
Pr,3,526.4440,93
Ac,1,526.4480,72
Er,2,526.4770,14
Hf,2,526.4950,8
Ca,1,526.5560,75
I,1,526.5687,16
Cr,1,526.5714,88
Ge,1,526.5892,18
Ti,1,526.5963,54
Co,1,526.6302,11
Eu,1,526.6400,89
Co,1,526.6490,15
Fe,1,526.6555,51
Th,1,526.6710,43
Dy,1,526.7110,48
Tm,2,526.7340,17
Cs,3,526.7388,48
Cd,2,526.8007,75
Xe,2,526.8310,51
Co,1,526.8498,11
W,1,526.8550,54
Cu,3,526.8590,42
Gd,1,526.8780,27
C,1,526.8956,66
Rh,1,526.9270,0
W,1,526.9326,69
I,2,526.9360,40
Nd,2,526.9480,9
Fe,1,526.9537,96
Pu,1,526.9860,58
Nb,1,526.9920,12
Cu,2,526.9989,38
Ca,1,527.0270,82
Be,2,527.0284,92
Fe,1,527.0356,83
Bi,2,527.0512,82
Rb,2,527.0513,63
Pm,2,527.0640,89
Be,2,527.0811,94
Re,1,527.0950,90
La,1,527.1190,96
Sm,1,527.1400,77
Nb,1,527.1530,67
Ac,1,527.1560,90
Cd,2,527.1600,76
Bk,1,527.1950,70
Eu,1,527.1960,95
Ca,3,527.1981,51
Dy,2,527.2250,14
Sr,3,527.2430,79
Eu,1,527.2480,74
Br,2,527.2680,32
Er,1,527.2910,52
Gd,1,527.2910,23
Ac,2,527.3131,4
Nd,2,527.3431,78
Ne,1,527.4039,3
Cs,2,527.4054,95
Ce,2,527.4230,42
Kr,1,527.4610,38
Tm,1,527.4714,28
Tb,1,527.5030,11
Cr,1,527.5174,35
Cr,1,527.5275,48
Dy,2,527.5290,14
Ho,1,527.5480,42
Tc,1,527.5512,81
W,1,527.5529,84
Re,1,527.5560,92
Cr,1,527.5746,63
Cr,1,527.6067,66
Nb,1,527.6200,38
Al,2,527.6420,16
La,1,527.6420,58
Kr,2,527.6500,78
Cu,2,527.6524,26
Al,2,527.6810,16
Nd,2,527.6879,14
Yb,1,527.7040,72
Zr,1,527.7410,51
Th,2,527.7500,57
Hg,2,527.7591,86
Al,2,527.7680,17
Er,1,527.7710,38
Ra,1,527.7910,16
S,1,527.8100,21
Ti,3,527.8120,96
Sr,3,527.8223,11
Re,1,527.8240,15
Al,2,527.8620,29
S,1,527.8700,26
Ti,3,527.8700,80
S,1,527.8990,45
F,1,527.9010,6
La,2,527.9130,14
Er,2,527.9340,10
Yb,2,527.9530,36
Dy,2,527.9700,14
Kr,1,527.9834,54
Zr,1,528.0050,34
Ne,1,528.0085,17
Hg,2,528.0146,60
Al,2,528.0214,32
C,1,528.0238,53
U,1,528.0380,29
Co,2,528.0626,19
Co,1,528.0650,15
Mo,1,528.0855,47
Tb,1,528.1050,51
N,1,528.1200,14
Ar,2,528.1630,0
Dy,1,528.2070,46
Ti,3,528.2140,73
Ti,1,528.2374,43
Gd,1,528.2480,23
Eu,1,528.2820,83
Sm,1,528.2910,66
Gd,1,528.3080,67
Ra,1,528.3280,80
Ti,1,528.3437,50
Cu,1,528.3530,2
Fe,1,528.3621,37
Al,2,528.3735,73
Ru,1,528.4080,26
Ti,1,528.4374,13
Pr,3,528.4700,95
Dy,2,528.4990,5
Tc,1,528.5067,67
Nb,1,528.5260,12
Ca,2,528.5270,51
Sc,1,528.5771,50
Al,2,528.5842,51
Ba,3,528.6081,2
Pt,1,528.6097,2
Xe,1,528.6110,9
Mg,3,528.6389,46
Kr,3,528.7020,19
Eu,1,528.7250,47
C,1,528.8315,2
Sr,3,528.8319,90
Eu,1,528.9250,52
Y,2,528.9815,32
198Hg,1,529.0729,28
Hg,1,529.0740,79
La,2,529.0840,57
Tm,1,529.1143,60
Sn,3,529.1200,75
C,1,529.1224,11
Eu,1,529.1260,77
Na,2,529.1650,5
Nd,1,529.1670,76
Pr,2,529.2020,72
Rh,1,529.2140,0
Xe,2,529.2220,98
Cu,1,529.2517,93
Pr,2,529.2620,72
N,1,529.2680,2
Nd,2,529.3168,80
Hg,2,529.3248,50
P,1,529.3539,26
Ti,3,529.3600,56
Eu,1,529.3680,53
Pm,2,529.3920,55
Ti,3,529.3950,74
Hg,2,529.4177,55
Tm,1,529.4324,60
Eu,1,529.4640,77
Zr,1,529.4820,31
Hf,1,529.4870,2
Ta,1,529.5009,32
Si,2,529.5190,38
Sc,2,529.5313,60
Pd,1,529.5627,49
Ti,1,529.5775,55
P,2,529.6130,80
Nb,1,529.6340,1
Ce,1,529.6560,87
Cr,1,529.6690,94
Zr,1,529.6790,51
C,1,529.6930,2
Ti,1,529.7233,40
Cr,1,529.7376,78
Ca,3,529.7529,20
Dy,2,529.7820,10
Cr,1,529.8014,72
Hf,2,529.8060,10
Sr,3,529.8062,6
Pr,2,529.8090,59
Ne,1,529.8189,57
Cr,1,529.8271,98
Ti,1,529.8418,34
Ti,3,529.8430,88
Cr,1,529.8490,39
Mn,2,529.9370,13
I,2,529.9780,33
Kr,1,529.9790,11
Pr,3,529.9990,95
C,1,530.0118,18
Tm,1,530.0205,56
C,1,530.0550,55
Kr,1,530.0740,29
Cr,1,530.0745,80
C,1,530.0845,12
Yb,2,530.0940,6
I,1,530.0991,17
Pt,1,530.1013,77
Co,1,530.1060,12
Ti,3,530.1200,95
Ho,1,530.1250,55
Ca,3,530.1321,40
Dy,1,530.1580,67
Gd,1,530.1670,67
Sc,1,530.1951,50
Zr,1,530.1970,31
La,2,530.1980,79
Nd,2,530.2279,15
Er,2,530.2300,17
C,1,530.2352,12
Mn,2,530.2440,47
La,2,530.2620,57
Tm,1,530.2694,57
Gd,1,530.2760,57
C,1,530.3130,4
La,2,530.3550,65
Eu,1,530.3850,69
La,1,530.4020,53
Br,2,530.4100,56
Lu,1,530.4400,30
Tb,1,530.4720,47
Ne,1,530.4758,31
Ru,1,530.4860,5
Mg,3,530.5206,47
Se,2,530.5400,78
Re,1,530.5560,4
Ba,1,530.5701,29
Tm,2,530.5870,30
C,1,530.6315,3
Nd,2,530.6472,8
Cs,2,530.6595,83
Gd,1,530.6700,23
C,1,530.6837,42
Ti,3,530.6880,94
Tm,1,530.7116,96
Ca,2,530.7220,57
Gd,1,530.7300,67
Th,2,530.7465,26
La,1,530.7530,27
Tb,1,530.8190,18
Zn,1,530.8640,70
Kr,2,530.8680,87
Pm,2,530.8860,17
Dy,2,530.9020,10
Ru,1,530.9270,50
Xe,2,530.9270,80
Tb,1,530.9460,19
In,2,530.9493,74
K,2,531.0240,56
Zn,1,531.0240,58
Al,2,531.0760,17
Zn,1,531.1020,40
Zr,1,531.1400,48
Nd,2,531.1461,28
Hf,2,531.1600,13
Th,1,531.2002,65
Tm,1,531.2267,45
Al,2,531.2320,38
Ag,2,531.2457,39
Th,1,531.2529,20
Pd,1,531.2586,14
Xe,2,531.3870,96
N,3,531.4350,33
Rh,1,531.4790,1
Tc,1,531.4964,48
Cs,2,531.5258,46
Nb,1,531.5550,12
Hg,2,531.6067,31
P,2,531.6070,55
Al,2,531.6075,43
198Hg,1,531.6769,8
Hg,1,531.6776,58
Ag,2,531.7212,6
Re,1,531.7280,1
Kr,2,531.7410,52
C,1,531.7465,57
Sr,3,531.7591,23
Cu,3,531.7780,60
Sc,2,531.8374,88
Pm,2,531.8580,36
Nb,1,531.8600,64
Tb,1,531.9230,59
Ho,1,531.9240,33
Nb,1,531.9490,12
Ho,1,531.9650,33
Ag,2,531.9702,2
Nd,2,531.9818,71
La,1,532.0160,12
Tc,1,532.0198,62
Ra,1,532.0290,80
Sm,1,532.0600,55
S,2,532.0732,98
Y,2,532.0782,26
N,3,532.0820,87
Zr,1,532.1260,9
Re,1,532.1280,6
Ca,3,532.1288,45
Gd,1,532.1500,43
Gd,1,532.1780,68
Sr,3,532.1909,29
Kr,1,532.2020,12
Rb,1,532.2380,19
Pr,2,532.2760,77
Kr,2,532.2770,67
I,2,532.2800,34
Tm,2,532.2990,14
Ra,2,532.3090,4
Po,1,532.3230,45
K,1,532.3276,70
Ti,3,532.3530,48
La,1,532.3570,40
Tm,1,532.3828,20
Fe,1,532.4179,63
Hf,2,532.4260,2
Tm,1,532.4595,25
Al,2,532.4610,32
Dy,1,532.4690,43
Th,2,532.5144,21
Ca,3,532.6153,13
Ne,1,532.6396,34
Th,1,532.6976,40
N,3,532.7180,73
Gd,1,532.7320,40
Re,1,532.7460,9
Kr,1,532.7870,12
Fe,1,532.8038,92
Ca,3,532.8063,40
Ce,1,532.8080,88
Gd,1,532.8300,28
Cr,1,532.8324,87
Ti,3,532.8400,65
Fe,1,532.8531,69
O,1,532.9100,39
Cr,1,532.9137,69
O,1,532.9680,47
Rh,1,532.9740,27
Sr,1,532.9813,63
Rb,2,533.0019,3
Ho,1,533.0110,54
Br,2,533.0570,78
O,1,533.0740,56
Ne,1,533.0778,83
Zr,1,533.0840,8
Tb,1,533.1040,26
Kr,1,533.1080,12
Rh,1,533.1080,1
As,2,533.1230,68
Yb,3,533.1540,34
Sc,1,533.1788,50
Re,1,533.1900,1
Br,2,533.2050,97
Sn,2,533.2339,84
Ag,2,533.2504,40
Re,1,533.2760,1
C,2,533.2890,11
Er,1,533.3060,39
Gd,1,533.3300,48
Ne,1,533.3308,18
Er,2,533.3330,11
Kr,2,533.3410,97
Ag,1,533.3620,24
Ca,3,533.3652,19
Re,1,533.3850,1
Er,2,533.4230,11
Sc,2,533.4241,82
Kr,1,533.4755,56
C,2,533.4790,20
Tc,1,533.4790,26
Nb,1,533.4870,21
Yb,2,533.5150,86
Ru,1,533.5930,17
Ta,1,533.6127,7
Ti,2,533.6786,46
Ga,3,533.7220,56
Dy,2,533.7430,3
Cd,2,533.7486,99
Gd,1,533.7530,24
Tb,1,533.7900,47
Kr,3,533.8200,1
I,2,533.8220,98
Ga,2,533.8240,75
Tb,1,533.8590,27
Tm,1,533.8900,25
Tm,1,533.9031,45
Kr,1,533.9118,68
Ca,2,533.9190,48
Xe,2,533.9330,98
Sc,1,533.9431,50
K,1,533.9688,78
Fe,1,533.9929,15
Pr,3,534.0020,95
Ag,2,534.0027,52
Dy,1,534.0300,48
La,2,534.0670,49
Ir,1,534.0740,5
Nb,1,534.0800,13
Fe,1,534.1024,64
Ta,1,534.1049,54
Mn,1,534.1060,62
Sc,1,534.1074,51
Ne,1,534.1094,89
Sm,1,534.1290,46
Sc,2,534.2075,60
C,2,534.2390,58
Co,1,534.2710,19
K,1,534.2970,72
Sc,1,534.2992,67
Gd,1,534.3000,71
Ne,1,534.3283,83
Sr,3,534.3301,40
Co,1,534.3383,12
Th,1,534.3581,80
Er,2,534.3940,6
Nb,1,534.4170,79
Er,2,534.4500,14
Ac,1,534.4740,84
P,2,534.4750,73
Pd,1,534.5104,9
Gd,1,534.5130,33
I,2,534.5150,96
Br,1,534.5421,4
Yb,2,534.5660,30
Gd,1,534.5680,31
Rb,2,534.5701,17
S,2,534.5721,95
Cr,1,534.5796,99
P,1,534.5851,42
Mg,1,534.5977,9
Hf,2,534.6300,1
Tm,2,534.6490,32
Kr,2,534.6760,67
Yb,2,534.7220,60
Kr,1,534.7370,12
B,2,534.7650,23
Tb,2,534.7830,1
Gd,3,534.7950,69
Er,1,534.8060,52
Cr,1,534.8314,97
Gd,1,534.8670,52
W,1,534.8932,32
Sn,3,534.9100,50
Lu,1,534.9120,45
Cs,2,534.9131,95
Ne,1,534.9204,57
Sc,1,534.9342,51
Ca,1,534.9470,87
Ta,1,534.9575,20
Sc,1,534.9711,51
Kr,3,534.9770,1
Mn,1,534.9880,8
Ti,3,534.9910,10
Zr,2,535.0090,2
Sc,1,535.0278,51
Zr,2,535.0350,2
Gd,1,535.0380,71
Eu,1,535.0410,29
Tl,1,535.0460,97
Er,1,535.0470,34
Ca,3,535.0730,26
Nb,1,535.0740,72
Zr,1,535.0900,9
Ti,1,535.1067,22
Yb,1,535.1290,22
Eu,1,535.1690,62
Zr,1,535.1920,9
Co,1,535.2050,19
Dy,1,535.2110,29
Ti,3,535.2390,10
Pr,2,535.2400,53
Cu,1,535.2666,72
Eu,1,535.2840,38
Yb,2,535.2950,83
Gd,1,535.3260,60
Nb,1,535.3280,7
Tc,1,535.3480,58
Ga,1,535.3490,77
Co,1,535.3500,13
Ce,2,535.3530,59
198Hg,1,535.4029,52
Hg,1,535.4034,88
Ca,3,535.4237,27
Sb,2,535.4240,81
Rh,1,535.4400,64
W,1,535.4446,5
Ta,1,535.4679,24
Tb,1,535.4880,61
Cu,1,535.4950,70
Eu,1,535.5100,69
Ne,1,535.5164,57
Ga,3,535.5200,10
Ne,1,535.5424,58
Kr,2,535.5450,24
Nb,1,535.5700,7
Ti,3,535.5750,10
Sc,1,535.5793,52
Sr,3,535.5942,67
Sc,1,535.6097,52
Rh,1,535.6470,13
Ti,3,535.6510,56
Tc,1,535.6634,26
Nd,2,535.6976,19
Sc,2,535.7202,88
Eu,1,535.7610,97
La,1,535.7860,82
Ga,3,535.8160,63
Cs,2,535.8433,61
Ti,3,535.8530,56
Yb,2,535.8640,31
Tc,1,535.8646,42
Ga,1,535.9205,71
K,1,535.9574,81
Ho,1,535.9990,56
Ne,1,536.0012,58
Cu,1,536.0030,68
Tc,1,536.0142,26
Ga,2,536.0402,81
Mo,1,536.0513,80
Eu,1,536.0830,53
Rb,2,536.1017,18
Nd,2,536.1474,43
Eu,1,536.1610,78
Gd,1,536.1660,24
Ru,1,536.1792,26
Xe,1,536.2244,38
Tl,3,536.2400,50
Zr,1,536.2560,34
Rb,1,536.2601,62
Ac,2,536.2610,39
S,2,536.2703,11
Ag,2,536.2788,44
Xe,2,536.3200,73
Ga,2,536.3585,55
Yb,1,536.3660,23
Br,1,536.4190,1
Mo,1,536.4276,15
Ir,1,536.4320,16
Xe,1,536.4626,56
P,1,536.4631,4
Gd,1,536.5380,36
Hg,1,536.5500,74
Se,1,536.5500,12
Mn,3,536.5590,11
La,1,536.5890,21
Gd,3,536.5960,94
Xe,1,536.7030,22
Xe,3,536.7030,68
Ti,3,536.7170,57
Pb,2,536.7640,68
Xe,2,536.8070,67
Dy,2,536.8200,6
Sm,1,536.8360,50
Er,1,536.8850,28
Pt,1,536.8983,42
Sn,3,536.9400,71
Re,1,536.9480,6
Co,1,536.9580,14
S,3,536.9618,6
Ac,1,536.9630,36
Tb,1,536.9720,52
Cu,3,536.9790,48
Re,1,536.9800,9
I,2,536.9860,66
Se,1,536.9900,25
Gd,1,536.9920,36
Fe,1,536.9961,18
Br,1,537.0340,2
Gd,1,537.0630,45
Cs,2,537.0988,97
Kr,3,537.1400,29
Fe,1,537.1489,86
Kr,1,537.1740,13
Al,2,537.1840,41
Nd,2,537.1935,14
Pb,2,537.2099,70
Ne,1,537.2311,34
Hg,2,537.2373,25
Xe,2,537.2390,86
S,1,537.2580,41
Tm,2,537.2980,20
Ag,2,537.3821,4
Sr,1,537.4069,45
Se,1,537.4100,21
Ne,1,537.4975,18
Tc,1,537.5201,58
Nb,1,537.5270,7
Sc,1,537.5373,52
Ca,3,537.5470,27
S,1,537.5830,49
Tb,1,537.5980,52
Th,3,537.6130,96
Os,1,537.6790,0
Cu,1,537.6867,2
Eu,1,537.6939,75
La,2,537.7090,54
Re,1,537.7100,15
Mn,1,537.7630,49
Ru,1,537.7840,4
Cd,2,537.8135,100
P,2,537.8200,57
Sr,3,537.8458,59
Rh,1,537.9100,32
Th,1,537.9110,17
Kr,1,537.9637,62
La,1,538.0010,22
C,1,538.0331,95
Y,1,538.0629,62
Cs,3,538.0792,68
La,2,538.0990,57
Pu,1,538.1020,59
S,1,538.1020,58
Ti,2,538.1021,14
Y,1,538.1244,5
Nb,1,538.1340,8
Kr,3,538.1390,1
Ho,1,538.1400,43
Cd,2,538.1887,87
La,2,538.1920,42
Zr,1,538.2370,2
Fe,1,538.3369,33
Y,3,538.3640,58
Ho,1,538.4560,27
198Hg,1,538.4615,39
Hg,1,538.4626,83
Tl,2,538.4850,79
Ho,1,538.4970,27
Zr,1,538.5140,72
Dy,2,538.5630,0
Ru,1,538.5880,4
Nd,2,538.5900,8
U,2,538.6190,5
Th,1,538.6611,44
Zr,1,538.6650,15
P,2,538.6880,74
Cr,1,538.6967,5
Cs,2,538.7179,14
Pt,1,538.7866,6
Y,1,538.8388,9
Al,2,538.8480,10
Ti,3,538.9050,57
Sc,2,538.9413,11
Gd,1,538.9500,33
Dy,2,538.9580,21
Yb,2,538.9840,7
Ti,1,538.9988,25
Rh,1,539.0440,57
Th,2,539.0467,30
Rb,1,539.0568,26
Cr,2,539.0614,53
Pt,1,539.0778,50
Y,1,539.0813,17
Sr,3,539.1028,90
Hf,2,539.1360,5
Cu,1,539.1620,76
Tm,2,539.1960,8
Bk,1,539.2030,71
Sc,1,539.2058,52
Cl,2,539.2120,83
Ag,2,539.2469,43
Th,2,539.2573,14
O,2,539.2611,27
Xe,1,539.2795,80
Eu,1,539.2940,78
Fe,1,539.3167,3
B,2,539.3170,34
Ce,2,539.3400,31
Ho,1,539.3850,16
Bk,1,539.4240,72
Mn,1,539.4670,49
Xe,1,539.4738,45
Th,1,539.4761,34
Pd,1,539.5220,26
Br,1,539.5480,38
Dy,1,539.5570,36
Ti,3,539.5690,81
Cr,2,539.5773,35
Er,2,539.5870,15
Sr,3,539.5886,59
Ta,1,539.5986,12
Ti,1,539.7062,41
Fe,1,539.7128,73
Ar,2,539.7516,20
Ce,1,539.7640,90
Bi,2,539.7800,9
Cr,2,539.7829,16
Mn,1,539.9490,25
Ra,1,539.9800,82
Sr,3,539.9924,52
Dy,2,539.9930,3
Ag,2,540.0104,72
Ra,1,540.0230,88
Xe,1,540.0450,9
Tm,2,540.0460,20
Na,2,540.0464,5
Ne,1,540.0562,95
Cr,1,540.0597,39
S,2,540.0712,55
Xe,3,540.1010,82
Ru,1,540.1047,18
Mg,2,540.1543,73
C,1,540.1600,29
Y,1,540.1877,5
V,1,540.1922,1
Tb,2,540.2060,6
Tm,1,540.2231,50
Ta,1,540.2507,63
In,2,540.2540,24
Lu,1,540.2570,79
Am,1,540.2620,61
Eu,1,540.2770,97
Y,2,540.2773,56
Cs,2,540.2785,83
Kr,1,540.3030,13
Be,2,540.3040,77
Ag,2,540.3132,70
Ho,1,540.3170,49
Sc,2,540.4085,24
Fe,1,540.4151,5
Dy,1,540.4190,43
Bk,1,540.4620,73
Rh,1,540.4730,13
Hg,1,540.4800,32
Ti,3,540.4940,10
Zr,1,540.5130,9
Ne,2,540.5152,17
Sm,1,540.5230,49
Eu,1,540.5330,43
Si,2,540.5340,63
I,2,540.5420,54
Sr,3,540.5451,79
Fe,1,540.5775,75
Tm,2,540.5980,8
Ra,1,540.6810,88
Sr,3,540.7066,73
Ho,1,540.7080,59
Cs,2,540.7190,54
Ar,2,540.7345,4
I,2,540.7360,56
Mn,1,540.7420,50
Cs,2,540.7437,14
Zr,1,540.7620,38
Th,1,540.7654,47
As,1,540.8130,39
Cu,1,540.8340,58
Cf,1,540.8880,63
Ce,2,540.9230,27
Ti,1,540.9605,52
P,2,540.9720,45
Cr,1,540.9783,100
Tl,2,540.9920,21
Be,2,541.0206,78
Pm,2,541.0450,55
Th,1,541.0769,27
Ag,2,541.0811,45
Tl,2,541.0970,52
In,2,541.1650,29
Eu,1,541.1864,43
Ag,2,541.1936,36
Kr,3,541.2190,36
Th,3,541.2221,40
Gd,3,541.2620,21
Ne,1,541.2649,67
Gd,1,541.3200,33
Xe,3,541.3490,35
Ho,2,541.3620,1
Tb,1,541.3650,19
Mn,1,541.3690,16
Tm,1,541.3727,46
Na,2,541.4546,22
Er,2,541.4630,18
Fe,1,541.5199,22
V,1,541.5251,28
Xe,2,541.5360,51
Th,2,541.5433,15
La,1,541.5680,30
Gd,1,541.5690,34
Tb,1,541.6200,20
Ga,2,541.6318,90
Os,1,541.6340,9
Y,1,541.7033,30
Si,2,541.7240,18
Th,1,541.7486,82
Sr,3,541.7560,80
Xe,1,541.8020,16
Kr,2,541.8430,52
Cu,3,541.8480,49
In,2,541.8513,32
Ne,1,541.8558,58
Dy,1,541.9130,55
Xe,2,541.9150,100
Ta,1,541.9190,51
Lu,3,541.9420,31
Cs,2,541.9673,89
Ne,1,542.0155,18
Mn,1,542.0360,47
Ce,1,542.0380,82
Sr,3,542.0991,80
Eu,1,542.1074,47
Ga,2,542.1275,57
Ar,1,542.1352,1
Zr,1,542.1860,2
Lu,1,542.1900,58
Sc,1,542.2335,68
Sc,2,542.2335,56
Nb,1,542.2440,18
Rb,2,542.2440,66
Br,2,542.2780,79
Er,2,542.2810,4
Tc,1,542.3048,7
Cl,2,542.3230,99
Dy,1,542.3320,51
Cl,2,542.3510,78
Ag,2,542.4051,48
Fe,1,542.4068,31
Rh,1,542.4070,43
Tb,2,542.4100,18
Dy,1,542.4270,29
Y,1,542.4362,67
Ac,1,542.4440,32
Ga,2,542.4540,14
Pm,2,542.4540,56
Ba,1,542.4548,80
Am,1,542.4700,65
Rh,1,542.4720,9
Pm,2,542.4790,40
Br,2,542.4990,57
Hg,2,542.5253,99
Rh,1,542.5450,9
Th,2,542.5678,50
P,2,542.5910,82
Ti,1,542.6248,32
Tb,1,542.6430,20
Dy,2,542.6700,10
Eu,1,542.6943,69
Ba,3,542.6995,58
I,1,542.7034,48
Ru,1,542.7590,1
Pr,3,542.7700,48
P,1,542.8094,5
Zr,1,542.8420,10
S,2,542.8667,96
Si,2,542.8920,19
Pm,2,542.9040,37
Ti,1,542.9140,11
Fe,1,542.9696,75
La,1,542.9860,48
Ac,1,543.0960,58
Th,1,543.1112,13
Nd,2,543.1526,16
Rb,1,543.1532,78
Rb,1,543.1830,21
Re,1,543.1900,2
Sr,3,543.1974,12
Cu,1,543.2050,71
Mn,1,543.2550,16
Yb,2,543.2710,5
S,2,543.2815,99
Si,2,543.2890,20
Ne,1,543.3651,68
Sc,2,543.3729,25
Mg,2,543.4039,26
Ho,2,543.4390,1
Fe,1,543.4524,69
W,1,543.5032,70
Br,2,543.5070,33
O,1,543.5180,10
Ta,1,543.5267,24
In,2,543.5380,66
Xe,1,543.5600,16
Tm,1,543.5645,6
O,1,543.5780,23
I,2,543.5830,90
Ho,1,543.5870,16
Ni,1,543.5870,6
Th,2,543.5893,29
In,2,543.6792,36
O,1,543.6860,40
C,1,543.6880,41
Nb,1,543.7270,31
Ba,1,543.7318,21
Th,2,543.7388,2
La,1,543.7540,22
Zr,1,543.7760,10
Lu,1,543.7880,55
I,2,543.8000,67
Kr,3,543.8200,2
Y,1,543.8226,86
Kr,2,543.8620,57
Si,2,543.8620,64
Xe,2,543.8960,91
Xe,1,543.9923,56
Xe,1,544.0390,38
Ag,2,544.0910,6
Na,2,544.1200,16
Dy,2,544.3340,6
Cl,2,544.3370,85
Tb,1,544.3380,27
Sr,3,544.3483,93
Eu,1,544.3564,38
Hf,2,544.4070,3
Cl,2,544.4210,80
S,1,544.4410,17
Rh,1,544.5230,23
Ho,1,544.5390,28
Xe,2,544.5450,74
Sc,1,544.6195,68
Kr,2,544.6340,72
Ac,2,544.6379,77
Br,3,544.6800,1
Fe,1,544.6916,76
Th,3,544.7154,100
Si,2,544.7260,30
Tc,1,544.7402,26
Kr,1,544.7860,29
Ne,1,544.8509,58
Zr,1,544.8570,17
Ce,1,544.9240,89
Yb,2,544.9270,38
Th,2,544.9479,44
Ir,1,544.9500,20
Bk,1,544.9630,74
Ho,2,544.9800,2
S,1,544.9820,18
Te,2,544.9838,86
Xe,2,545.0450,67
P,2,545.0740,84
Sr,1,545.0836,79
Xe,2,545.0900,32
Dy,1,545.1110,59
Nd,2,545.1120,8
Mg,2,545.1259,3
Er,1,545.1300,15
As,1,545.1320,58
Sc,1,545.1369,53
Si,3,545.1460,25
Eu,1,545.1510,95
Ar,1,545.1652,25
Ho,1,545.1900,28
Tc,1,545.1900,58
Th,1,545.2219,29
Eu,1,545.2940,93
Sm,1,545.3000,58
Gd,1,545.3460,28
Lu,1,545.3570,27
S,2,545.3828,100
Ho,2,545.4000,1
Mn,3,545.4070,23
Er,2,545.4270,15
Si,2,545.4490,21
Ir,1,545.4500,16
Ru,1,545.4820,6
La,1,545.5150,98
Dy,2,545.5470,7
Fe,1,545.5609,70
Sr,3,545.5984,12
Ru,1,545.6130,8
Kr,1,545.6390,13
Si,2,545.6450,64
Er,1,545.6620,65
Tb,1,545.7000,20
Cl,2,545.7020,72
Mn,1,545.7470,4
Eu,1,545.7620,39
Ca,3,545.7799,14
Nb,1,545.8040,8
P,1,545.8305,27
La,2,545.8690,20
Kr,1,545.8800,49
Th,3,545.8968,93
Kr,1,545.9470,38
Tb,1,545.9810,44
Mg,2,546.0019,4
Xe,1,546.0037,38
Xe,2,546.0390,86
Ti,1,546.0498,44
Re,1,546.0640,2
Hg,1,546.0750,99
198Hg,1,546.0753,94
P,2,546.1200,24
Tm,2,546.1950,9
Er,2,546.2430,16
Kr,1,546.2650,13
Cu,1,546.3138,64
Hf,2,546.3380,9
Sr,3,546.3897,90
Cs,3,546.3999,50
Sb,2,546.4080,52
Mg,2,546.4136,11
Tm,1,546.4145,29
La,2,546.4380,28
I,2,546.4620,83
Hg,2,546.5286,50
Ag,1,546.5497,96
Tm,2,546.5540,9
Br,1,546.6219,12
Y,1,546.6242,87
Si,2,546.6430,93
Y,1,546.6467,94
Sm,1,546.6720,50
Si,2,546.6870,93
La,1,546.6920,5
Bk,1,546.7470,75
Pm,2,546.7640,17
Kr,3,546.7750,45
La,3,546.7810,26
Rh,1,546.8110,13
Kr,2,546.8170,87
Er,1,546.8320,53
Y,1,546.8470,72
Ti,3,546.8980,48
Dy,2,546.9100,3
Y,1,546.9104,2
Si,2,546.9210,65
Ir,1,546.9400,2
Xe,2,546.9540,32
Rb,2,546.9827,38
K,2,547.0130,70
Tb,2,547.0340,6
Mn,1,547.0640,35
Rh,1,547.0850,23
Ag,1,547.1555,78
Sr,3,547.1650,80
Ac,2,547.1709,11
Tc,1,547.1962,42
Eu,1,547.2324,70
Xe,2,547.2610,94
Si,3,547.3050,42
Tm,1,547.3079,6
Y,2,547.3384,37
S,2,547.3620,96
Ti,1,547.4223,25
Mn,3,547.4680,27
S,2,547.5011,20
Ag,1,547.5376,51
U,2,547.5700,9
Pt,1,547.5765,63
Kr,1,547.6580,14
Lu,2,547.6690,74
Ni,1,547.6910,62
Er,2,547.7470,5
Sr,3,547.7634,36
Kr,3,547.7660,2
P,1,547.7672,43
Ti,1,547.7693,40
W,1,547.7776,54
P,1,547.7860,28
S,2,547.8194,11
P,1,547.8267,29
Zr,1,547.8330,18
Br,2,547.8470,58
Pt,1,547.8480,58
Yb,2,547.8500,5
C,2,547.8590,9
Ag,2,547.8660,43
Rb,2,547.9323,3
Ru,1,547.9415,1
Ca,3,548.0010,30
U,2,548.0260,7
La,2,548.0730,14
Y,2,548.0730,38
Zr,1,548.0830,18
Sr,1,548.0865,97
Nb,1,548.1000,8
U,2,548.1200,7
Ti,3,548.1310,65
Mn,1,548.1400,21
Ti,1,548.1409,28
Tb,1,548.1450,12
Ti,1,548.1859,11
Yb,1,548.1920,46
Sc,1,548.2012,68
Ra,1,548.2130,76
La,2,548.2270,36
U,2,548.2530,4
Co,1,548.3340,16
Li,2,548.3550,96
P,2,548.3550,46
Rh,1,548.4230,4
Ru,1,548.4320,6
Xe,1,548.4460,9
Bk,1,548.4580,76
Sc,1,548.4628,68
Sr,3,548.5219,74
Cs,2,548.5474,11
Li,2,548.5650,99
Nd,2,548.5699,19
Er,2,548.5970,19
W,1,548.6006,32
Zr,1,548.6090,15
Sr,1,548.6136,79
Xe,1,548.7030,22
Te,2,548.7950,79
K,2,548.8060,15
Ag,2,548.8157,63
Ti,1,548.8193,15
Ra,1,548.8320,54
Xe,1,548.8555,45
Eu,1,548.8653,78
Br,2,548.8790,33
Kr,1,548.8860,44
Ti,1,549.0148,48
Sb,1,549.0225,3
Kr,1,549.0936,83
La,1,549.1070,31
Kr,1,549.1330,14
I,2,549.1500,57
La,3,549.1900,55
W,1,549.2306,85
Th,1,549.2643,4
U,2,549.2950,13
Y,1,549.3148,58
Si,1,549.3230,19
La,2,549.3450,24
Sm,1,549.3720,59
Ag,2,549.3831,49
Ne,1,549.4416,18
Cu,3,549.4940,45
Br,2,549.5060,34
Eu,1,549.5200,43
Pm,2,549.5450,37
Y,1,549.5580,40
Tm,1,549.5616,12
N,2,549.5670,75
Ar,1,549.5874,52
Kr,1,549.6210,29
Si,2,549.6450,81
In,2,549.6740,24
Dy,1,549.6830,25
I,2,549.6940,69
Y,2,549.7405,58
Er,2,549.7440,11
In,2,549.7492,83
Fe,1,549.7516,14
As,2,549.7727,38
Ra,1,549.7830,18
In,2,549.8110,64
S,1,549.8180,57
Pu,1,549.8500,60
Ho,1,549.8570,29
Ba,3,549.9174,15
Th,1,549.9255,80
Tl,3,549.9400,17
Ta,1,549.9442,20
Kr,2,549.9560,63
P,2,549.9730,48
Th,3,550.0131,19
Tm,2,550.0300,14
W,1,550.0490,38
Rb,2,550.0634,54
Kr,1,550.0710,84
Eu,1,550.0830,13
La,1,550.1340,98
Kr,3,550.1430,70
Nd,1,550.1470,43
Pr,1,550.1500,44
S,1,550.1540,64
Ca,3,550.1630,17
Ra,1,550.1980,82
Zr,1,550.2120,55
La,1,550.2250,31
La,1,550.2670,18
Dy,1,550.2790,17
In,2,550.3110,1
W,1,550.3440,70
Y,1,550.3464,89
La,1,550.3810,78
Ti,1,550.3897,34
Kr,1,550.4005,62
Sr,1,550.4184,95
Th,1,550.4302,4
Kr,1,550.4330,68
Ho,1,550.4510,29
Nb,1,550.4580,8
I,2,550.4720,70
Sr,3,550.4829,6
Yb,1,550.5490,36
Ra,1,550.5500,56
Mn,1,550.5870,14
La,1,550.6000,59
Ar,1,550.6113,2
Mo,1,550.6493,99
Dy,1,550.6520,25
Br,2,550.6690,98
Fe,1,550.6779,22
S,1,550.7010,70
In,2,550.7053,83
Cs,2,550.7132,70
P,2,550.7190,49
Sr,3,550.7556,24
In,2,550.7772,76
Zr,1,550.7870,10
C,1,550.8510,42
Pr,2,550.8790,8
Pr,2,550.9150,24
Mg,1,550.9597,20
Tb,1,550.9610,44
S,2,550.9718,97
Y,2,550.9894,59
Th,1,550.9994,52
Ni,1,551.0000,5
Eu,1,551.0520,79
C,1,551.0690,31
Ru,1,551.0710,26
Pu,1,551.0720,60
In,2,551.0884,84
La,3,551.1720,6
Ce,2,551.2080,21
Sm,1,551.2100,43
Bk,2,551.2220,97
Ti,1,551.2524,69
Rb,2,551.2549,79
K,2,551.2690,15
Nb,1,551.2820,2
Ca,1,551.2980,72
In,2,551.3006,88
In,2,551.3100,61
Mg,3,551.3255,17
Ge,1,551.3264,19
Pr,2,551.3580,19
Y,1,551.3647,58
Sc,1,551.4230,69
Ti,1,551.4343,62
Ti,1,551.4532,69
Tb,1,551.4540,42
W,1,551.4676,97
P,1,551.4774,6
C,1,551.4800,13
Th,1,551.4873,23
La,1,551.5280,48
Dy,2,551.5410,4
Ho,2,551.5560,5
Er,1,551.6020,24
Sm,1,551.6090,59
Pm,2,551.6420,18
Ho,2,551.6450,2
C,1,551.6643,5
Kr,1,551.6667,69
Mn,1,551.6770,26
P,1,551.6997,7
Zr,1,551.7110,15
La,1,551.7340,66
Si,1,551.7535,13
Ba,3,551.8162,8
La,3,551.8190,1
S,2,551.8732,21
Ta,1,551.8910,33
Ba,1,551.9044,84
In,2,551.9360,85
Sr,3,551.9484,17
Lu,3,551.9880,26
Y,1,551.9880,7
Ca,3,552.0304,22
S,2,552.0400,31
Sr,3,552.0418,80
Sc,1,552.0497,69
Kr,1,552.0510,79
Re,1,552.1100,2
Na,2,552.1110,16
Kr,1,552.1170,29
Y,2,552.1562,48
Y,1,552.1695,75
Sr,1,552.1765,93
I,2,552.2060,51
Se,2,552.2400,42
Rb,2,552.2778,96
Pr,2,552.2790,12
Kr,2,552.2970,68
Ge,2,552.2989,35
In,2,552.3310,40
C,1,552.3500,35
Kr,2,552.3510,52
Os,1,552.3530,36
Nb,1,552.3570,13
Pb,3,552.3970,57
Tc,1,552.4107,7
Tb,1,552.4120,47
Pr,1,552.4150,66
Xe,3,552.4330,13
Hf,2,552.4350,5
Yb,1,552.4540,10
Xe,2,552.5530,52
Tb,1,552.5620,12
Nd,1,552.5720,47
S,2,552.6253,73
Eu,1,552.6627,29
Sc,2,552.6785,99
Lu,3,552.6800,4
Y,1,552.6803,31
Tm,2,552.6820,10
C,1,552.6833,30
Y,1,552.7561,94
U,2,552.7820,8
Pr,1,552.7930,44
Dy,1,552.8010,29
Ba,3,552.8142,41
Tm,1,552.8343,44
Mg,1,552.8405,97
Zr,1,552.8410,34
In,2,552.8600,53
Kr,1,552.8630,14
Cs,3,552.8635,58
La,3,552.9540,49
C,1,552.9781,14
La,1,552.9870,18
Pr,1,553.0210,33
Co,1,553.0770,7
Xe,2,553.1070,91
Pr,1,553.1160,75
C,1,553.2040,18
La,1,553.2060,5
Cl,1,553.2162,7
Zr,1,553.2300,2
Re,1,553.2680,10
Ti,3,553.3010,88
Mo,1,553.3031,98
Eu,1,553.3250,30
Ne,1,553.3679,34
Nd,1,553.3820,69
Ho,1,553.4330,29
Sr,1,553.4794,80
C,1,553.4807,14
Pm,2,553.4960,41
Rh,1,553.5040,17
Pr,2,553.5170,44
C,2,553.5350,15
N,2,553.5360,49
Ba,1,553.5481,100
La,2,553.5670,45
Cu,1,553.5780,51
Ba,1,553.5869,75
K,2,553.6010,31
In,2,553.6438,29
S,2,553.6723,11
Sr,3,553.7333,53
Pm,1,553.7380,18
Zr,1,553.7460,24
Pu,1,553.7590,61
C,2,553.7610,4
Mn,1,553.7760,21
Bk,1,553.7930,77
Pr,1,553.8370,67
Ag,2,553.8449,3
Ne,1,553.8651,19
Tm,2,553.9030,10
Yb,1,553.9050,59
Th,1,553.9262,86
Th,2,553.9911,67
Sr,1,554.0051,80
F,1,554.0520,15
Si,2,554.0740,66
C,1,554.0756,43
P,2,554.1140,51
La,1,554.1260,66
Y,1,554.1629,40
Tc,1,554.1939,27
Eu,1,554.2540,30
Pd,1,554.2807,38
Ag,2,554.3212,51
Nd,1,554.3240,59
Sr,1,554.3355,80
C,1,554.3817,5
Pb,2,554.4250,72
Ra,1,554.4250,36
Y,1,554.4504,75
Rh,1,554.4580,10
Y,2,554.4610,49
La,1,554.4910,28
Pr,2,554.5010,19
C,1,554.5070,80
Zr,1,554.5320,25
Ag,1,554.5670,52
Y,2,554.6008,39
Pm,2,554.6080,96
I,1,554.6406,30
Pd,1,554.7020,27
V,1,554.7056,1
Dy,1,554.7270,49
C,1,554.7271,45
Eu,1,554.7440,89
Th,1,554.8176,49
C,1,554.8239,14
C,1,554.8902,22
Sm,1,554.8950,34
Ac,2,554.8979,12
Pu,1,554.9620,62
Hg,1,554.9634,84
198Hg,1,554.9635,40
Sm,1,555.0400,51
Hf,1,555.0610,61
Y,1,555.0998,17
C,1,555.1032,30
Nb,1,555.1350,24
C,1,555.1589,74
Ag,2,555.1926,68
Mn,1,555.1980,8
Bi,1,555.2050,37
Hf,1,555.2128,62
Sc,2,555.2235,56
Xe,1,555.2385,76
F,1,555.2430,7
Kr,3,555.2690,19
Kr,2,555.2990,78
Ho,1,555.3140,22
C,1,555.3174,22
Gd,3,555.3300,98
Ra,1,555.3570,84
Ar,2,555.4023,13
Sr,3,555.4755,67
Cu,1,555.4935,58
In,2,555.5529,32
Ra,1,555.5850,90
S,2,555.6007,74
Sb,1,555.6011,11
Ce,1,555.6250,82
Sr,1,555.6384,89
Y,1,555.6417,62
Yb,1,555.6470,98
Bk,1,555.6800,78
Pm,2,555.6880,29
Th,1,555.7046,45
Al,1,555.7063,89
Bk,1,555.7090,79
Sr,1,555.7908,69
Al,1,555.7948,79
As,2,555.8090,49
Ag,2,555.8140,49
Th,1,555.8342,60
Pm,2,555.8390,38
Ar,1,555.8702,53
S,2,555.9060,12
Kr,1,555.9260,14
Ag,1,555.9540,26
Ru,1,555.9750,8
Ho,1,556.0940,34
Nd,1,556.1170,59
Pm,2,556.1730,56
Sn,2,556.1910,93
Pr,1,556.2060,76
Yb,1,556.2090,29
Kr,1,556.2225,96
Ne,1,556.2442,59
Ne,1,556.2766,80
Y,3,556.2810,68
Cs,2,556.3024,99
Ne,1,556.3053,34
Re,1,556.3240,10
U,1,556.4170,29
Th,2,556.4201,4
Ge,1,556.4742,41
Ce,1,556.4970,92
S,2,556.4976,90
La,1,556.5440,59
Ti,1,556.5473,49
Pr,1,556.5520,33
La,1,556.5720,48
Tb,1,556.5930,28
Ce,1,556.5970,88
Tm,1,556.6005,50
Tm,1,556.6119,28
Ho,1,556.6520,50
Ti,3,556.6580,74
Xe,1,556.6615,80
Se,2,556.6900,48
La,2,556.6940,12
Y,3,556.7270,32
Y,1,556.7758,58
Mn,1,556.7760,2
Yb,1,556.8110,12
Sb,2,556.8130,53
Ba,3,556.8288,2
La,1,556.8460,74
Kr,2,556.8660,79
Cr,2,556.9108,11
Ac,1,556.9261,88
Rb,2,557.0058,26
Kr,1,557.0289,99
Eu,1,557.0330,84
La,1,557.0380,12
Mo,1,557.0444,97
Ca,3,557.0583,43
Th,1,557.1191,47
Pr,2,557.1830,12
Xe,2,557.2190,52
Y,3,557.2240,60
Th,1,557.2465,18
Ar,1,557.2541,26
Fe,1,557.2842,8
Mn,1,557.3010,0
Y,1,557.3033,9
Kr,1,557.3130,15
Ac,2,557.3160,2
Th,1,557.3354,78
Sm,1,557.3420,29
Re,1,557.3470,3
Mn,1,557.3680,2
Ag,2,557.3826,49
Cu,3,557.3940,7
Ho,2,557.3960,3
Nd,1,557.5500,21
Kr,1,557.5600,56
Pm,2,557.6020,97
Ne,1,557.6039,0
Nb,1,557.6160,2
Te,2,557.6353,95
Si,2,557.6660,73
Nd,1,557.6700,22
In,2,557.6880,85
Eu,1,557.7140,90
C,1,557.7300,35
F,1,557.7330,5
O,1,557.7340,27
Y,1,557.7416,85
Kr,1,557.7640,30
Nd,1,557.7700,23
Cs,3,557.7826,51
Nb,1,557.8290,2
Ni,1,557.8730,6
Rb,1,557.8788,38
Pr,1,557.8810,22
S,2,557.8889,74
Cs,2,557.9028,69
I,1,557.9045,3
Ca,3,557.9059,34
Xe,1,557.9280,64
Th,1,557.9358,47
Eu,1,557.9630,62
Ag,2,557.9678,50
Eu,1,558.0030,79
Kr,1,558.0387,89
Y,1,558.1077,31
Bk,1,558.1210,80
Tm,1,558.1215,40
Tm,1,558.1369,41
U,2,558.1590,4
Pr,3,558.1740,48
Xe,1,558.1784,69
Y,1,558.1874,94
Ca,1,558.1970,83
O,2,558.3232,27
P,2,558.3270,52
Gd,2,558.3680,8
Ta,1,558.4016,7
Rb,2,558.4191,9
Am,2,558.4210,81
V,1,558.4497,43
Re,1,558.4720,3
Cs,2,558.5567,69
Eu,1,558.6240,70
Yb,1,558.6360,13
I,1,558.6373,51
Tm,2,558.6650,10
Fe,1,558.6756,27
Eu,1,558.6830,63
Cr,2,558.6864,22
Nb,1,558.6970,13
Th,1,558.7026,94
Nd,1,558.7610,24
Ni,1,558.7860,8
Gd,3,558.7880,95
Sm,1,558.8200,24
La,1,558.8340,74
P,2,558.8340,59
Ag,2,558.8417,45
Yb,2,558.8450,38
Ca,1,558.8760,87
Sn,2,558.8815,91
Tc,1,558.9019,91
F,2,558.9270,47
Ne,1,558.9347,19
Ag,2,558.9783,55
Br,2,558.9940,59
Tm,2,558.9940,11
Ca,1,559.0120,76
Pu,1,559.0540,63
I,1,559.0723,1
Y,1,559.0952,27
Ra,1,559.1150,18
Sc,1,559.1364,53
Kr,1,559.1410,15
Gd,1,559.1850,24
Eu,1,559.2250,18
Ni,1,559.2280,15
Pu,1,559.2330,63
O,3,559.2370,65
V,1,559.2415,28
Cs,3,559.2831,61
Al,2,559.3302,96
Ba,1,559.3308,22
Er,1,559.3460,52
Y,1,559.4124,27
Xe,1,559.4370,22
Nd,2,559.4425,34
Ca,1,559.4470,85
Sr,3,559.4495,12
Rb,2,559.4522,18
Xe,2,559.4870,23
Pr,1,559.4920,58
Th,1,559.5064,47
Hg,2,559.5268,95
Y,3,559.5480,27
Ce,1,559.5880,80
Sn,2,559.6264,66
C,1,559.7300,25
Kr,3,559.7320,36
Am,1,559.8130,69
Sr,1,559.8163,85
Ca,1,559.8490,83
I,2,559.8520,52
Bi,1,559.9342,21
Rh,1,559.9420,69
Ta,1,559.9520,7
Eu,1,559.9800,18
I,2,560.0320,71
Rb,2,560.0394,38
Dy,2,560.0650,11
Er,1,560.1140,35
Ce,1,560.1280,96
Ca,1,560.1290,77
Nd,1,560.1430,60
Ra,1,560.1500,64
Th,1,560.1603,49
Np,1,560.1700,5
Nd,1,560.1920,48
Sb,1,560.2066,4
Y,3,560.2080,52
Tc,1,560.2229,27
Ca,1,560.2850,77
Nb,1,560.3520,9
C,1,560.3733,10
Ac,2,560.3769,15
Th,2,560.4516,44
V,1,560.4935,3
S,1,560.5240,15
Dy,1,560.5530,17
Pr,2,560.5650,27
Eu,1,560.5860,19
S,2,560.6151,97
Y,1,560.6335,76
Tm,1,560.6643,29
Pr,1,560.6680,34
Ar,1,560.6733,58
Ge,1,560.7012,42
Xe,1,560.7990,0
Rh,1,560.8350,4
Kr,1,560.8370,30
S,1,560.8690,37
Pb,2,560.8850,89
Cu,3,560.9000,23
Er,1,560.9940,35
Pr,2,561.0220,19
Ag,2,561.0607,58
Ac,1,561.0900,24
Mo,1,561.0931,10
Kr,1,561.1810,38
Er,1,561.1820,45
C,1,561.2400,1
Xe,1,561.2650,39
I,2,561.2890,80
Ba,3,561.3132,15
Dy,1,561.3230,30
Tm,1,561.3230,36
Hf,1,561.3259,9
Al,2,561.3291,73
Ho,1,561.3640,23
Ca,3,561.3997,3
S,1,561.4390,47
Ni,1,561.4790,8
C,1,561.4809,3
Th,1,561.5319,64
Es,1,561.5510,32
Fe,1,561.5643,41
Ge,1,561.6137,20
C,1,561.6490,3
S,2,561.6639,74
Ra,1,561.6660,84
Xe,2,561.6670,74
Gd,1,561.7910,50
Ac,1,561.8770,63
Eu,1,561.8810,39
Xe,1,561.8878,76
Pd,1,561.9463,20
Y,1,561.9962,9
Ir,1,562.0040,3
Zr,1,562.0140,51
Pr,1,562.0260,56
Tc,1,562.0450,89
Ra,1,562.0470,36
Nd,1,562.0540,89
Nd,2,562.0540,28
Ta,1,562.0684,13
U,1,562.0780,27
Ag,2,562.0974,5
Na,1,562.1000,80
Ge,1,562.1428,33
Sm,1,562.1790,34
Pr,2,562.1890,12
Er,1,562.2010,47
Si,1,562.2221,6
Eu,1,562.2440,53
Ag,2,562.2482,73
C,1,562.3040,19
Pr,2,562.3050,35
Ra,2,562.3430,39
Zr,1,562.3530,18
Y,1,562.3890,22
F,1,562.4060,16
Pr,2,562.4450,28
V,1,562.4606,60
V,1,562.4873,3
Ni,1,562.5330,2
Ir,1,562.5550,17
C,1,562.5560,19
I,2,562.5690,99
Ac,2,562.5919,5
Sm,1,562.6010,42
Mg,3,562.6406,57
Er,2,562.6530,19
F,1,562.6930,8
Dy,1,562.7490,11
Ac,2,562.7569,18
Ho,1,562.7600,48
V,1,562.7630,75
Ho,2,562.8240,6
Cs,2,562.8354,62
Nb,1,562.9170,18
Gd,1,562.9550,28
C,1,562.9930,7
Tc,1,562.9937,42
Y,1,563.0138,93
La,1,563.1220,88
Tm,1,563.1406,89
Sn,1,563.1676,32
Sb,1,563.1937,41
La,1,563.2030,66
Gd,1,563.2250,40
Y,1,563.2251,31
Mo,1,563.2463,68
Eu,1,563.2540,63
Y,1,563.2907,27
Si,2,563.2970,67
Kr,2,563.3020,79
Pr,1,563.3030,23
Y,1,563.4198,3
Nb,1,563.5420,2
Nd,1,563.5760,66
Rb,2,563.5987,96
Er,1,563.6200,27
Ru,1,563.6240,54
Ac,1,563.6600,83
In,2,563.6733,33
Sr,3,563.7242,24
Pr,2,563.8790,19
Tb,1,563.8800,21
La,1,563.9310,49
Si,2,563.9480,82
Dy,1,563.9500,60
Nd,1,563.9540,49
Th,2,563.9746,85
Sb,2,563.9750,91
S,2,563.9972,97
Ta,1,564.0179,13
S,2,564.0333,90
Er,1,564.0360,53
C,2,564.0550,47
Ho,1,564.0620,43
Sc,2,564.1000,94
Pm,2,564.1290,57
Er,1,564.1420,18
Y,1,564.1774,7
Nb,1,564.2110,49
Tc,1,564.2132,83
Tm,1,564.2600,60
Pd,1,564.2704,10
K,2,564.2730,56
C,1,564.2770,21
Pr,1,564.3160,45
Gd,1,564.3240,63
Sm,1,564.4100,44
Ti,1,564.4133,66
Y,1,564.4687,76
Tc,1,564.4944,68
In,3,564.5150,85
Nb,1,564.5300,3
Tm,1,564.5400,50
Si,1,564.5611,56
S,2,564.5672,55
Eu,1,564.5795,91
Ta,1,564.5911,56
Dy,1,564.5990,46
V,1,564.6108,22
Xe,1,564.6190,16
Pr,3,564.6800,65
S,2,564.7033,91
Co,1,564.7220,7
Rb,1,564.7773,63
C,2,564.8070,23
C,1,564.8100,2
La,1,564.8250,93
S,2,564.8354,30
W,1,564.8370,5
Y,1,564.8455,76
Ti,1,564.8562,19
Te,2,564.9257,87
Sc,1,564.9561,53
Kr,1,564.9562,91
Ni,1,564.9700,1
Cs,2,564.9996,9
Ca,3,565.0014,13
Mo,1,565.0127,52
Kr,2,565.0360,25
Tm,1,565.0434,26
Ar,1,565.0704,46
Ce,3,565.0970,24
Eu,1,565.1110,13
As,2,565.1320,51
Yb,2,565.1980,60
Dy,1,565.2010,55
Ne,1,565.2566,35
Np,1,565.2750,6
Nd,1,565.3570,44
Rb,1,565.3750,47
Pr,2,565.4230,4
La,1,565.4820,41
Ce,1,565.5140,94
Bi,2,565.5200,61
Pd,1,565.5436,7
Na,2,565.5630,16
Au,1,565.5770,76
Ge,1,565.5962,43
Ne,1,565.6026,35
Bk,1,565.6540,81
La,1,565.6540,12
Ne,1,565.6659,80
V,1,565.7441,31
La,1,565.7720,84
Sc,2,565.7907,97
Tm,1,565.8298,69
Sc,2,565.8362,94
Ba,3,565.8597,28
Er,2,565.8630,7
Gd,3,565.8980,96
Bk,1,565.9030,82
F,1,565.9150,13
Xe,2,565.9380,74
Ho,1,565.9580,66
Pr,2,565.9840,20
Sm,1,565.9860,52
S,2,565.9985,91
Ac,1,566.0190,61
Si,2,566.0660,74
Ra,1,566.0810,98
Ac,2,566.0930,4
Pr,1,566.1570,69
Ra,2,566.1730,59
Ti,1,566.2148,50
C,2,566.2470,55
Ne,1,566.2549,35
Kr,1,566.2670,30
Ti,1,566.2881,5
Y,2,566.2922,68
Ac,2,566.3339,17
Th,3,566.3449,13
Ca,3,566.3582,15
Ni,1,566.4020,2
Ce,3,566.4200,36
Ge,1,566.4227,20
Zr,1,566.4510,59
Sr,3,566.4655,90
Nb,1,566.4710,39
Na,2,566.4780,28
S,2,566.4780,86
Ge,1,566.4844,3
Lu,2,566.4890,6
Ta,1,566.4901,51
Er,1,566.4950,47
Th,1,566.5180,37
Er,2,566.5440,17
Si,1,566.5554,52
Nb,1,566.5630,49
Te,2,566.6199,82
Zr,1,566.6280,3
N,2,566.6630,91
Sc,2,566.7164,89
Ag,1,566.7340,86
F,1,566.7532,23
Xe,2,566.7560,86
Re,1,566.7880,15
V,1,566.8363,31
Pr,1,566.8460,81
Sr,3,566.8480,7
C,1,566.8951,84
Sc,2,566.9055,94
Cs,3,566.9340,45
Pr,2,566.9550,12
Si,2,566.9560,98
Nd,1,566.9770,67
Ce,1,566.9960,96
Pr,2,566.9990,4
Pd,1,567.0070,45
V,1,567.0848,72
Xe,2,567.0910,52
Nb,1,567.1020,18
Mn,3,567.1120,13
La,2,567.1550,30
F,1,567.1668,31
Sc,1,567.1828,78
Nb,1,567.1910,24
Kr,1,567.2451,84
Kr,2,567.2770,57
Eu,1,567.3850,53
Ac,1,567.4149,70
Kr,2,567.4510,53
Ho,1,567.4700,49
Y,1,567.5267,68
Ti,1,567.5409,37
Er,1,567.5480,39
Y,1,567.5641,23
Hg,1,567.5810,92
Tm,1,567.5835,95
198Hg,1,567.5923,69
Nd,1,567.5970,82
N,2,567.6020,86
Nd,1,567.6330,61
Sr,3,567.7093,24
Hg,2,567.7105,99
Ce,1,567.7750,84
I,2,567.8080,72
N,2,567.9560,98
Ba,1,567.9995,52
Ba,1,568.0176,62
Zr,1,568.0900,51
Eu,1,568.1099,25
Si,2,568.1440,39
Pr,2,568.1890,20
Kr,2,568.1900,94
Ni,1,568.2200,15
Na,1,568.2633,37
Tm,1,568.3592,29
Sc,1,568.4214,93
Sc,2,568.4214,97
Eu,1,568.4240,25
Si,1,568.4484,75
Tm,2,568.4760,28
Dy,1,568.5580,18
Tb,2,568.5740,6
N,2,568.6210,76
Rh,1,568.6380,27
Tb,1,568.6480,32
Pr,1,568.6520,46
Yb,2,568.6530,0
Sc,1,568.6832,78
Sc,1,568.6856,78
Tc,1,568.7301,27
Na,1,568.8193,8
Na,1,568.8205,57
Ta,1,568.8247,7
Xe,1,568.8373,64
Pr,2,568.8440,24
Nd,2,568.8525,29
Cs,2,568.8664,24
Si,2,568.8810,86
Tc,1,568.9046,27
F,1,568.9140,16
Mo,1,568.9146,76
Ti,1,568.9459,22
Nd,1,568.9510,15
Sr,3,568.9717,91
Ne,1,568.9816,59
Pd,1,569.0128,3
Ra,1,569.0160,38
Kr,2,569.0350,87
Si,1,569.0425,63
Sb,3,569.0800,12
I,2,569.0910,84
Pr,2,569.0970,20
Ce,3,569.1080,24
Ho,1,569.1470,66
Ge,1,569.1958,47
Pb,1,569.2346,52
Ce,1,569.2940,85
C,1,569.3110,60
Y,1,569.3633,24
Ca,3,569.4646,20
Ni,1,569.5000,7
Pd,1,569.5092,39
Er,2,569.5530,3
Hg,3,569.5710,33
Xe,1,569.5750,80
C,3,569.5920,87
La,1,569.6190,78
Gd,1,569.6220,74
Tm,2,569.6420,11
Xe,1,569.6477,77
Kr,1,569.6540,30
Ho,1,569.6570,66
Al,3,569.6603,96
S,1,569.6630,56
Sm,1,569.6730,48
Ce,1,569.6990,99
Ba,3,569.7388,28
Nb,1,569.7900,3
V,1,569.8519,90
Xe,1,569.8540,25
Hg,2,569.8590,69
Dy,2,569.8720,6
Ru,1,569.9050,35
Rb,2,569.9149,94
Ce,1,569.9230,100
Ta,1,569.9242,13
La,1,569.9390,6
Xe,2,569.9610,68
Kr,2,569.9830,25
Na,2,570.0070,40
Sc,1,570.0151,79
Cu,1,570.0240,92
S,1,570.0240,68
F,1,570.0820,18
Th,2,570.0918,78
Si,1,570.1105,57
Gd,1,570.1350,37
Si,2,570.1370,82
Nd,1,570.1570,35
Ge,1,570.1778,21
I,2,570.2050,42
Cu,3,570.2120,13
Kr,1,570.2170,56
Bk,1,570.2240,83
Nd,2,570.2244,11
Ti,1,570.2659,1
Dy,1,570.2910,18
La,2,570.3330,28
V,1,570.3575,88
Pr,1,570.4380,59
Si,3,570.4600,43
Na,2,570.6000,40
S,1,570.6110,78
Nb,1,570.6160,9
Sm,1,570.6200,45
Nd,2,570.6206,1
Ta,1,570.6280,1
Si,2,570.6370,68
Nb,1,570.6480,25
Y,1,570.6713,82
Xe,1,570.6870,0
V,1,570.6983,82
Th,2,570.7103,86
Cs,3,570.7232,7
F,1,570.7310,19
Kr,1,570.7513,80
Pr,1,570.7610,81
Te,2,570.8118,92
Na,2,570.8120,40
Nd,2,570.8280,16
Si,1,570.8397,81
In,2,570.8486,50
Sc,1,570.8614,69
Zr,1,570.8890,16
Gd,1,570.9420,29
Ni,1,570.9560,29
Na,2,570.9610,40
Xe,1,570.9800,31
In,1,570.9910,74
Tm,2,570.9970,23
I,2,571.0530,92
Ce,3,571.0590,9
N,2,571.0770,78
La,1,571.0850,2
Er,2,571.0870,12
Sm,1,571.0930,25
Mg,1,571.1088,94
Re,1,571.1430,3
Pr,2,571.1630,8
Sc,1,571.1753,79
Ni,1,571.1900,10
Pu,1,571.2390,64
La,2,571.2400,36
Tm,1,571.2422,17
Lu,2,571.3490,11
La,1,571.4020,49
Kr,1,571.4110,15
La,1,571.4550,6
Y,1,571.4944,10
Ni,1,571.5090,11
Ti,1,571.5114,32
Ta,1,571.5241,8
Ne,1,571.5341,0
Sr,3,571.5509,81
Th,3,571.5525,72
I,1,571.5569,31
Xe,1,571.5716,75
Tm,1,571.5788,41
Xe,2,571.6100,68
Na,2,571.6170,28
Xe,1,571.6252,77
Si,3,571.6290,57
Nb,1,571.6350,18
Ba,3,571.6613,28
Tm,1,571.7104,34
Sc,1,571.7291,69
Sb,3,571.7300,16
Er,1,571.7480,40
Kr,1,571.7610,31
Ge,1,571.7878,4
Nd,2,571.8120,1
Dy,1,571.8460,51
Br,2,571.8710,35
Ne,1,571.8880,59
Ce,1,571.9030,97
Pr,2,571.9080,13
Bi,2,571.9138,84
Hf,1,571.9175,27
Ne,1,571.9225,80
Ne,1,571.9530,35
Er,1,571.9550,48
Xe,2,571.9610,80
Th,1,571.9622,59
Pr,2,571.9630,13
Pr,2,571.9800,13
Yb,1,571.9990,79
La,1,572.0020,54
Th,1,572.0183,98
Y,1,572.0615,32
C,1,572.0779,56
Au,1,572.1360,76
Na,2,572.1380,28
In,2,572.1807,29
Kr,1,572.1877,56
Os,1,572.1930,15
Sr,3,572.2026,34
Xe,1,572.2140,39
Rn,1,572.2580,2
Al,3,572.2728,95
Mo,1,572.2738,47
In,3,572.3170,47
Kr,1,572.3560,63
Sc,1,572.4080,70
Rb,1,572.4121,72
Rb,1,572.4614,22
Ba,3,572.5213,3
Tc,1,572.5314,64
Th,1,572.5388,51
Cf,1,572.6050,67
Xe,1,572.6100,9
Ba,3,572.6181,29
Kr,1,572.6588,69
I,1,572.6759,4
Xe,2,572.6910,80
Er,1,572.6970,40
V,1,572.7045,86
La,2,572.7290,14
V,1,572.7655,53
In,1,572.7680,75
P,2,572.7710,10
Cu,1,572.7960,2
Pr,1,572.8380,23
Ra,2,572.8830,48
Y,2,572.8886,35
Nb,1,572.9190,39
Cr,2,572.9198,41
Y,1,572.9253,3
Nd,1,572.9290,73
Sb,1,573.0340,23
S,2,573.0531,12
Pm,1,573.0810,19
Kr,1,573.0860,39
Eu,1,573.0870,54
V,1,573.1249,64
Pr,2,573.1880,9
Ac,2,573.2049,69
Y,1,573.2090,28
Cu,1,573.2325,54
Sm,1,573.2950,35
Th,2,573.2975,5
Er,2,573.3430,7
I,1,573.3460,10
Xe,1,573.3480,10
Te,1,573.3600,7
Tm,2,573.3810,12
Gd,2,573.3860,22
Ho,1,573.4020,23
Mg,3,573.4082,17
Ag,2,573.4226,4
La,1,573.4950,49
W,1,573.5090,6
Zr,1,573.5700,52
Lu,1,573.6550,80
Er,1,573.6560,18
Pd,1,573.6617,15
Er,1,573.6940,18
V,1,573.7063,65
Tm,2,573.7200,5
I,2,573.8270,74
Mn,1,573.8290,1
Tm,2,573.8920,12
Eu,1,573.9000,54
Er,1,573.9190,54
Ho,1,573.9240,43
Ti,1,573.9468,25
Ar,1,573.9520,27
Rb,2,573.9645,63
Si,3,573.9730,94
Xe,1,574.0170,22
Dy,1,574.0200,43
Y,1,574.0217,18
Ba,3,574.0384,41
Er,1,574.0610,29
La,1,574.0660,90
Yb,3,574.0830,20
Th,3,574.0959,54
Bi,1,574.2361,28
La,1,574.2940,18
I,1,574.3061,22
Ar,3,574.3147,8
V,1,574.3437,31
Y,1,574.3861,68
I,1,574.3919,50
La,3,574.4090,2
Na,1,574.4200,62
La,1,574.4410,88
Po,1,574.4850,36
Dy,1,574.5530,47
Gd,1,574.6360,34
N,2,574.7300,50
Tb,1,574.7580,55
Si,1,574.7667,27
Pr,1,574.7740,24
Xe,1,574.8200,25
Ne,1,574.8298,80
Ne,1,574.8645,31
Er,1,574.8650,45
Lu,3,574.8710,7
Th,1,574.8741,7
Kr,1,574.9020,44
Nd,1,574.9190,62
Th,2,574.9388,20
Ce,3,574.9470,25
Ho,1,574.9580,19
Nd,1,574.9660,24
Yb,2,574.9910,1
Dy,1,575.0480,19
Kr,1,575.0570,57
Sr,3,575.0598,81
Xe,2,575.1030,81
I,1,575.1056,59
Mo,1,575.1408,81
Nb,1,575.1440,25
N,1,575.2500,95
Er,1,575.2530,41
Xe,2,575.2560,14
Re,1,575.2930,17
Kr,2,575.2990,68
Th,1,575.3026,40
F,3,575.3170,70
Sn,1,575.3553,0
Si,1,575.3625,28
Gd,1,575.4170,34
Si,1,575.4220,29
Ni,1,575.4680,19
Kr,1,575.5040,15
Ra,1,575.5450,56
Tm,1,575.5516,1
Ta,1,575.5811,8
Te,2,575.5850,88
Yb,1,575.5890,4
Pr,2,575.6170,28
Rb,2,575.7085,31
Y,1,575.7589,5
Er,2,575.7630,19
Tm,1,575.8020,51
Xe,2,575.8650,68
Dy,1,575.8790,19
Ac,2,575.8967,71
Pr,1,576.0200,59
Tm,1,576.0202,65
Nb,1,576.0340,31
Th,1,576.0551,100
Ne,1,576.0589,31
I,2,576.0720,75
Ni,1,576.0850,7
O,2,576.1008,37
F,3,576.1200,30
Sn,1,576.1730,2
La,1,576.1840,88
Tb,1,576.2660,13
Er,1,576.2800,72
Kr,1,576.2895,39
Si,1,576.2977,29
Th,1,576.3529,27
Pt,1,576.3564,23
Tm,1,576.4287,85
I,1,576.4316,71
Ne,1,576.4419,85
N,1,576.4750,50
Nb,1,576.4990,19
Eu,1,576.5200,94
Pr,3,576.5270,91
Y,1,576.5656,62
Ta,1,576.6561,2
Hf,2,576.7180,3
Nd,1,576.7330,16
Ta,1,576.7913,8
Pm,2,576.8160,57
Cu,3,576.8560,25
La,2,576.9070,60
La,1,576.9340,97
198Hg,1,576.9598,76
Hg,1,576.9610,94
Er,1,576.9920,48
La,1,576.9990,74
V,1,577.0020,22
Pu,1,577.0260,65
Ne,1,577.0307,19
Kr,2,577.1400,79
Tc,1,577.1468,59
Yb,2,577.1660,23
Zn,1,577.2100,78
Si,1,577.2145,46
K,2,577.2320,42
Ba,3,577.2653,15
Ce,1,577.3120,90
Pr,2,577.3160,13
Sm,1,577.3770,43
Y,1,577.3942,41
I,2,577.4830,43
Lu,1,577.5400,36
Zn,1,577.5500,63
Kr,1,577.5560,16
Gd,1,577.6020,32
Nb,1,577.6070,13
Nd,1,577.6120,50
Xe,2,577.6390,68
Ta,1,577.6768,51
Re,1,577.6830,17
Pm,1,577.6990,19
Zn,1,577.7110,47
Ba,1,577.7618,95
La,3,577.8140,81
Ra,1,577.8280,64
Sm,1,577.8330,39
Tm,2,577.8820,0
Sm,1,577.9240,29
Pr,1,577.9280,83
Pb,3,577.9410,33
Ta,1,578.0017,2
Mn,1,578.0190,1
Si,1,578.0384,47
U,1,578.0590,30
Ta,1,578.0706,33
Os,1,578.0820,15
Y,2,578.1687,42
Cu,1,578.2132,92
Tm,2,578.2360,16
K,1,578.2384,87
Er,1,578.2820,35
Cr,1,578.3064,15
Eu,1,578.3690,88
Cr,1,578.3850,36
Kr,1,578.3894,57
Ba,1,578.4042,22
Np,1,578.4390,7
Tm,2,578.4460,17
Er,1,578.4660,48
Nd,1,578.4960,51
Cr,1,578.4969,23
Tb,2,578.5180,1
Pr,2,578.5280,24
Mg,1,578.5312,40
Mg,1,578.5560,37
Si,2,578.5730,39
Cr,1,578.5735,3
Pr,2,578.6170,24
Lu,3,578.6460,34
Gd,3,578.6960,70
I,2,578.7020,44
Kr,1,578.7290,48
Nb,1,578.7540,25
Y,1,578.7702,22
C,1,578.7840,25
Cr,1,578.7918,53
Ce,1,578.8150,85
Nd,1,578.8220,52
Kr,1,578.8240,50
Y,1,578.8361,3
Sm,1,578.8380,39
Te,1,578.9220,5
La,1,578.9240,95
Th,1,578.9645,21
Hg,1,578.9690,80
198Hg,1,579.0663,74
Hg,1,579.0670,93
Cr,1,579.0957,73
Er,2,579.1150,7
La,1,579.1340,97
Pr,2,579.1360,14
Gd,1,579.1380,60
Mo,1,579.1839,78
Th,1,579.2430,1
Rh,1,579.2660,18
Eu,1,579.2720,13
Pr,1,579.2950,60
Si,1,579.3071,58
C,1,579.3116,92
C,2,579.3200,65
Nb,1,579.4240,14
C,1,579.4459,82
Si,2,579.4900,40
Tb,1,579.5640,53
Ra,1,579.5780,66
Cl,1,579.6305,13
Gd,1,579.6800,29
Sn,2,579.6908,60
I,1,579.7020,37
La,2,579.7580,69
Zr,1,579.7740,59
Si,1,579.7859,64
Ba,3,579.8255,41
U,2,579.8530,8
Sn,2,579.8860,93
C,1,579.8895,5
Cl,1,579.9914,10
Tm,2,579.9970,6
Nd,1,580.0090,53
Kr,2,580.0150,4
Ba,1,580.0226,81
C,1,580.0232,73
Eu,1,580.0270,54
Si,2,580.0470,75
Sm,1,580.0520,40
Lu,1,580.0590,45
C,1,580.0594,91
Er,1,580.0790,49
Th,1,580.0829,56
Ge,1,580.1032,22
Kr,1,580.1170,16
K,1,580.1752,90
Sr,3,580.1953,60
Ge,1,580.2093,47
Sm,1,580.2840,41
Gd,1,580.2920,24
Tb,2,580.3130,23
Yb,1,580.3440,5
198Hg,1,580.3779,66
Hg,1,580.3782,91
Nd,2,580.4020,16
Nb,1,580.4030,14
Ne,1,580.4090,36
Th,1,580.4141,93
Ne,1,580.4450,81
C,1,580.5192,80
Kr,1,580.5541,69
Ba,1,580.5681,87
La,2,580.5780,60
C,1,580.5800,57
Er,1,580.6100,19
Ga,3,580.6270,37
Si,2,580.6740,83
Sc,2,580.6770,37
Cs,3,580.6886,63
Rh,1,580.6910,27
Xe,1,580.7311,39
Gd,1,580.7720,25
Cs,2,580.7954,14
La,1,580.8060,3
La,2,580.8320,31
Gd,1,580.9220,25
Sr,3,580.9316,25
Hf,2,580.9500,2
Kr,3,580.9880,45
O,2,581.0243,17
Pr,2,581.0580,9
Kr,1,581.0800,51
Ta,1,581.1104,51
Tm,2,581.1190,12
Ne,1,581.1407,74
Nd,2,581.1572,1
Ra,1,581.1580,66
Sr,3,581.1889,7
K,1,581.2148,84
Ac,1,581.2440,57
Cs,2,581.2751,35
Ce,1,581.2920,86
Ac,2,581.3450,35
La,3,581.3450,8
C,1,581.3510,27
Ba,3,581.3544,29
Ra,2,581.3630,88
Nd,1,581.3890,53
Cs,2,581.4164,91
Xe,1,581.4505,73
Sm,1,581.4890,30
Ru,1,581.4980,4
Pr,2,581.5170,46
Pr,2,581.5330,46
Tb,1,581.5360,48
Th,2,581.5422,50
Gd,2,581.5850,8
Xe,2,581.5960,52
Tm,1,581.6458,29
Ta,1,581.6510,2
Ne,1,581.6622,19
Sr,1,581.6771,91
Mn,1,581.6840,1
Ti,3,581.7440,81
C,1,581.7701,10
Bi,2,581.8300,33
Hg,1,581.8300,22
B,1,581.8400,70
Pr,2,581.8570,20
Eu,2,581.8740,72
Ba,1,581.8812,45
S,2,581.9272,81
Yb,2,581.9410,1
Nb,1,581.9430,31
C,1,581.9499,10
In,3,581.9500,89
Kr,1,582.0118,63
Ne,1,582.0156,81
Nd,1,582.0370,25
Xe,1,582.0520,54
Nb,1,582.0620,3
Pr,2,582.0620,9
B,1,582.1070,84
Pr,1,582.1360,46
C,1,582.1600,14
Y,1,582.1838,39
Ho,1,582.1900,23
I,1,582.1970,28
La,1,582.1990,85
B,1,582.2330,34
Pr,2,582.2590,21
I,1,582.3200,41
Ra,1,582.3490,38
Kr,1,582.3510,31
Pr,2,582.3720,28
La,1,582.3830,59
Xe,1,582.3890,93
Pm,2,582.3930,90
Kr,1,582.4519,80
C,1,582.4643,10
Xe,1,582.4800,88
Cu,2,582.5823,2
Ba,1,582.6274,92
C,3,582.6420,25
Nd,1,582.6740,36
Er,1,582.6790,82
Na,2,582.6840,5
Kr,1,582.7070,69
La,1,582.7560,28
Si,2,582.7800,41
Sr,3,582.8429,36
Ir,1,582.8550,4
Ne,1,582.8906,36
N,1,582.9540,56
La,1,582.9720,75
I,1,582.9846,42
Ac,1,583.0549,25
Xe,1,583.0630,45
Br,2,583.0780,36
Sr,3,583.0903,13
Pr,2,583.0940,14
Eu,1,583.0980,98
Cs,2,583.1141,98
Tc,1,583.1477,28
Rh,1,583.1580,24
K,1,583.1887,92
Y,1,583.2250,28
Kr,1,583.2857,91
Fe,3,583.3931,13
Yb,2,583.3990,36
Ar,1,583.4263,3
Re,1,583.4310,77
I,1,583.4470,48
Nb,1,583.4900,22
Pr,1,583.5130,73
Er,1,583.5840,36
U,1,583.6020,24
Tc,1,583.6329,7
C,2,583.6350,6
Na,2,583.6870,22
Yb,2,583.7140,37
Au,1,583.7370,90
U,2,583.7680,6
Nb,1,583.8640,39
Tm,2,583.8760,24
Pu,1,583.9050,66
Ho,1,583.9470,19
La,1,583.9790,13
Mg,3,583.9820,88
Pt,1,584.0117,62
Gd,2,584.0470,9
Xe,1,584.0830,10
Hf,2,584.2230,7
Nd,2,584.2391,1
Nb,1,584.2470,14
Tb,1,584.2970,21
Th,3,584.3146,41
Cd,2,584.3305,42
Xe,1,584.3430,16
Ta,1,584.3939,19
Y,1,584.4131,4
Pr,3,584.4410,95
Pr,2,584.4650,4
Nd,1,584.4660,37
Pt,1,584.4807,47
Ga,3,584.4930,83
Pr,2,584.4980,9
La,1,584.5030,28
Sb,3,584.5500,26
Eu,1,584.5770,25
Cs,2,584.5844,60
Nd,1,584.5950,17
Cm,1,584.6070,78
Si,2,584.6130,50
O,2,584.6232,38
C,1,584.6346,5
Pr,2,584.7130,25
Zr,1,584.7320,16
La,1,584.8380,67
Ca,3,584.8488,4
La,2,584.8950,4
Kr,1,584.9660,16
Xe,1,584.9850,1
Er,1,585.0070,54
C,1,585.0254,15
Pr,2,585.0640,25
Cu,3,585.0720,27
Tb,1,585.1070,48
Cs,3,585.1096,27
Gd,1,585.1630,58
Hg,2,585.1758,66
I,1,585.1760,6
Br,1,585.2079,26
La,1,585.2270,41
Ne,1,585.2488,95
Pr,2,585.2630,14
Kr,1,585.2875,44
In,2,585.3171,94
Al,2,585.3620,73
Ba,2,585.3675,71
Cs,2,585.3790,2
N,1,585.4040,44
Cr,1,585.4270,13
Pr,1,585.4440,25
Yb,1,585.4510,18
Cs,2,585.4948,33
Gd,2,585.5240,9
Er,1,585.5310,56
La,1,585.5580,75
C,2,585.6040,11
Pr,2,585.6070,14
Gd,1,585.6220,68
Xe,1,585.6509,39
Cl,1,585.6742,4
Pr,2,585.6900,21
Cu,1,585.6940,3
Be,1,585.7010,28
Ca,1,585.7450,93
Ni,1,585.7760,11
Os,1,585.7760,0
Pb,3,585.7960,67
Mo,1,585.8266,78
Kr,3,585.8360,19
Cu,2,585.8540,2
Nd,1,585.8910,63
Ba,3,585.9200,42
198Hg,1,585.9245,53
Hg,1,585.9254,88
Pr,2,585.9680,28
Bi,2,586.0200,63
Ho,1,586.0280,67
Ar,1,586.0310,28
Kr,2,586.0610,5
Gd,2,586.0730,9
Sm,1,586.0780,25
Lu,1,586.0790,31
Pt,1,586.0831,5
Eu,1,586.0970,26
Al,2,586.1530,68
Cs,3,586.1755,46
Gd,3,586.2090,44
Au,1,586.2930,77
Cs,2,586.3690,73
La,2,586.3710,42
Ho,1,586.4420,24
Eu,1,586.4770,14
C,1,586.4948,15
Nd,2,586.5057,15
Lu,1,586.6300,4
Se,2,586.6300,52
Ti,1,586.6449,71
Nb,1,586.6470,19
Kr,1,586.6750,84
Nd,1,586.7080,45
Si,2,586.7480,12
Sm,1,586.7790,41
Al,2,586.7810,60
Dy,2,586.8110,16
Zr,1,586.8270,26
Si,2,586.8400,87
Ne,1,586.8416,36
Sm,1,586.8610,30
Pm,2,586.8790,78
Kr,3,586.8800,19
Pr,2,586.8830,27
Nd,1,586.8900,38
Zr,1,586.9500,48
Lu,3,586.9710,39
La,1,586.9950,13
Tb,1,587.0620,49
C,1,587.0655,54
Ho,1,587.0850,39
Hg,2,587.0899,33
Kr,1,587.0916,100
Nd,1,587.1040,26
Sm,1,587.1060,26
Hg,2,587.1279,98
Hg,2,587.1572,27
Y,1,587.1820,22
Hg,2,587.1921,60
Hg,1,587.1975,80
Ne,1,587.2145,36
Er,1,587.2350,63
Ne,1,587.2827,81
Eu,2,587.2980,53
Cr,1,587.3040,13
Si,1,587.3764,19
La,2,587.4000,10
Sm,1,587.4210,36
Nb,1,587.4700,3
Pr,1,587.4720,69
La,1,587.4730,54
Xe,1,587.5018,80
Pm,2,587.5310,58
He,1,587.5621,99
La,3,587.5630,13
Gd,2,587.7260,13
C,1,587.7310,43
Ta,1,587.7355,72
La,1,587.7630,22
La,1,587.7990,14
Np,1,587.8040,9
Pr,1,587.8100,70
Pm,2,587.8760,18
Xe,1,587.8920,23
Pr,1,587.9040,70
Pr,2,587.9250,27
S,1,587.9630,35
Zr,1,587.9800,76
Kr,1,587.9900,84
Y,1,587.9929,32
Cd,2,588.0220,61
Ti,1,588.0268,16
La,2,588.0640,37
Sr,3,588.0990,17
Er,1,588.1140,57
Kr,1,588.1180,16
Ba,3,588.1869,42
Ne,1,588.1895,89
I,1,588.2239,20
Ta,1,588.2295,52
Ir,1,588.2300,4
Cs,3,588.2431,3
Ar,1,588.2624,37
Ba,3,588.2805,50
Cs,2,588.2888,2
Ho,1,588.2990,50
Nd,1,588.3290,39
S,1,588.3490,46
Th,3,588.3625,86
Pr,1,588.4720,71
Zr,1,588.5620,38
Th,1,588.5702,50
Nd,1,588.6240,18
Er,2,588.6300,12
Gd,1,588.6460,25
Cs,2,588.6508,65
Ir,1,588.7360,2
Kr,1,588.7687,31
Nd,1,588.7910,40
Sr,3,588.8019,53
Mo,1,588.8310,86
Ar,1,588.8584,53
La,3,588.8620,56
Hg,2,588.8939,98
Xe,1,588.9120,45
C,2,588.9270,17
C,1,588.9515,30
S,1,588.9750,55
Lu,3,588.9760,28
C,2,588.9770,89
Na,1,588.9951,99
Sc,2,589.0034,48
Hg,1,589.0200,74
Th,1,589.1451,21
Sr,3,589.1503,13
C,2,589.1590,77
Kr,3,589.1680,60
C,1,589.2000,15
Pr,2,589.2230,21
Ho,1,589.2560,34
Cs,2,589.2757,9
Ni,1,589.2880,12
I,1,589.3060,10
Rb,2,589.3080,48
Xe,2,589.3290,74
Ge,2,589.3389,99
Nb,1,589.3440,9
I,1,589.3993,81
Ir,1,589.4060,17
Zn,2,589.4361,88
Sc,1,589.4558,53
Kr,2,589.4560,17
Cs,2,589.4821,19
La,1,589.4850,67
Xe,1,589.4988,81
Sb,2,589.5090,55
Eu,1,589.5310,14
Th,3,589.5620,16
Pb,1,589.5625,71
Tm,1,589.5630,88
Ba,3,589.5778,29
Na,1,589.5924,98
Mo,1,589.5932,49
Yb,2,589.7210,0
Cs,2,589.7758,22
Cu,2,589.7971,38
Xe,1,589.8560,25
Si,3,589.8790,72
Tb,1,589.8840,28
Sm,1,589.8960,36
Ti,1,589.9291,64
Tm,1,589.9473,57
Pm,2,589.9760,38
Ba,3,590.0285,51
Nb,1,590.0620,52
La,1,590.0750,3
Kr,2,590.0890,17
Zr,1,590.1090,26
Ac,2,590.1100,3
Tm,1,590.1572,44
Ta,1,590.1911,33
La,2,590.1960,6
Er,2,590.2080,12
Tb,1,590.2400,13
Ne,1,590.2462,20
Eu,1,590.2770,26
Y,1,590.2912,41
Hf,1,590.2950,10
Pr,2,590.3110,10
Er,3,590.3300,97
Ti,1,590.3315,19
In,2,590.3392,97
Nb,1,590.3800,9
Gd,2,590.4070,9
Ho,1,590.4290,19
La,1,590.4300,14
Pr,2,590.4450,15
Xe,1,590.4462,46
Gd,1,590.4560,40
Pm,1,590.4710,24
Tb,1,590.4710,28
Xe,2,590.5130,81
Ac,2,590.5139,18
Pm,1,590.5900,4
Er,1,590.6060,41
Ne,1,590.6429,20
Xe,1,590.6760,1
Ra,1,590.7200,20
C,2,590.7210,17
Ba,1,590.7636,74
S,2,590.8312,21
Yb,2,590.8360,13
Pr,2,590.8670,10
Er,1,590.9240,36
Xe,2,590.9670,41
Eu,1,590.9940,9
I,1,591.0421,10
Bk,1,591.0710,84
Ac,2,591.0851,85
Gd,2,591.1450,28
Rb,2,591.1711,22
Xe,1,591.1900,17
I,1,591.1959,49
Ar,1,591.2085,64
Tm,1,591.2582,13
Gd,2,591.3550,14
Ne,1,591.3633,68
I,1,591.3670,42
Ti,2,591.3727,4
Th,2,591.4386,29
C,2,591.4640,5
Th,1,591.4671,54
Pm,1,591.4960,5
Dy,2,591.5160,11
Si,2,591.5220,75
In,2,591.5262,86
Pr,1,591.5310,25
U,1,591.5390,41
Eu,1,591.5740,63
Pr,1,591.5970,26
Mg,2,591.6429,51
Ta,1,591.6511,8
Xe,1,591.6650,10
Gd,1,591.6770,25
Xe,2,591.7440,53
La,1,591.7630,54
Mg,2,591.8158,42
Hg,2,591.8496,11
Ti,1,591.8534,43
In,2,591.8769,96
Ne,1,591.8907,68
Ta,1,591.8949,33
Sc,1,591.9068,54
Ru,1,591.9340,1
C,2,591.9450,0
Pr,1,592.0760,73
Tb,1,592.0780,49
Tm,1,592.0846,8
Nd,1,592.1220,27
Na,2,592.1350,41
Ru,1,592.1450,6
Ho,1,592.1760,51
Xe,1,592.1850,31
Ti,1,592.2108,45
Xe,1,592.2550,46
Ca,2,592.2720,14
Tc,1,592.3357,7
Mg,2,592.3366,19
Ca,2,592.3690,15
Tc,1,592.4468,81
Dy,2,592.4560,0
Zr,1,592.5130,55
Eu,1,592.5300,9
Sn,1,592.5304,16
Xe,1,592.5560,23
Cs,2,592.5631,99
Th,1,592.6232,13
Tc,1,592.6286,28
Eu,1,592.6520,26
Pm,2,592.7170,68
La,2,592.7710,6
Tl,3,592.7800,63
N,2,592.7810,65
Mg,2,592.8233,27
La,1,592.8490,23
Ar,1,592.8813,38
Mo,1,592.8878,34
Ti,2,592.9711,9
Gd,1,593.0290,35
La,1,593.0620,95
Pr,2,593.0660,10
La,1,593.0680,95
Xe,1,593.1241,77
Tm,1,593.1703,21
N,2,593.1780,87
Tc,1,593.1929,63
La,3,593.2710,15
Er,1,593.3500,29
Ho,1,593.3710,30
Sn,1,593.4006,2
I,1,593.4029,17
Nb,1,593.4160,10
Xe,1,593.4172,81
Ne,1,593.4452,37
Kr,3,593.5030,54
Zr,1,593.5200,42
La,1,593.5240,68
Cs,2,593.5283,55
Tm,1,593.5895,51
Te,2,593.6143,69
La,2,593.6220,31
Gd,1,593.6840,35
Gd,1,593.7710,29
Th,1,593.8457,1
Mg,2,593.8629,20
Th,1,593.8825,58
Ne,1,593.9315,20
Tb,1,593.9380,42
Cs,3,593.9492,23
Pm,1,593.9660,5
I,1,593.9690,55
Ta,1,593.9765,52
Pr,2,593.9900,46
C,1,594.0100,6
Cs,3,594.0143,64
Tb,1,594.0170,29
N,2,594.0240,51
Ti,2,594.0343,17
Br,1,594.0481,23
Pr,2,594.0720,25
La,1,594.0830,6
Ce,1,594.0860,95
Na,2,594.0900,41
Cu,2,594.1195,46
N,2,594.1650,93
Pr,1,594.1650,60
Ti,1,594.1750,37
Kr,1,594.2130,17
10B,1,594.2455,6
B,1,594.2630,7
Ar,1,594.2669,3
11B,1,594.2670,5
B,1,594.2720,2
Eu,1,594.2720,44
11B,1,594.2763,15
Cs,3,594.2981,36
Re,1,594.3240,11
Mg,2,594.3499,28
Ta,1,594.4024,72
Th,1,594.4647,1
Ne,1,594.4834,81
Kr,1,594.5452,44
Xe,2,594.5530,86
Y,1,594.5686,47
Kr,3,594.5710,20
Dy,1,594.5800,52
Mg,3,594.5873,18
Er,1,594.6370,19
Pm,2,594.6490,83
Mn,3,594.6650,28
Cs,3,594.6965,66
Pr,2,594.7160,4
C,1,594.7607,19
Hg,2,594.7680,46
Pr,3,594.7980,72
Ho,1,594.8030,51
Cs,3,594.8254,31
La,2,594.8300,8
Si,1,594.8545,87
Cl,1,594.8580,26
Yb,3,594.9020,12
Tl,2,594.9480,95
Pr,1,594.9760,61
Ce,3,594.9830,25
Y,1,594.9987,32
C,1,595.0040,21
Cs,3,595.0137,75
F,1,595.0147,9
I,2,595.0250,97
Ba,3,595.1080,21
Tb,1,595.1170,14
Pr,2,595.1270,21
S,2,595.1522,30
Gd,2,595.1600,10
Ta,1,595.1779,2
Rb,2,595.1984,22
C,1,595.2133,59
N,2,595.2390,52
Cm,1,595.2410,79
Ac,1,595.2860,19
Ti,1,595.3157,74
Sr,3,595.3413,13
Eu,1,595.3490,27
Eu,2,595.3840,5
Eu,1,595.4280,30
I,1,595.4376,65
I,1,595.5000,31
Kr,1,595.5140,17
Zr,1,595.5350,48
Nd,1,595.5870,28
Ho,1,595.5980,39
Pr,3,595.6050,99
Pm,1,595.6420,94
Gd,2,595.6480,10
Pr,2,595.6600,29
Pm,1,595.6690,19
I,1,595.6867,78
Au,1,595.6960,90
Ra,1,595.7170,20
Ac,1,595.7470,33
Si,2,595.7560,94
Ra,1,595.7670,68
Nb,1,595.7700,10
Xe,2,595.8030,53
Cs,2,595.8051,51
O,1,595.8390,48
O,1,595.8580,57
S,1,595.9110,16
F,1,595.9187,19
Pr,1,595.9250,35
Pm,2,596.0080,19
I,1,596.0383,63
La,1,596.0590,31
Xe,3,596.1150,35
S,1,596.1190,16
Hg,2,596.1509,69
Ne,1,596.1623,31
Pr,1,596.2180,56
Ce,3,596.2220,51
La,1,596.2600,14
Au,1,596.2680,58
Ce,3,596.2710,26
Cs,3,596.2772,8
Pm,2,596.3000,39
Pr,1,596.3000,67
Xe,1,596.3280,10
Eu,1,596.3760,70
C,1,596.3989,67
Dy,1,596.4460,44
Cu,3,596.5250,43
F,1,596.5280,27
Ne,1,596.5471,82
Ti,1,596.5825,72
Ti,2,596.5828,98
Sn,2,596.5840,57
Tm,1,596.6011,8
Eu,2,596.6070,82
Ne,1,596.6179,1
I,1,596.6758,55
Eu,1,596.7100,97
Tb,2,596.7340,23
Kr,2,596.7540,33
Pr,2,596.7820,35
Pm,1,596.7890,58
I,1,596.8257,70
Ba,3,596.8271,21
Eu,1,596.8430,14
Er,1,596.8680,42
C,1,596.9326,84
I,1,596.9359,25
K,2,596.9640,16
Sr,1,597.0078,69
Sn,1,597.0291,21
C,1,597.0726,38
La,2,597.1090,4
Xe,2,597.1130,81
Tm,1,597.1264,82
U,1,597.1500,28
Ti,2,597.1647,39
Eu,1,597.1690,31
Ba,1,597.1698,94
Al,2,597.1980,68
C,1,597.2588,7
Eu,1,597.2750,86
Ho,1,597.2760,51
Bi,2,597.3000,64
Yb,3,597.3050,35
I,1,597.3496,37
Ho,1,597.3520,56
La,2,597.3530,29
Na,2,597.3590,6
Th,1,597.3665,92
Cs,3,597.3731,49
Xe,1,597.4152,64
Dy,1,597.4490,63
Ne,1,597.4627,82
Te,2,597.4674,82
Tm,1,597.5015,51
Th,1,597.5065,66
Er,1,597.5490,25
Ne,1,597.5534,83
La,1,597.5750,19
U,1,597.6320,33
Xe,2,597.6460,98
Pr,1,597.6950,35
Cs,2,597.7144,61
Gd,1,597.7250,35
Kr,1,597.7646,39
Ba,1,597.8461,33
Ti,1,597.8539,71
Pr,1,597.8880,36
Hg,2,597.8916,47
Si,2,597.8930,95
Rb,2,597.8931,10
Ce,3,597.9560,17
Pm,1,597.9730,20
Eu,1,598.0470,15
I,1,598.0837,58
Pr,2,598.1190,25
C,1,598.1221,60
Ho,1,598.1430,20
Tm,1,598.1735,7
Y,1,598.1881,51
C,1,598.2275,38
La,1,598.2350,32
Cs,2,598.2537,32
C,1,598.2671,66
Ho,1,598.2900,76
Eu,1,598.3140,27
Nb,1,598.3220,45
Pu,1,598.3350,66
Ce,3,598.3400,36
Rh,1,598.3600,65
Ba,3,598.3719,42
Eu,1,598.3780,27
Lu,2,598.3900,55
I,1,598.4227,72
Zr,1,598.4230,43
C,1,598.4260,61
Sm,1,598.4290,27
Sr,3,598.4339,74
Cs,2,598.4387,84
Pm,1,598.4820,20
I,1,598.4857,79
Dy,1,598.4860,19
Tm,1,598.4867,22
Nb,1,598.6080,19
Pr,1,598.6140,74
Xe,1,598.6230,11
Pm,2,598.7130,19
Pr,1,598.7140,77
Pr,2,598.7290,15
Ar,1,598.7302,17
Mg,3,598.7370,34
Ti,2,598.7384,45
Gd,3,598.7850,44
Ne,1,598.7907,59
Gd,1,598.8020,41
Dy,1,598.8560,65
C,1,598.9014,76
Th,2,598.9045,90
Xe,1,598.9180,57
Yb,1,598.9330,11
C,1,598.9401,54
Th,1,599.1007,40
Pr,1,599.1270,36
Yb,2,599.1510,39
Ne,1,599.1648,37
Co,1,599.1880,8
Kr,2,599.2240,88
La,1,599.2360,15
Eu,1,599.2830,91
Kr,1,599.3850,87
Ga,3,599.3870,75
Rb,2,599.4074,29
Th,1,599.4129,82
F,1,599.4425,25
Nd,1,599.4760,41
Pr,1,599.4890,37
Ti,2,599.4960,53
O,1,599.5280,2
Zr,1,599.5370,0
C,1,599.6057,15
Pr,1,599.6060,26
S,2,599.6160,20
Nd,1,599.6470,29
Ba,1,599.7087,93
Pm,1,599.7120,59
Lu,1,599.7130,59
Ta,1,599.7234,61
U,1,599.7310,25
Nb,1,599.7930,25
Ba,3,599.8004,66
Xe,1,599.8115,57
Pr,3,599.8940,92
Ar,1,599.8999,4
Gd,1,599.9080,35
N,1,599.9430,7
Cs,2,599.9512,31
Ti,1,599.9657,16
Al,2,599.9700,15
Al,2,599.9750,25
Al,2,599.9830,10
Cu,2,600.0117,51
Ce,1,600.0180,14
Ne,1,600.0928,46
Zr,1,600.1050,26
C,1,600.1126,91
Al,2,600.1180,11
Ti,2,600.1400,48
Al,2,600.1760,63
Pb,1,600.1862,85
Al,2,600.1880,53
Ce,1,600.1900,76
Ho,1,600.2040,44
Kr,1,600.2190,31
Ti,2,600.2405,4
Ce,3,600.2630,63
C,1,600.2982,63
I,1,600.3539,25
C,1,600.3666,23
Cs,3,600.3719,16
Eu,1,600.4360,55
Lu,1,600.4520,87
Gd,2,600.4570,10
Sb,2,600.5210,99
Ho,1,600.5330,24
Eu,1,600.5610,15
Ce,1,600.5860,77
C,1,600.6028,87
Ce,1,600.6200,35
Ac,2,600.6269,9
Pr,2,600.6330,29
Al,2,600.6410,82
Er,2,600.6790,16
Ce,1,600.6820,77
Th,1,600.7072,41
C,1,600.7178,75
La,1,600.7360,68
Ce,1,600.7370,48
Nd,1,600.7670,54
Xe,1,600.7909,40
N,1,600.8470,34
Pr,1,600.8540,37
Gd,1,600.8710,26
Er,2,600.8750,8
Xe,2,600.8920,69
Dy,1,600.8940,30
Y,1,600.9183,76
Cs,2,600.9441,27
Pb,2,600.9580,46
Xe,1,600.9780,26
Ta,1,600.9893,3
Kr,2,600.9990,25
Th,1,601.0160,15
C,1,601.0679,78
Dy,1,601.0820,49
Np,1,601.1220,10
Pb,1,601.1667,77
Kr,1,601.2062,85
Kr,1,601.2156,85
Eu,1,601.2200,55
C,1,601.2236,63
K,2,601.2410,4
Eu,1,601.2560,75
Pu,1,601.2780,67
W,1,601.2780,6
Ti,2,601.2783,50
Sn,3,601.3200,70
C,1,601.3220,94
Ce,1,601.3420,78
B,2,601.3460,16
Mn,1,601.3500,57
Er,1,601.4830,42
C,1,601.4845,81
Cs,3,601.5073,56
I,1,601.5366,30
Eu,1,601.5580,55
Er,2,601.5740,16
F,1,601.5828,34
Ta,1,601.5895,3
Ba,3,601.6409,51
C,1,601.6449,83
Pr,2,601.6480,22
Ce,1,601.6590,57
Mn,1,601.6640,67
La,3,601.7110,9
La,1,601.7160,15
Dy,1,601.7260,20
U,2,601.7380,1
Pr,2,601.7800,44
Eu,1,601.8150,96
Ba,1,601.9470,93
Cl,1,601.9812,14
Pr,1,601.9850,68
C,1,601.9866,16
Ta,1,602.0720,39
Th,1,602.1036,52
Ge,2,602.1041,94
Gd,1,602.1130,26
Zn,2,602.1180,90
Ho,1,602.1430,34
Mn,1,602.1800,77
Cs,3,602.2211,28
Kr,2,602.2400,58
Er,1,602.2560,49
Eu,1,602.3150,56
Y,1,602.3408,77
I,1,602.4069,90
P,2,602.4180,91
Ce,1,602.4200,83
Pt,1,602.4232,11
Ar,1,602.5150,5
Zr,1,602.5360,16
Tm,1,602.5437,38
Pr,2,602.5720,45
Pt,1,602.6020,40
Ir,1,602.6100,2
Ac,1,602.6140,19
Sc,1,602.6160,54
Xe,1,602.6760,11
Pm,2,602.7110,58
Ce,1,602.7160,35
Eu,1,602.9000,86
Ti,2,602.9278,42
Nb,1,602.9750,14
Xe,1,602.9780,40
Ne,1,602.9997,89
Pm,1,603.0060,42
Mo,1,603.0644,93
Dy,1,603.0980,20
Ce,1,603.1260,15
Pm,1,603.1320,59
Nb,1,603.1840,15
Ti,2,603.2028,70
Er,2,603.2120,8
Ar,1,603.2127,65
Ce,3,603.2540,86
Fe,3,603.2590,1
Zr,1,603.2610,39
Hg,2,603.2653,29
I,1,603.2800,13
Ba,3,603.3206,22
Nd,1,603.3290,29
P,2,603.4040,85
Ce,1,603.4410,58
Pa,1,603.5780,19
Kr,1,603.5834,63
Xe,2,603.6200,95
Ba,3,603.6582,51
Kr,3,603.7170,71
Sn,1,603.7604,24
Th,1,603.7697,66
F,1,603.8040,29
La,1,603.8590,60
Ho,1,603.8970,13
Tb,1,603.8970,22
C,1,603.9171,8
Tb,1,603.9380,22
V,1,603.9726,77
Ti,2,604.0105,37
Hg,2,604.1045,47
Pb,2,604.1170,42
La,1,604.1550,7
Lu,1,604.1660,28
S,1,604.1930,59
I,1,604.2446,11
C,1,604.2457,8
I,1,604.2710,60
Pr,2,604.2870,5
P,2,604.3120,93
Ar,1,604.3223,58
Xe,1,604.3380,31
Pm,1,604.3390,74
Cs,3,604.3987,68
I,1,604.4407,60
Th,2,604.4433,21
Eu,1,604.4660,56
C,1,604.4793,0
Sm,1,604.5000,37
Sm,1,604.5390,31
Ta,1,604.5390,73
Ce,1,604.5420,64
Nb,1,604.5500,15
Er,2,604.5630,8
Zr,1,604.5850,60
S,1,604.6040,72
Ne,1,604.6135,20
Ca,3,604.6152,23
O,1,604.6230,49
O,1,604.6440,58
O,1,604.6490,24
Pr,2,604.6660,22
Ta,1,604.7247,39
Ce,1,604.7400,78
F,1,604.7540,66
Xe,1,604.8000,23
Er,2,604.8140,9
Th,1,604.9051,54
Zr,1,604.9240,43
Pr,1,604.9260,72
Kr,1,604.9350,32
Eu,2,604.9510,86
Kr,3,605.0110,20
Ho,1,605.0710,24
Pr,1,605.0880,27
Xe,2,605.1150,99
U,2,605.1740,6
Pm,2,605.2570,39
S,1,605.2660,91
Ar,1,605.2723,28
Yb,2,605.2880,1
Pr,3,605.3010,96
Sb,2,605.3411,82
I,1,605.3485,70
Ta,1,605.3700,3
Yb,1,605.4570,6
Am,1,605.4640,98
Sn,1,605.4674,26
Er,1,605.4850,37
Lu,1,605.5030,75
Pr,1,605.5130,91
Al,3,605.5210,51
P,2,605.5500,60
La,3,605.5840,41
Yb,3,605.5850,48
I,1,605.5943,19
Se,2,605.6000,98
Np,1,605.6090,11
Kr,1,605.6126,88
Eu,1,605.7360,81
Ce,1,605.7500,58
P,2,605.7860,12
Ce,1,605.8000,68
V,1,605.8143,29
Dy,1,605.8180,21
Cm,1,605.8900,80
Bi,2,605.9100,43
Sc,2,605.9290,25
Pb,1,605.9356,78
Ar,1,605.9372,47
Al,3,605.9840,35
Ho,1,606.0310,40
Ce,3,606.0910,86
Al,2,606.1124,51
Er,1,606.1250,50
Ce,3,606.1790,26
Rn,1,606.1920,43
C,1,606.2089,6
Zr,1,606.2840,55
In,2,606.2960,30
Ba,1,606.3114,96
Ne,1,606.4536,21
Cs,3,606.4596,58
Ti,1,606.4623,39
Tc,1,606.5090,28
Ti,2,606.5355,9
Nd,1,606.6030,64
Al,2,606.6320,43
Al,2,606.6370,47
Al,2,606.6440,38
Ce,1,606.6750,59
Pm,2,606.7000,20
La,2,606.7140,5
U,2,606.7220,4
Si,2,606.7450,13
Tm,2,606.7780,6
Ir,1,606.7830,5
C,1,606.8267,16
Al,2,606.8430,54
Al,2,606.8470,64
Al,2,606.8530,47
La,1,606.8680,55
Ti,2,606.8746,26
I,2,606.8930,46
Pm,1,606.9060,75
Sn,1,606.9117,28
Ce,1,606.9460,48
Ce,1,606.9480,68
Ca,3,606.9978,46
Sm,1,607.0060,38
Rb,1,607.0755,79
C,1,607.0833,25
Pr,3,607.1090,92
Nd,1,607.1700,30
Ce,1,607.2000,69
La,1,607.2050,7
Hg,1,607.2640,80
198Hg,1,607.2713,29
Th,2,607.3104,12
Al,2,607.3198,60
Sn,1,607.3266,22
Np,1,607.3900,12
Nd,1,607.3970,41
Ne,1,607.4338,89
I,2,607.4980,85
Kr,1,607.5255,70
Eu,1,607.5580,71
Pb,2,607.5740,93
Pm,2,607.6400,20
Er,2,607.6450,18
Ce,1,607.6610,69
Ba,3,607.6663,30
Cs,2,607.6722,79
Ce,1,607.7160,45
U,1,607.7290,31
Eu,1,607.7380,31
I,1,607.7589,26
Sn,2,607.7633,83
Ba,3,607.7815,52
Kr,3,607.8380,71
Ge,2,607.8394,83
C,1,607.8395,44
Cs,2,607.8893,13
Kr,2,607.9710,42
Sn,2,607.9770,82
C,1,607.9771,8
Sb,2,607.9797,92
Cs,3,607.9854,90
Np,1,608.0050,13
Si,2,608.0060,31
F,1,608.0113,32
Cu,2,608.0333,13
Ce,1,608.0370,45
B,2,608.0440,57
Gd,2,608.0650,10
Ce,1,608.1280,46
Pb,2,608.1409,95
V,1,608.1441,78
Ho,1,608.1790,61
I,1,608.2407,83
Co,1,608.2440,8
Cl,1,608.2610,5
Kr,1,608.2861,80
Ba,1,608.3394,23
P,3,608.3409,5
Ag,1,608.3780,27
Eu,1,608.3840,92
Sm,1,608.4120,32
La,1,608.4890,15
Dy,1,608.5060,31
Ti,1,608.5225,61
Tc,1,608.5229,68
Pm,2,608.5410,59
Pr,1,608.5810,38
Si,2,608.6670,14
C,1,608.6686,6
Th,2,608.7262,39
U,2,608.7340,1
Pr,2,608.7520,26
P,2,608.7820,76
Y,1,608.7934,51
Kr,1,608.8000,17
Th,1,608.8030,45
Dy,1,608.8260,66
Ce,1,608.8960,49
Hg,2,608.9794,82
Pr,3,609.0020,100
V,1,609.0209,91
Ta,1,609.0823,9
Ti,1,609.1169,50
Sm,1,609.1400,27
F,3,609.1820,85
Kr,1,609.1828,48
C,1,609.2837,25
Mg,3,609.2912,57
Ce,1,609.3190,70
Xe,1,609.3380,1
Xe,2,609.3500,87
C,1,609.4298,7
Kr,1,609.4310,17
Kr,2,609.4500,53
Cl,2,609.4690,59
Rb,2,609.4814,26
C,2,609.5290,55
Cs,3,609.5764,28
In,2,609.5933,94
Ne,1,609.6163,75
Pr,1,609.6280,50
Ce,3,609.7350,27
Xe,2,609.7590,99
P,1,609.7690,44
C,2,609.8510,51
Cs,2,609.8750,63
Ar,1,609.8803,18
Ce,3,609.8870,28
C,1,609.8923,12
Th,2,609.9083,20
Cd,1,609.9142,82
Eu,1,609.9350,92
Tc,1,609.9387,43
Ce,1,609.9800,15
C,1,610.0028,32
Hg,2,610.0096,39
Pm,1,610.0210,98
Hg,2,610.0332,78
La,2,610.0380,25
C,1,610.0459,67
Sr,3,610.0654,13
Cu,3,610.0870,5
Xe,2,610.1430,81
Ta,1,610.1576,39
I,1,610.1711,28
Ba,3,610.1988,78
S,2,610.2277,7
Zn,2,610.2490,92
C,2,610.2560,13
Th,1,610.2595,45
Ca,1,610.2720,88
Rh,1,610.2720,24
Tc,1,610.2961,59
Ar,2,610.3540,7
Li,1,610.3540,87
Li,1,610.3650,90
Xe,1,610.3880,1
Tb,2,610.4290,1
Th,2,610.4582,40
Ar,1,610.5635,29
O,1,610.6270,13
Pm,1,610.6400,60
Ti,2,610.6478,10
I,1,610.6601,3
La,1,610.7270,16
C,1,610.7653,26
Ba,3,610.7997,25
Ni,1,610.8120,12
Eu,1,610.8150,56
Kr,1,610.8319,32
Xe,1,610.8370,26
La,1,610.8480,75
C,1,610.8526,41
In,2,610.8706,33
Pr,1,610.9080,51
Ac,1,610.9980,6
As,2,611.0070,53
Pb,1,611.0520,55
Ir,1,611.0670,10
Ba,1,611.0783,97
Kr,3,611.0810,36
Cd,1,611.1495,64
Zn,2,611.1530,65
V,1,611.1651,70
La,1,611.1720,55
Xe,1,611.1761,57
Xe,1,611.1951,65
Ne,2,611.2720,40
Th,2,611.2838,57
C,1,611.3150,16
Gd,1,611.4070,79
Re,1,611.4220,4
Pr,2,611.4380,26
Cl,1,611.4430,30
Cu,2,611.4493,24
Xe,1,611.4860,31
Pm,2,611.4900,21
Ar,2,611.4923,90
Xe,2,611.5080,53
Kr,1,611.5230,32
C,1,611.5850,46
In,2,611.5871,81
I,1,611.5955,51
Er,1,611.6010,30
Ba,3,611.7811,25
Pr,1,611.8020,62
Ce,1,611.8560,36
Eu,1,611.8780,79
Tm,1,611.8883,46
Ce,1,611.8900,46
La,3,611.9250,47
Th,3,611.9466,68
V,1,611.9528,83
Kr,2,611.9560,25
Ca,3,612.0111,22
K,2,612.0270,84
Np,1,612.0490,14
Tc,1,612.0684,82
C,1,612.0818,46
Zr,1,612.0830,26
Zr,1,612.1910,60
Cs,3,612.2072,62
Br,1,612.2139,40
Pr,1,612.2150,62
Ca,1,612.2220,91
Hg,1,612.3270,32
Ce,1,612.3670,75
Xe,1,612.3910,17
Eu,1,612.4670,57
Zr,1,612.4840,39
B,3,612.5020,51
Si,1,612.5021,58
Er,1,612.5320,30
F,3,612.5500,72
La,2,612.6090,42
Ti,1,612.6214,67
Xe,1,612.6360,40
La,1,612.7050,32
Dy,1,612.7150,21
Mg,3,612.7392,67
Zr,1,612.7440,89
I,2,612.7490,87
B,3,612.7900,50
Bi,2,612.8000,44
Ne,1,612.8450,46
Cs,2,612.8607,94
In,2,612.8620,30
Ba,1,612.9233,23
In,2,612.9391,36
La,2,612.9560,43
Sb,2,613.0040,97
Tc,1,613.0805,82
Ba,3,613.1377,30
Tm,1,613.1532,34
Si,1,613.1574,55
Si,1,613.1850,59
In,2,613.1959,51
Ce,1,613.2180,49
Tc,1,613.2230,8
Ho,1,613.3600,52
Dy,1,613.3640,22
La,1,613.4390,60
Zr,1,613.4550,76
Bi,1,613.4820,25
Y,1,613.5000,77
Ce,3,613.5100,28
Rb,2,613.5268,63
V,1,613.5365,70
Ce,1,613.5450,16
Ce,1,613.5550,1
Cs,3,613.6237,28
In,2,613.7510,24
Y,1,613.8435,80
Ar,2,613.8655,11
Ce,1,613.9030,59
Bi,3,613.9200,8
In,2,613.9880,91
Ta,1,614.0071,3
Cl,1,614.0245,33
Rb,2,614.0316,49
Bi,3,614.0400,39
Zr,1,614.0460,43
Lu,1,614.0710,9
In,2,614.1270,89
Pr,2,614.1510,5
Ba,2,614.1713,89
Hg,2,614.1773,46
In,2,614.1780,37
La,3,614.1990,73
Be,3,614.2010,97
Si,1,614.2487,65
Ne,1,614.2508,47
Nb,1,614.2510,10
Ce,1,614.2920,36
Ne,1,614.3063,90
In,2,614.3200,91
Zr,1,614.3200,80
Xe,1,614.3700,11
Ta,1,614.4561,24
Ba,3,614.4562,22
Xe,1,614.4970,46
Si,1,614.5015,65
La,1,614.5300,8
Ar,1,614.5441,30
Ba,3,614.5455,26
Re,1,614.5810,6
Sc,1,614.6200,70
Ce,1,614.6430,60
Hg,2,614.6435,98
Xe,2,614.6450,53
La,2,614.6530,8
Re,1,614.6820,10
Hg,2,614.6845,53
I,1,614.7427,29
Ce,1,614.7840,50
In,2,614.8100,92
Nb,1,614.8130,15
Pr,1,614.8230,82
Pr,2,614.8240,26
Br,1,614.8598,92
Cs,3,614.8772,59
B,2,614.8920,42
Nd,1,614.9280,31
Hg,2,614.9475,100
In,2,614.9490,92
Sn,1,614.9603,30
F,1,614.9760,64
Mg,3,615.0082,58
V,1,615.0153,65
Ne,1,615.0299,47
Cu,2,615.0382,26
Cs,3,615.0637,88
Ra,1,615.1190,40
Cs,2,615.1191,47
Kr,1,615.1407,70
C,2,615.1430,59
Ce,1,615.1720,60
Pm,1,615.1760,60
Th,1,615.1993,78
Hg,2,615.2002,42
Xe,1,615.2070,46
Ta,1,615.2544,9
O,2,615.2566,6
Yb,2,615.2570,60
Cu,2,615.4221,40
Na,1,615.4225,9
Ac,1,615.4330,26
Sn,1,615.4446,25
Ta,1,615.4504,52
Sb,2,615.4945,84
Nd,1,615.5060,32
Si,1,615.5134,81
Zr,1,615.5610,16
O,1,615.5980,80
Ne,1,615.6138,21
Ho,1,615.6380,35
Ho,1,615.6580,25
O,1,615.6770,84
Hg,2,615.7138,42
Zr,1,615.7710,35
O,1,615.8180,89
Dy,1,615.8280,22
Hg,2,615.8303,65
Cs,3,615.8366,74
Ra,2,615.8730,6
Ta,1,615.8841,13
Sr,1,615.8951,49
Pm,2,615.9530,21
Sm,1,615.9560,32
Rb,1,615.9626,53
Ce,1,615.9820,51
Pb,2,615.9890,74
Lu,2,615.9940,45
Zr,1,616.0200,10
Pr,3,616.0240,98
Bi,3,616.0600,32
Na,1,616.0747,21
Ca,3,616.0875,6
In,2,616.1090,91
Pr,2,616.1180,50
Pr,3,616.1220,96
Ca,1,616.1290,66
Ac,2,616.1476,1
Br,2,616.1740,37
Ce,1,616.2140,51
Xe,1,616.2160,2
Ca,1,616.2170,94
Th,1,616.2170,50
In,2,616.2520,95
Pa,1,616.2560,21
Cs,3,616.3051,61
Pm,1,616.3160,60
Ne,1,616.3594,90
Xe,1,616.3661,78
Kr,1,616.3676,50
Ca,1,616.3760,66
Ba,3,616.3773,26
Cs,2,616.3887,2
Xe,1,616.3935,77
Nb,1,616.4320,15
Th,1,616.4479,55
Ac,2,616.4750,78
Pr,1,616.5380,51
Ce,1,616.5450,52
Cs,2,616.5503,30
P,2,616.5590,77
La,1,616.5700,76
Pr,2,616.5940,66
Ca,1,616.6440,78
I,1,616.6440,32
Ra,1,616.7030,68
N,2,616.7760,53
Ac,2,616.7831,40
Dy,1,616.8430,60
I,1,616.8752,59
Kr,2,616.8800,63
Ca,1,616.9060,86
Ca,1,616.9560,89
Th,1,616.9822,93
Er,2,617.0060,14
Ar,1,617.0174,19
Ac,1,617.0180,7
As,2,617.0270,71
V,1,617.0357,31
Sn,1,617.1598,23
Kr,2,617.1770,5
U,1,617.1860,24
Cu,2,617.2033,27
Kr,1,617.2080,18
Ar,2,617.2278,88
La,2,617.2730,21
S,1,617.2770,13
Cs,2,617.2880,17
Eu,2,617.3050,83
Ar,1,617.3096,31
Ca,3,617.3217,29
Ac,2,617.3350,6
S,1,617.3610,51
Ne,1,617.4883,32
S,1,617.4970,12
Ce,1,617.5280,52
Ne,1,617.5284,21
Tm,1,617.5294,30
U,1,617.5390,21
S,1,617.5820,52
Ni,1,617.6810,12
Br,1,617.7389,33
Sc,2,617.8200,11
Xe,1,617.8303,88
Th,1,617.8431,4
Nd,1,617.8590,55
Eu,1,617.8760,75
Xe,1,617.9665,87
Tl,2,617.9980,54
Gd,2,618.0420,11
Tm,2,618.1410,13
Al,2,618.1570,61
Al,2,618.1630,75
Al,2,618.1680,63
Ac,2,618.1740,24
I,1,618.1973,18
Ne,1,618.2146,60
Pr,2,618.2340,22
Xe,1,618.2420,93
Th,1,618.2622,99
Er,2,618.3210,13
Xe,1,618.4160,2
Pm,2,618.4520,22
Xe,2,618.4570,33
Xe,2,618.5030,23
Kr,2,618.5350,10
Ce,1,618.6170,70
Cu,2,618.6877,30
Pr,1,618.7960,38
Ce,1,618.7970,37
La,2,618.8090,15
Th,1,618.8125,57
Eu,1,618.8130,93
Np,1,618.8590,15
Cu,2,618.8676,17
Ne,1,618.9065,32
Xe,1,618.9100,47
Zr,1,618.9400,18
Ni,1,619.1180,13
Xe,1,619.1400,11
Ho,1,619.1680,44
Y,1,619.1720,96
I,1,619.1875,89
Th,1,619.1905,55
Tc,1,619.2665,68
Pu,1,619.2800,68
Zr,1,619.2960,31
Ne,1,619.3066,21
Sc,1,619.3678,70
Xe,2,619.4070,87
Hg,2,619.4289,30
Cl,1,619.4757,31
Pr,3,619.5050,48
Eu,1,619.5070,82
Ce,1,619.5230,37
Ce,1,619.5530,53
Pr,3,619.5630,97
Dy,2,619.6230,1
Hg,2,619.6409,50
Pr,2,619.7450,5
In,3,619.7720,98
Lu,3,619.7960,69
Ce,1,619.8050,53
Lu,3,619.8130,80
Th,1,619.8223,73
Xe,1,619.8260,81
Sc,1,619.8430,70
P,1,619.9024,76
Rb,2,619.9080,87
V,1,619.9191,82
Na,2,619.9260,6
Lu,2,619.9660,46
Cs,3,619.9831,17
Rh,1,619.9990,1
Np,1,620.0000,16
Ra,1,620.0300,96
Rn,1,620.0750,4
Pr,2,620.0810,5
Xe,1,620.0892,73
Xe,1,620.1490,2
Cs,3,620.1849,57
Rb,2,620.2887,18
Th,1,620.3492,91
Sn,1,620.3509,5
La,2,620.3510,7
Sr,1,620.3901,10
Cu,2,620.4257,13
I,2,620.4860,76
Xe,1,620.5350,23
Xe,1,620.5750,12
Ne,1,620.5778,47
Xe,3,620.5960,35
Xe,1,620.6297,47
Rb,1,620.6309,81
Th,1,620.7220,73
Eu,1,620.7600,15
Nd,1,620.8240,33
Ta,1,620.8372,4
Mg,3,620.8440,68
Cu,2,620.8453,6
Ho,1,620.8650,52
Pm,2,620.8910,59
Ce,1,620.8980,71
Ne,3,620.9080,12
Xe,1,620.9110,2
Ne,3,621.0180,12
P,1,621.0499,45
Pr,1,621.0590,39
Sc,1,621.0664,79
F,1,621.0870,47
Ar,1,621.2503,31
Pr,1,621.2730,63
Zr,1,621.3050,39
I,1,621.3098,84
Mn,3,621.3110,15
V,1,621.3865,54
Ne,1,621.3876,60
Ca,3,621.3979,43
Yb,3,621.4220,70
O,2,621.4250,17
Cs,2,621.4472,53
Zn,2,621.4578,94
Zr,1,621.4690,43
Ti,1,621.5230,32
Rb,2,621.5253,3
Np,1,621.5900,18
Ar,1,621.5938,6
V,1,621.6364,82
Ce,1,621.6820,16
Cu,2,621.6939,52
Ne,1,621.7281,90
Re,1,621.7970,3
Pr,1,621.8060,52
La,1,621.8200,8
Cu,2,621.9849,39
La,3,622.0000,58
Hg,3,622.0350,72
Ti,1,622.0472,19
Er,1,622.1020,78
Ti,1,622.1296,11
Lu,2,622.1870,75
Nb,1,622.1960,22
Y,1,622.2578,89
Kr,1,622.2733,70
Cs,3,622.3188,47
Nd,1,622.3390,56
Xe,1,622.4168,65
In,2,622.4270,26
Ne,2,622.4480,41
V,1,622.4504,54
Th,1,622.4527,68
Ca,3,622.5379,15
Ne,1,622.5735,22
Rb,2,622.5828,27
Al,2,622.6180,61
Nd,1,622.6500,34
Lu,2,622.8140,19
I,1,622.8198,22
In,2,622.8368,43
Ce,1,622.8940,71
Be,1,622.9110,29
Ce,1,622.9130,54
Re,1,622.9420,5
Pm,1,622.9640,75
Eu,1,623.0510,16
Kr,2,623.0740,26
V,1,623.0798,81
Xe,1,623.0810,12
Er,1,623.0900,31
In,2,623.1000,30
Mn,3,623.1210,30
Al,2,623.1745,66
P,2,623.2290,13
V,1,623.3195,40
I,1,623.3498,34
La,1,623.3510,41
F,3,623.3570,46
Eu,1,623.3730,71
Ho,1,623.4170,17
Hg,1,623.4360,84
198Hg,1,623.4402,42
Na,2,623.4680,6
Th,1,623.4855,14
La,1,623.4860,42
Pb,1,623.5266,60
Lu,2,623.5360,35
Kr,1,623.6352,76
La,1,623.6740,8
Pr,1,623.6800,57
C,1,623.7265,11
Si,1,623.7320,82
Ce,1,623.7450,64
Pm,1,623.7790,61
Zn,1,623.7896,51
Xe,3,623.8190,61
Si,1,623.8287,20
Sc,3,623.8314,62
La,1,623.8590,19
Mn,3,623.8640,16
Ce,1,623.8710,31
Sc,2,623.8849,38
Tl,2,623.9030,38
Zn,1,623.9169,31
Sc,1,623.9410,71
F,1,623.9651,94
Sc,1,623.9779,71
V,1,624.0139,5
I,1,624.0826,58
Pr,1,624.1050,57
Kr,1,624.1405,57
Ce,1,624.1870,17
Cs,3,624.1947,28
Ce,1,624.1950,0
Xe,1,624.2090,26
Sn,2,624.2100,50
Hg,2,624.2222,91
Lu,2,624.2340,47
I,1,624.2697,33
C,1,624.2699,27
V,1,624.2821,62
Ac,2,624.2832,69
Ce,1,624.2910,31
Th,3,624.2941,89
Cs,3,624.2957,89
V,1,624.3107,87
Ar,2,624.3120,55
I,1,624.3170,33
Re,1,624.3240,6
Cm,1,624.3350,81
Al,2,624.3360,74
Si,1,624.3813,77
I,1,624.3995,57
Mg,3,624.4024,59
Nd,1,624.4080,46
Tc,1,624.4178,63
Pr,2,624.4350,15
10B,1,624.4386,19
Si,1,624.4468,78
I,1,624.4478,82
B,1,624.4570,30
11B,1,624.4613,35
B,1,624.4660,20
11B,1,624.4710,25
I,1,624.4720,27
I,1,624.5376,49
Sc,2,624.5641,97
I,1,624.6112,59
K,2,624.6590,70
Sb,3,624.6700,43
Ne,1,624.6729,47
Yb,2,624.6970,31
Ra,2,624.7160,49
F,2,624.7900,18
Lu,1,624.8800,12
Hf,2,624.8950,14
I,1,624.9139,23
Ta,1,624.9791,14
La,1,624.9930,100
Sc,1,624.9960,71
Eu,1,625.0470,47
C,2,625.0740,15
Kr,3,625.0980,37
Y,1,625.1050,47
Sc,3,625.1698,16
Nb,1,625.1760,10
V,1,625.1822,73
Ce,1,625.3650,38
Rh,1,625.3720,5
Si,1,625.4188,84
Sc,3,625.4264,18
Pr,2,625.5100,6
Ho,1,625.5750,40
Ag,2,625.5896,5
Sc,3,625.6010,91
Ni,1,625.6360,16
Sm,1,625.6540,33
Cs,3,625.6656,64
Ta,1,625.6682,57
Mg,3,625.6750,97
O,1,625.6830,3
V,1,625.6900,32
C,2,625.7117,9
Ac,1,625.7120,5
Zr,1,625.7260,44
Th,1,625.7424,10
I,2,625.7490,58
Nd,1,625.7490,18
Ce,1,625.7990,32
Ti,1,625.8099,76
V,1,625.8571,32
Ne,2,625.8690,60
Ti,1,625.8705,80
Ne,1,625.8788,48
Sc,1,625.8966,79
Xe,3,625.9050,68
Dy,1,625.9090,70
I,1,625.9120,11
C,2,625.9590,23
Na,2,626.0010,17
Re,1,626.0020,7
Dy,1,626.0360,31
Th,2,626.1064,44
Ti,1,626.1096,73
Xe,1,626.1212,69
V,1,626.1232,5
Th,1,626.1418,70
O,1,626.1550,14
Cu,2,626.1848,33
Sc,1,626.2220,54
Eu,1,626.2250,92
La,2,626.2300,73
Pr,2,626.2550,10
Er,1,626.2560,42
I,1,626.2778,18
Pm,2,626.3250,22
Ce,1,626.4270,38
Xe,1,626.5302,65
La,1,626.6020,79
V,1,626.6319,32
Ne,1,626.6495,90
Eu,1,626.6950,48
Zr,1,626.7060,19
Ge,2,626.7141,63
Kr,1,626.7330,18
Er,1,626.7930,37
Ge,2,626.8066,84
Cu,1,626.8300,39
Ge,2,626.8344,79
Ag,1,626.8500,28
Ta,1,626.8700,57
Er,1,626.8870,46
Rb,2,626.9405,70
Ba,3,627.0078,52
Mg,3,627.0250,76
Xe,2,627.0820,91
Sr,1,627.2042,11
Ne,2,627.2420,17
Pm,1,627.2690,61
Ne,1,627.3014,32
Xe,1,627.3230,32
Cu,2,627.3348,54
Te,1,627.3500,11
Cs,2,627.3508,24
Mn,3,627.3710,18
La,2,627.3760,5
Th,2,627.4117,73
V,1,627.4652,62
Na,2,627.4740,17
Yb,2,627.4780,60
Er,1,627.4940,31
Ac,1,627.5669,23
Rb,2,627.5697,54
Ne,1,627.6033,22
Sc,1,627.6302,71
Ce,1,627.6470,39
Cu,2,627.6660,22
Xe,1,627.6990,12
Ne,3,627.7500,4
Xe,2,627.7540,87
Au,1,627.8170,94
Ta,1,627.8336,20
Pr,2,627.8680,11
Ag,2,627.9154,14
Th,2,627.9167,15
Be,2,627.9427,65
Be,2,627.9730,85
Sc,1,627.9740,54
Sc,2,627.9781,95
Ca,3,627.9785,19
Sc,1,628.0130,55
U,2,628.0180,1
Pr,2,628.1280,35
Ta,1,628.1334,25
Xe,1,628.1810,17
Co,1,628.2630,9
In,2,628.3400,5
Ge,2,628.3452,72
Pt,1,628.3483,29
Ne,3,628.3580,5
Sc,1,628.4160,55
Xe,2,628.4410,54
Sc,1,628.4730,55
V,1,628.5160,68
B,2,628.5470,35
Nd,1,628.5790,35
Eu,1,628.5950,16
Xe,1,628.6011,81
Pm,1,628.6060,62
S,2,628.6351,71
Er,1,628.6860,28
S,2,628.6956,91
Sb,3,628.7600,29
Cs,2,628.7612,43
La,1,628.7740,19
Ce,3,628.7790,9
Ta,1,628.7910,14
Ir,1,628.8280,5
La,1,628.8560,16
Pr,1,628.9020,52
Ta,1,628.9336,14
Ne,3,628.9590,5
Gd,2,628.9730,16
I,1,629.0608,33
Hg,2,629.1228,91
Eu,1,629.1340,57
W,1,629.2020,33
C,1,629.2366,42
Tb,1,629.2430,14
Xe,1,629.2649,70
V,1,629.2824,69
Gd,1,629.2870,18
Sc,1,629.3020,55
La,1,629.3570,68
Ne,1,629.3745,48
I,1,629.3978,76
Xe,1,629.4450,40
Ga,2,629.4510,47
Na,2,629.4660,6
Ca,3,629.4885,34
Ga,2,629.4960,37
I,1,629.5239,16
Ce,1,629.5580,72
La,2,629.6090,66
Xe,2,629.6390,15
V,1,629.6490,62
Ar,1,629.6872,19
I,1,629.7000,42
Nd,1,629.7070,19
Ga,2,629.7097,76
Pr,1,629.8010,27
Ga,2,629.8199,58
Xe,2,629.8310,33
Rb,1,629.8325,87
Ra,2,629.8560,8
Rb,1,629.9225,31
Er,1,629.9420,38
Tm,2,629.9460,13
Zr,1,629.9660,52
Eu,1,629.9770,86
Ce,1,630.0210,61
Sc,2,630.0746,60
Xe,2,630.0860,69
Cu,2,630.1014,43
Fe,1,630.1501,36
Al,3,630.1850,16
Pr,1,630.2050,28
Pr,2,630.2350,6
Sc,2,630.2625,49
Sb,2,630.2764,33
Eu,2,630.3410,76
Kr,2,630.3690,79
Ti,1,630.3754,5
Se,3,630.3800,48
Pr,1,630.4050,47
Pu,1,630.4660,69
Ne,1,630.4789,48
In,2,630.4874,47
Gd,2,630.5150,15
Pr,2,630.5230,6
Ho,1,630.5360,52
La,2,630.5460,10
S,2,630.5483,94
Sc,1,630.5661,80
Cu,2,630.5971,17
Sc,1,630.6031,72
Ce,1,630.6640,32
Ho,1,630.6680,20
Cs,3,630.7271,4
K,2,630.7290,80
Ba,3,630.7371,3
Sc,3,630.7595,84
Ar,1,630.7657,39
Ne,2,630.7660,61
Re,1,630.7700,35
Yb,2,630.8150,5
Ce,3,630.8160,29
Pm,1,630.8290,76
Er,1,630.8770,62
Ta,1,630.9065,20
Ta,1,630.9579,57
Sc,1,630.9880,56
Sc,2,630.9914,56
Ce,1,631.0010,72
La,1,631.0140,16
Kr,3,631.0220,71
Pr,3,631.0360,72
Ga,2,631.0368,48
Nd,1,631.0490,65
Sn,1,631.0617,18
La,2,631.0920,21
Cu,2,631.1301,31
Ti,1,631.2234,6
Ta,1,631.2237,4
Cu,2,631.2491,22
I,1,631.2498,54
S,2,631.2661,84
Kr,3,631.2720,45
Zr,1,631.3020,73
I,1,631.3128,82
Ne,1,631.3686,60
Eu,1,631.3780,23
Ga,2,631.4200,59
Pm,2,631.4200,23
Si,3,631.4460,44
Ni,1,631.4660,13
Zr,1,631.4710,17
Xe,1,631.4970,41
Cs,3,631.7152,17
Gd,1,631.7190,17
Rb,2,631.7300,0
Np,1,631.7840,19
Fe,1,631.8017,41
Xe,1,631.8062,96
La,1,631.8260,17
Pt,1,631.8361,41
Eu,1,631.8580,16
Mg,1,631.8716,64
Ga,2,631.9161,77
Mg,1,631.9236,59
Mg,1,631.9493,49
Rh,1,631.9530,18
La,2,632.0390,61
Sc,2,632.0843,60
Zr,1,632.1350,27
Re,1,632.1900,35
Pr,1,632.2360,77
I,1,632.3818,21
Pm,1,632.3840,89
Ta,1,632.5083,29
Cd,1,632.5166,66
Cu,1,632.5450,3
Se,1,632.5600,65
La,1,632.5910,82
Er,1,632.6130,43
Pt,1,632.6582,50
Th,1,632.7278,63
Ne,1,632.8165,75
Yb,3,632.8520,78
Cd,1,633.0013,34
Cr,1,633.0091,73
I,1,633.0366,76
Ne,1,633.0889,60
Ag,2,633.1275,8
Gd,1,633.1350,21
Xe,1,633.1500,47
Tb,2,633.1680,11
Si,1,633.1954,30
Ta,1,633.2907,21
I,1,633.3498,64
Gd,1,633.3750,11
Xe,1,633.3970,65
Ga,2,633.4069,99
Ne,1,633.4428,91
Ir,1,633.4440,2
Tb,2,633.4910,2
Fe,1,633.5330,51
Ce,1,633.5360,1
Th,3,633.5406,91
Br,1,633.5480,18
Al,2,633.5701,51
C,1,633.5704,8
Eu,1,633.5820,64
Cs,3,633.5878,80
Ti,1,633.6096,16
Gd,1,633.6340,11
Ge,2,633.6377,81
Fe,1,633.6824,59
Ra,1,633.6900,86
Sc,2,633.7057,38
C,1,633.7196,23
Ce,1,633.7210,17
In,2,633.7215,27
Xe,1,633.7580,26
Rb,2,633.7636,39
I,1,633.7846,91
I,1,633.9438,85
Ac,1,634.0100,34
Zr,1,634.0360,8
Ce,1,634.0700,33
Ta,1,634.1173,25
Np,1,634.1380,20
Ba,1,634.1680,98
Ce,3,634.1750,10
Sc,2,634.2032,12
C,1,634.2315,56
Th,1,634.2859,88
Dy,1,634.3320,8
Cs,2,634.3764,19
Pr,1,634.3880,63
Xe,2,634.3960,87
Tm,1,634.4748,30
Sc,1,634.4821,56
Zr,1,634.5220,35
Lu,1,634.5350,42
Sr,1,634.5726,89
Ta,1,634.6020,9
Kr,1,634.6682,70
Mg,2,634.6737,79
Mg,2,634.6962,74
Sc,2,634.6981,49
Si,2,634.7100,99
Er,2,634.7160,9
La,3,634.8210,60
F,1,634.8508,92
B,2,634.9150,8
Te,1,634.9520,30
Eu,1,635.0040,80
Br,1,635.0730,98
Re,1,635.0750,12
Pr,1,635.0980,53
Gd,1,635.1720,17
Ne,1,635.1853,48
Kr,1,635.1915,51
Tm,1,635.2660,51
Br,2,635.2940,80
Xe,2,635.3200,54
Sn,1,635.4158,6
Ho,1,635.4350,30
Cd,2,635.4724,88
In,2,635.4740,24
Lu,1,635.4850,14
Fe,1,635.5029,5
I,1,635.5567,41
Xe,1,635.5770,47
Eu,1,635.5890,57
Ta,1,635.6139,29
Xe,2,635.6350,95
B,2,635.6810,7
Pr,1,635.7200,64
Cu,2,635.7414,27
La,2,635.8130,21
Pa,1,635.8610,23
Fe,1,635.8697,30
Pr,1,635.9030,79
I,1,635.9160,45
U,1,635.9290,19
Ac,1,635.9860,91
Cd,2,635.9982,91
Ba,3,636.0133,16
Hg,2,636.0199,46
La,1,636.0220,42
Ta,1,636.0839,25
Na,2,636.1150,7
Pr,3,636.1650,49
Sc,2,636.2040,76
In,2,636.2252,47
Zn,1,636.2346,66
Cr,1,636.2862,54
Rb,2,636.3009,18
F,3,636.3050,73
Gd,1,636.3230,12
Sr,1,636.3910,34
Ne,1,636.4996,49
Lu,1,636.5790,5
Yb,3,636.5880,12
Lu,1,636.6000,13
I,1,636.6050,46
O,1,636.6340,15
Ti,1,636.6344,20
Na,2,636.6410,7
I,1,636.6670,23
Te,2,636.7127,64
P,2,636.7270,54
I,1,636.7280,73
Kr,1,636.8321,39
Eu,1,636.9250,58
Cu,3,636.9270,8
S,2,636.9342,25
Ar,1,636.9575,20
Sr,1,636.9918,64
Ca,3,637.0113,35
Sc,2,637.0467,96
Si,2,637.1360,100
I,1,637.1680,78
Th,1,637.1944,10
U,1,637.2460,28
Ho,1,637.2590,30
Cs,3,637.2618,57
Ta,1,637.3055,14
Kr,1,637.3590,76
Ho,1,637.3860,9
O,1,637.4320,16
Th,3,637.4826,57
Xe,2,637.5280,69
P,1,637.5681,30
I,1,637.6330,49
Cm,1,637.6710,82
Th,1,637.6930,60
Ba,3,637.7106,66
Cu,2,637.7248,18
Pr,1,637.7610,47
Cu,2,637.7842,33
Tl,2,637.8320,56
Yb,3,637.8330,72
U,2,637.8520,2
Pr,1,637.8590,48
I,1,637.8697,46
C,1,637.8791,16
Sc,1,637.8816,72
Pa,1,637.9250,25
N,2,637.9620,66
Rn,1,638.0450,5
Sr,1,638.0728,81
Gd,2,638.0950,4
Eu,1,638.2730,48
Ne,1,638.2991,91
Ba,3,638.3763,67
Eu,1,638.3860,64
Mn,1,638.4670,2
Ar,1,638.4717,47
S,2,638.4893,81
Ti,3,638.5560,74
Sr,1,638.6458,86
Dy,1,638.6800,36
Ce,1,638.6840,65
Ac,2,638.7390,1
Ca,3,638.7552,28
Er,1,638.8190,38
Sr,1,638.8203,75
Cs,3,638.8397,29
P,1,638.8579,9
Ta,1,638.9447,34
Pr,1,638.9570,28
C,1,638.9871,58
Pm,1,639.0310,76
La,2,639.0480,63
Kr,2,639.1150,53
Pr,1,639.1990,53
Ta,1,639.2209,0
U,1,639.2770,19
Pr,1,639.3180,74
Fe,1,639.3601,84
La,1,639.4230,98
Hg,2,639.4890,90
Kr,3,639.5090,2
Ce,1,639.5160,18
S,1,639.5170,21
I,1,639.5329,0
U,1,639.5420,32
S,1,639.6080,4
Ga,1,639.6561,83
Dy,2,639.6600,4
S,1,639.6640,24
S,2,639.7359,88
Pr,2,639.7960,15
C,1,639.7979,77
S,2,639.7990,81
Xe,2,639.7990,59
Cl,1,639.8660,32
La,2,639.9050,31
Fe,1,640.0001,89
Fe,1,640.0317,31
Yb,1,640.0350,30
Eu,1,640.0930,80
Ne,1,640.1076,49
Tm,1,640.1439,41
Y,1,640.2007,63
Ne,1,640.2248,95
Cu,2,640.3384,4
S,1,640.3580,36
Ag,2,640.3600,7
Am,1,640.5110,72
Eu,1,640.6110,39
Ba,3,640.6154,30
Te,1,640.6190,12
Th,1,640.6446,2
Ne,3,640.6580,19
Mg,3,640.6619,81
Tm,1,640.6823,9
Zr,1,640.7000,19
Fe,1,640.8018,62
S,1,640.8130,48
Sr,1,640.8463,98
Gd,1,640.8550,16
P,3,640.9204,9
Ne,1,640.9747,61
Kr,2,640.9840,26
Eu,1,641.0040,88
Kr,1,641.0172,45
Br,1,641.0322,43
Pr,1,641.0690,19
Rb,2,641.0848,39
La,1,641.0990,92
Ba,1,641.1112,12
Cu,2,641.1142,8
I,1,641.1220,14
Pr,1,641.1230,79
Eu,1,641.1320,82
Fe,1,641.1649,79
N,1,641.1650,16
Th,1,641.1899,81
Xe,1,641.2380,32
Rb,2,641.3167,42
Sc,1,641.3339,72
Ho,1,641.3410,20
Ga,1,641.3447,79
C,1,641.3553,64
Th,1,641.3614,2
F,1,641.3651,90
Pr,2,641.3680,11
S,2,641.3706,80
Cu,2,641.4569,17
Cu,2,641.4625,27
Pr,1,641.5430,20
S,1,641.5500,57
Kr,1,641.5679,71
I,1,641.5699,39
Ar,1,641.6307,66
Kr,2,641.6600,68
Mg,3,641.7036,18
C,1,641.7544,41
Yb,1,641.7910,31
Xe,1,641.8410,57
Xe,2,641.8580,33
S,3,641.8882,41
Hg,3,641.8980,82
Xe,1,641.8980,58
Ga,2,641.9239,97
Cs,2,641.9525,87
Fe,1,641.9949,40
Kr,2,642.0200,93
Sc,2,642.0300,56
N,1,642.0640,35
Kr,1,642.1027,91
Mg,3,642.1224,59
Fe,1,642.1350,82
Ne,1,642.1704,49
Dy,1,642.1920,44
N,1,642.3020,37
Cu,2,642.3884,33
Mo,1,642.4354,10
Ca,3,642.4509,40
Gd,1,642.4520,12
Ac,2,642.4580,22
K,2,642.7960,57
Eu,1,642.8290,48
N,1,642.8320,38
Sn,2,642.8400,72
Ta,1,642.8600,25
C,1,642.9240,21
Pr,3,642.9260,82
Pr,2,642.9630,16
Pm,2,642.9640,23
Ce,1,643.0070,73
Xe,1,643.0155,48
Nb,1,643.0460,26
Ta,1,643.0790,73
Fe,1,643.0846,79
Tm,2,643.0940,4
Pr,2,643.1840,16
Pm,1,643.1930,77
Ca,3,643.1971,18
Er,1,643.2530,20
Yb,2,643.2730,13
Nb,1,643.3220,16
Zr,1,643.4330,19
Ce,1,643.4390,54
I,1,643.4488,1
Cl,1,643.4833,27
Y,1,643.5022,96
P,2,643.5320,62
P,2,643.6310,26
Ce,1,643.6400,61
Dy,1,643.6550,5
Pm,2,643.6570,24
In,2,643.7006,16
Y,1,643.7170,32
Eu,2,643.7640,92
N,1,643.7680,17
Cd,1,643.8469,99
Th,3,643.8663,23
Ra,1,643.8900,40
Pa,1,643.8970,26
Ca,1,643.9070,99
Th,1,643.9071,71
Eu,1,643.9930,19
Tm,1,644.0540,30
Hg,2,644.0547,21
N,1,644.0940,46
Mn,1,644.0970,7
Lu,1,644.1140,17
Cu,2,644.1677,18
Cu,2,644.1737,8
I,1,644.2578,14
Se,2,644.4200,82
Ta,1,644.4610,15
Ne,1,644.4712,61
Pr,3,644.4740,82
Lu,2,644.4890,7
W,1,644.5120,6
Zr,1,644.5740,31
Ta,1,644.5870,9
Ce,1,644.6120,55
Ra,1,644.6200,90
La,2,644.6610,22
Sr,1,644.6654,49
Tb,2,644.6870,2
Ti,3,644.7730,38
Ac,1,644.7821,58
Sc,1,644.8077,56
La,1,644.8110,23
Cu,2,644.8558,35
Kr,1,644.8799,57
U,1,644.9160,34
Pu,1,644.9750,69
Ca,1,644.9810,94
Co,1,645.0240,16
La,1,645.0340,9
Ta,1,645.0360,64
Xe,1,645.0480,24
Ba,1,645.0851,92
Zr,1,645.1620,3
Xe,1,645.1790,32
V,1,645.2344,8
Pr,1,645.3440,48
Cs,3,645.3514,65
Sn,2,645.3542,90
O,1,645.3600,74
N,3,645.4110,36
O,1,645.4440,78
La,1,645.4520,79
I,1,645.4995,6
Co,1,645.5000,9
Ca,1,645.5600,67
Tc,1,645.5896,82
Ga,2,645.5923,96
O,1,645.5980,81
La,1,645.5990,93
Pr,1,645.6180,16
Kr,1,645.6289,93
Cs,3,645.6328,91
Te,1,645.6700,20
Ca,2,645.6870,62
Th,1,645.7282,100
Zr,1,645.7630,3
N,1,645.7900,19
Eu,1,645.7960,80
Ce,1,645.8030,73
Rb,2,645.8332,98
Ta,1,645.9920,10
P,2,645.9990,96
Pr,1,646.0190,16
Tm,1,646.0261,86
Dy,1,646.0830,0
Th,3,646.1060,64
Xe,2,646.1480,15
Xe,1,646.1500,3
C,2,646.1850,79
Tc,1,646.1928,63
Ca,1,646.2570,98
Th,1,646.2613,35
Th,2,646.2649,50
Fe,1,646.2725,36
Sc,2,646.3013,89
Lu,2,646.3120,61
Yb,2,646.3150,7
F,1,646.3500,60
I,1,646.4790,27
Cd,2,646.4936,89
U,1,646.4980,22
Sr,1,646.5774,43
Yb,3,646.6330,38
N,3,646.7020,59
Ce,1,646.7390,65
La,1,646.8440,9
N,1,646.8440,60
In,2,646.8975,51
Ac,1,646.9682,67
Xe,1,646.9705,94
Ba,3,646.9779,31
Cu,2,647.0160,24
Zr,1,647.0210,48
Gd,1,647.0290,14
Cs,2,647.0476,48
Eu,1,647.0700,9
Kr,2,647.0920,63
Sc,2,647.1496,25
Ca,1,647.1660,91
Ho,1,647.1770,25
Xe,1,647.2841,88
Cs,3,647.3314,40
Sc,2,647.3360,70
Be,1,647.3539,58
Ce,1,647.3720,74
Cu,1,647.4200,26
Ra,1,647.4470,22
Dy,1,647.4910,1
Bi,1,647.6240,14
I,1,647.7387,6
Lu,1,647.7670,21
Sc,2,647.7790,89
O,2,647.7910,27
Pr,2,647.8020,6
Ho,1,647.9170,7
Zn,1,647.9184,38
I,1,647.9238,38
I,1,647.9886,27
Cu,2,648.1436,24
N,1,648.1710,57
N,2,648.2050,94
N,1,648.2700,68
Ba,1,648.2908,99
Eu,1,648.3020,19
Ar,2,648.3083,67
Br,1,648.3562,27
Dy,2,648.3590,1
N,1,648.3750,62
O,2,648.3979,49
Ge,2,648.4181,82
P,3,648.4440,12
N,1,648.4800,65
Cu,1,648.5180,3
Ca,3,648.5348,41
Ta,1,648.5370,83
La,1,648.5550,29
Nd,1,648.5690,47
Er,1,648.5870,25
P,3,648.6381,16
Pr,1,648.6550,78
Dy,1,648.6590,26
Pu,1,648.6710,70
Ra,1,648.7320,92
Pm,1,648.7610,62
Xe,1,648.7765,87
Kr,1,648.8069,63
I,1,648.8089,42
Pu,1,648.8860,71
Yb,1,648.9060,83
Cs,3,648.9065,29
Zr,1,648.9640,49
Ti,3,649.0140,57
Se,2,649.0500,58
Tm,1,649.0703,30
Th,1,649.0737,51
Ce,1,649.0970,47
N,1,649.1220,8
Tc,1,649.1676,28
Mn,1,649.1710,9
Pr,1,649.1750,75
O,2,649.1924,38
Er,1,649.2350,43
Zr,1,649.3100,8
Pr,1,649.3490,17
Ca,1,649.3780,96
Cu,2,649.4029,31
Pr,1,649.4890,29
Fe,1,649.4980,94
Sc,1,649.5360,88
Cs,2,649.5533,94
O,2,649.5802,38
Fe,1,649.6466,12
Sc,2,649.6510,77
Ba,2,649.6898,84
Pr,1,649.7110,64
Xe,1,649.7430,58
Bi,2,649.7700,46
La,2,649.8190,25
Rb,2,649.8235,39
Xe,1,649.8717,82
Ba,1,649.8760,98
Fe,1,649.8939,14
N,1,649.9540,40
Ca,1,649.9650,90
Pr,3,650.0040,91
Xe,1,650.0370,41
Sc,2,650.0461,89
Pr,1,650.0720,65
Hg,3,650.1380,84
Pr,3,650.1490,82
Eu,1,650.1550,44
Zr,1,650.3260,27
P,2,650.3460,98
Sr,1,650.3989,95
Pr,1,650.4090,17
Xe,1,650.4180,90
Ti,3,650.4600,11
Kr,1,650.4904,58
Ta,1,650.5520,26
Ag,2,650.5747,8
N,1,650.6310,20
Zr,1,650.6360,27
Ne,1,650.6528,94
P,2,650.7970,99
Kr,1,650.8369,32
O,2,650.9711,6
Kr,2,651.0140,18
Cm,1,651.0160,83
Pm,1,651.0340,63
Rh,1,651.0410,5
O,2,651.0622,7
O,2,651.0752,57
Kr,2,651.0960,80
Mg,3,651.1429,34
Re,1,651.1470,10
As,2,651.1740,12
Ne,2,651.1789,17
Th,1,651.2364,30
Cu,3,651.2540,2
Xe,2,651.2830,88
Na,2,651.4210,22
Ta,1,651.4390,39
Br,1,651.4620,6
Ho,1,651.5300,5
Rb,2,651.5838,39
Ta,1,651.6100,40
Sc,2,651.6137,12
Pr,1,651.7140,14
Pm,1,651.7250,77
Ce,1,651.7310,55
Fe,1,651.8367,12
Tb,1,651.8680,29
Cs,3,651.8981,29
Pm,2,651.9430,60
Eu,1,651.9590,58
Rh,1,651.9700,9
Tm,1,651.9778,31
Pm,1,652.0450,100
Hg,2,652.1092,94
Xe,1,652.1508,66
Eu,1,652.2720,17
Lu,1,652.3180,37
Pt,1,652.3433,72
Si,3,652.4360,25
Na,2,652.4680,17
Sc,1,652.5550,98
Ba,3,652.6166,52
Si,1,652.6609,31
Tc,1,652.6817,29
La,2,652.6990,50
Si,1,652.7199,32
Ba,1,652.7311,97
Xe,2,652.8650,82
Ra,1,652.8920,22
La,2,652.9730,2
Cu,2,653.0082,19
Na,2,653.0698,41
Th,1,653.1342,92
V,1,653.1421,33
Cl,1,653.1430,28
Ra,1,653.2080,42
Ne,1,653.2882,49
Xe,1,653.3159,82
Pr,1,653.4520,14
Se,2,653.5000,62
Pu,1,653.5270,71
S,1,653.5610,23
Ac,2,653.5809,14
S,1,653.6410,43
Cs,2,653.6445,95
Kr,1,653.6552,51
S,1,653.6670,27
Sc,2,653.6765,90
S,1,653.7960,11
Ar,1,653.8112,39
Gd,1,653.8150,21
Y,1,653.8568,68
S,1,653.8570,56
Ca,3,653.8778,25
Ho,1,653.8990,6
Ne,2,653.9492,17
Pr,1,654.0470,49
In,2,654.1180,34
Er,1,654.1570,20
Pm,1,654.2200,78
Ca,3,654.2236,25
Sc,2,654.2572,12
Al,3,654.3120,17
La,1,654.3160,84
Xe,1,654.3360,66
Cs,3,654.3970,70
Na,2,654.4036,41
Am,1,654.4160,43
Pu,1,654.4210,72
Br,1,654.4571,78
Nb,1,654.4610,19
Na,2,654.5753,42
Ra,1,654.5930,42
Mg,2,654.5973,86
Xe,1,654.6120,48
Fe,1,654.6239,80
Ti,1,654.6266,28
Sr,1,654.6791,64
I,1,654.7336,38
Ti,3,654.7750,74
Be,2,654.7886,86
Br,1,654.8091,19
Eu,1,654.9120,5
Gd,1,654.9250,16
Tl,1,654.9840,52
O,2,655.0144,77
Sc,2,655.0215,90
Sr,1,655.0244,90
Zr,1,655.0540,19
Ne,2,655.0653,18
Ho,1,655.0970,53
Ce,1,655.1700,56
Na,2,655.2432,17
Pr,1,655.3300,7
Xe,1,655.3660,12
Th,1,655.4160,59
Xe,1,655.4196,70
Ti,1,655.4222,41
Cm,1,655.4410,84
Si,1,655.5462,32
Kr,1,655.5534,18
Rb,2,655.5625,87
Ce,1,655.5650,76
Kr,1,655.5695,48
Ti,1,655.6061,52
Al,3,655.6180,19
Y,1,655.7369,61
Ge,1,655.7488,23
Rn,1,655.7490,45
Sc,1,655.7840,98
Dy,1,655.8020,11
Sc,1,655.8200,97
Be,2,655.8365,87
Pm,2,655.8480,24
Sc,2,655.8681,90
Cs,3,655.9510,13
Cu,2,655.9657,19
Br,1,655.9799,96
Xe,1,655.9970,54
Ho,1,656.0080,10
Xe,1,656.0650,13
I,1,656.0797,64
Rb,2,656.0814,97
Cs,2,656.1046,3
Ta,1,656.1600,4
Au,1,656.2680,78
H,1,656.2790,99
Xe,2,656.3190,24
Co,1,656.3420,6
Ta,1,656.4260,4
Cu,2,656.4492,8
Be,1,656.4521,67
Gd,1,656.4780,26
I,1,656.4834,43
O,2,656.5283,93
Kr,2,656.5320,5
La,1,656.5440,32
Np,1,656.6110,21
I,1,656.6470,86
Pr,2,656.6770,16
Cd,2,656.7648,30
Eu,1,656.7870,64
Xe,1,656.8390,58
Sc,2,656.8670,38
C,1,656.8708,48
Fe,1,656.9215,47
Sc,1,656.9300,80
Zr,1,656.9430,17
F,1,656.9694,51
Sn,2,656.9700,74
Kr,2,657.0080,84
I,1,657.0379,51
La,2,657.0960,1
Pr,1,657.1030,7
O,2,657.1100,86
B,2,657.1300,1
Br,1,657.1312,7
Sc,2,657.1725,61
Ca,1,657.2780,72
Xe,2,657.3680,41
Gd,1,657.3800,0
Tb,2,657.4040,2
Ta,1,657.4840,40
Fe,1,657.5015,22
I,1,657.5340,56
Sc,1,657.5350,80
Tm,1,657.5542,13
Ti,3,657.5780,26
Sc,2,657.5815,66
Kr,1,657.6420,71
Zr,1,657.6560,3
Y,1,657.6862,41
Re,1,657.7110,7
Bi,2,657.7200,11
Th,1,657.7214,55
I,1,657.7680,32
Pr,1,657.8000,1
C,2,657.8048,98
Sc,1,657.8100,89
La,1,657.8510,85
C,1,657.8772,43
I,1,657.8776,27
Pr,3,657.8900,72
Ce,1,657.9100,62
Br,1,657.9139,28
Tc,1,657.9243,8
Dy,1,657.9370,67
F,1,658.0389,37
I,1,658.0526,68
Sc,2,658.1267,77
I,1,658.1300,3
Tb,1,658.1820,30
Br,1,658.2171,79
La,1,658.2190,3
C,2,658.2876,96
I,1,658.2920,66
Xe,1,658.3270,48
Ba,3,658.3333,42
Er,1,658.3480,46
I,1,658.3727,92
I,1,658.3750,77
Th,1,658.3906,98
Hg,3,658.4260,55
Y,1,658.4856,30
I,1,658.5257,88
Ra,1,658.5410,58
C,1,658.6273,43
Pm,2,658.6390,25
C,1,658.7608,93
Th,1,658.8539,96
Xe,1,659.0860,27
C,1,659.1446,27
Th,1,659.1484,94
Gd,1,659.1600,18
Zr,1,659.1990,27
Pm,2,659.2290,25
Re,1,659.2520,8
Fe,1,659.2913,75
Ra,2,659.3340,81
Gd,1,659.3420,11
La,1,659.3460,55
Eu,1,659.3790,44
Fe,1,659.3870,61
Th,1,659.3939,82
K,2,659.5000,16
Xe,2,659.5010,97
C,1,659.5240,28
Ba,1,659.5325,95
Cs,3,659.5363,71
Pr,1,659.5480,30
Xe,1,659.5561,82
Cs,3,659.5819,29
C,1,659.6849,39
V,3,659.7200,8
Sc,2,659.7210,66
Xe,2,659.7250,88
Pm,1,659.8150,98
Pm,1,659.8660,94
Xe,2,659.8840,62
Ne,1,659.8953,91
Ti,1,659.9105,48
Ra,1,659.9470,44
Th,3,659.9482,99
Ca,3,659.9648,17
La,1,660.0170,42
Bi,2,660.0339,85
Ho,1,660.0580,35
Cs,3,660.0776,60
Er,1,660.1110,50
C,1,660.2416,59
Xe,1,660.2870,13
Kr,3,660.2900,71
Ne,1,660.2901,50
Zr,1,660.3270,28
Eu,1,660.3550,20
Sc,2,660.4578,96
Ar,1,660.4853,40
O,1,660.4910,4
Ho,1,660.4940,76
Tm,1,660.4955,76
Kr,2,660.5010,34
Kr,1,660.5120,18
Re,1,660.5190,15
Th,2,660.5416,22
C,1,660.5785,28
Ce,1,660.6350,39
Pm,1,660.6370,90
Rn,1,660.6430,46
Tb,2,660.7170,9
Xe,1,660.7410,58
Ho,1,660.7470,45
La,1,660.8260,56
Xe,1,660.8870,32
Pu,1,660.8950,73
Fe,1,660.9110,25
Pr,1,660.9860,43
Hg,3,661.0120,35
Sc,2,661.0453,25
N,2,661.0560,95
Sc,2,661.0683,77
Sc,2,661.1122,12
Lu,2,661.1280,21
C,1,661.1354,68
Sb,1,661.1380,2
Ti,3,661.1380,89
Ta,1,661.1950,44
Ce,1,661.2060,57
Te,1,661.3400,23
Y,2,661.3731,41
Nb,1,661.4150,4
Xe,2,661.4960,15
Pr,3,661.6460,49
La,1,661.6590,61
Pr,1,661.6670,80
C,1,661.7241,22
Sr,1,661.7266,83
Sc,2,661.8088,26
Ac,1,661.8190,35
Xe,2,661.8400,54
Mo,1,661.9134,53
Lu,2,661.9150,9
Xe,3,661.9330,75
I,1,661.9639,94
Th,2,661.9946,51
Xe,2,662.0020,82
Sc,1,662.0210,95
Mg,2,662.0440,35
Br,1,662.0469,20
Mg,2,662.0569,43
Cs,2,662.0858,56
Ag,1,662.1170,53
Ta,1,662.1300,30
Ti,3,662.1580,97
Cu,1,662.1610,46
Y,1,662.2481,21
N,1,662.2540,22
Cf,1,662.2830,71
Ce,1,662.3000,2
Bi,3,662.3230,45
Re,1,662.3910,5
Cs,3,662.4435,70
Ir,1,662.4730,0
Pm,1,662.5230,95
Xe,3,662.5460,13
Ga,2,662.5530,86
Pm,2,662.5540,26
Tc,1,662.5573,59
Rn,1,662.7230,63
Tm,1,662.7248,14
O,2,662.7385,84
Cs,2,662.8007,76
Ho,1,662.8350,7
Ce,1,662.8930,66
Ho,1,662.8990,61
Ti,3,662.9370,81
Cu,1,662.9670,3
Cr,1,663.0011,14
Nd,1,663.0140,57
Rh,1,663.0160,9
Mg,1,663.0834,21
Pr,1,663.1000,8
Cf,1,663.1260,75
Br,1,663.1619,97
Pr,1,663.2060,40
Ho,1,663.2240,11
Co,1,663.2440,6
Xe,1,663.2464,70
Xe,2,663.4130,3
Gd,2,663.4360,5
Kr,2,663.4370,34
Be,2,663.6440,55
Y,1,663.6499,24
La,2,663.6530,3
N,1,663.6940,23
Ar,2,663.8220,71
Cs,3,663.8888,36
Ar,2,663.9740,59
Gd,1,664.0080,19
Cm,1,664.0170,85
O,2,664.1054,98
Gd,1,664.2760,0
La,2,664.2790,15
Sc,1,664.2830,83
Dy,1,664.3370,9
Sr,1,664.3536,52
Yb,1,664.3550,14
Ni,1,664.3640,19
Ar,2,664.3697,84
Gd,1,664.3980,19
Cu,3,664.4130,4
I,1,664.4260,6
La,1,664.4410,43
Ti,3,664.4510,26
Hf,2,664.4600,11
N,1,664.4960,47
Eu,2,664.5110,93
La,1,664.5160,20
Ra,1,664.5950,24
Sc,2,664.6428,38
N,1,664.6500,25
Cs,2,664.6566,94
Hg,2,664.6684,67
Gd,1,664.6850,1
Hf,2,664.7060,6
Pr,1,664.7120,42
Sb,2,664.7440,94
Ti,3,664.7470,91
Pt,1,664.8305,28
Cs,3,664.8458,55
Te,2,664.8580,30
Xe,1,664.8750,3
Pm,1,664.9810,90
F,1,665.0405,48
Y,1,665.0601,44
I,1,665.0790,11
La,1,665.0810,71
Ce,1,665.0890,33
C,1,665.1000,50
Na,2,665.1500,7
Kr,3,665.1750,72
Ne,1,665.2092,61
Kr,1,665.2235,80
Re,1,665.2390,4
Au,1,665.2890,59
Ho,1,665.2980,2
Ra,1,665.3330,24
N,1,665.3460,49
Gd,1,665.3550,1
O,1,665.3830,17
C,1,665.3946,29
Ba,1,665.4114,36
C,1,665.4609,61
Cs,3,665.5079,40
C,1,665.5509,85
Nd,1,665.5670,42
Xe,3,665.6170,75
N,1,665.6510,41
Pr,2,665.6830,26
Tm,1,665.7720,57
Xe,1,665.7920,48
Dy,1,665.8360,13
Sc,2,665.8552,49
Tm,1,665.8639,22
Pm,2,665.9050,84
I,1,665.9490,3
Pb,2,666.0200,99
I,1,666.0338,46
Si,2,666.0520,51
Ar,1,666.0676,6
Nb,1,666.0840,58
Cu,2,666.0961,3
I,1,666.1097,79
Sn,2,666.1100,79
Pm,2,666.1250,26
La,1,666.1400,76
Ce,1,666.1410,2
Dy,1,666.1640,26
Cl,2,666.1670,48
Pm,1,666.1680,78
I,1,666.2078,80
Th,1,666.2269,91
Ho,1,666.2520,11
C,1,666.2733,59
C,1,666.3044,77
Cm,1,666.3250,86
Fe,1,666.3442,58
Pm,1,666.3760,63
Cs,2,666.3864,55
Ar,1,666.4051,7
Y,1,666.4420,28
Xe,1,666.4850,13
Si,2,666.5000,21
Ce,1,666.5590,34
Cs,3,666.5742,34
I,2,666.5960,53
Eu,3,666.6350,96
Ar,2,666.6359,66
O,2,666.6667,57
Ne,1,666.6892,50
Xe,1,666.6965,74
Pm,1,666.7510,95
Yb,1,666.7820,76
Dy,1,666.7860,53
Ti,3,666.7990,97
Xe,1,666.8920,88
Rn,1,666.9600,7
La,2,667.1400,22
Sm,1,667.1510,38
C,1,667.1840,78
Si,2,667.1880,68
Cu,1,667.2230,26
Tm,1,667.2337,1
Pu,1,667.2720,74
Pr,2,667.3410,22
Tc,1,667.3656,43
Ta,1,667.3730,40
Pr,2,667.3780,27
C,1,667.4110,69
I,1,667.4139,14
Ti,3,667.4190,94
Th,1,667.4697,11
Ba,1,667.5270,89
Ta,1,667.5530,59
Lu,1,667.7140,18
Sr,3,667.7275,18
Ar,1,667.7282,72
Nb,1,667.7330,45
Pm,1,667.7470,91
O,2,667.7862,49
Cf,1,667.7900,79
Tb,2,667.7940,25
Fe,1,667.7986,81
Zr,2,667.8010,0
He,1,667.8151,88
Yb,1,667.8170,8
Ne,1,667.8277,82
W,1,667.8420,54
Cl,1,667.8430,29
Xe,1,667.8972,54
Ho,1,668.0460,18
Pm,2,668.0890,60
Xe,1,668.1036,49
Gd,2,668.1230,1
Ho,1,668.1620,21
S,2,668.1834,3
Br,1,668.2281,80
I,1,668.3916,45
C,1,668.3954,70
Ta,1,668.4000,10
Ba,3,668.4007,31
Ar,2,668.4292,80
Xe,1,668.4790,59
Eu,1,668.5210,24
Pm,1,668.5550,78
Pm,1,668.5680,79
Cl,2,668.6020,45
Ir,1,668.6080,4
Ce,1,668.6600,40
Cm,1,668.6870,88
Y,1,668.7570,80
Sb,2,668.8010,57
Zr,1,668.8180,8
Cs,3,668.8247,36
C,1,668.8787,70
Ru,1,669.0000,2
Pm,2,669.0090,40
Te,1,669.0140,24
F,1,669.0481,78
Ac,1,669.1270,93
Y,1,669.1830,21
Br,1,669.2130,64
Gd,1,669.2860,1
La,1,669.2870,50
Tm,1,669.2931,22
Ba,1,669.3842,88
Eu,1,669.3960,71
Ho,1,669.4320,45
Xe,2,669.4320,91
Y,1,669.4830,11
Ac,2,669.5232,59
Al,1,669.6015,93
Al,2,669.6390,11
Ag,2,669.7223,11
I,1,669.7290,67
I,1,669.8099,30
I,1,669.8459,61
Al,1,669.8673,90
Sc,2,669.9215,26
Kr,1,669.9230,88
Pr,1,669.9250,0
Y,1,669.9288,15
Si,2,669.9380,32
Al,2,669.9460,3
Pm,1,670.0330,83
Ce,1,670.0660,63
Cs,3,670.0688,37
Y,1,670.0702,61
Eu,1,670.1060,4
Nb,1,670.1200,20
Hg,1,670.1600,23
Hg,2,670.2030,46
Xe,2,670.2250,62
Tb,1,670.2610,33
Ce,1,670.4270,74
Rn,1,670.4280,21
Sc,1,670.6090,80
Pm,2,670.6270,27
Pr,3,670.6700,91
Cm,1,670.6850,89
Cs,1,670.7686,3
Li,1,670.7760,94
Ti,3,670.7760,91
Li,1,670.7910,98
Cs,3,670.8245,66
Xe,1,670.8250,3
F,1,670.8282,49
Cs,2,670.8796,24
Hg,3,670.9290,79
Ta,1,670.9390,5
La,1,670.9500,90
Zr,1,670.9610,0
Pt,1,671.0401,66
Eu,1,671.0450,10
C,1,671.1291,42
Xe,1,671.2930,3
Y,1,671.3145,41
P,2,671.3280,35
Cl,2,671.3410,41
Tl,1,671.3800,41
La,2,671.4090,8
Sc,1,671.4610,98
Pm,1,671.4670,91
Hg,1,671.6340,92
198Hg,1,671.6429,70
Si,2,671.7040,52
Ne,1,671.7043,32
Pm,1,671.7260,79
Ag,2,671.7360,15
P,1,671.7411,10
B,2,671.7650,2
Sc,1,671.7680,97
Ca,1,671.7690,95
O,2,671.7751,74
Zr,1,671.7880,12
Sc,2,671.8379,49
La,2,671.8680,0
I,2,671.8830,30
Ra,2,671.9320,82
Sc,1,672.0200,72
Np,1,672.0680,22
Pm,1,672.0710,80
Hg,1,672.1100,48
Tm,1,672.1365,52
O,2,672.1398,99
Si,1,672.1853,66
Er,1,672.1910,25
Ho,1,672.2340,12
N,1,672.2620,26
Sm,1,672.3070,28
Cs,1,672.3284,97
Kr,1,672.3344,40
Nb,1,672.3620,39
Cs,2,672.4466,94
Ti,3,672.4800,89
Hg,1,672.5200,5
Cd,2,672.5788,92
Be,1,672.6000,13
Tm,1,672.6338,17
Cm,1,672.6680,90
I,1,672.6920,55
C,2,672.7190,6
Th,1,672.7458,40
Pm,1,672.7500,91
Yb,2,672.7610,22
Pr,3,672.7630,49
Tm,2,672.7940,5
Xe,1,672.8008,90
Br,1,672.8279,60
Ce,1,672.8710,40
Ce,1,672.9570,41
Gd,1,673.0730,36
Sc,1,673.0760,94
C,2,673.1070,13
Sc,1,673.1550,81
I,1,673.2010,69
La,2,673.2780,1
Xe,3,673.3870,75
Mo,1,673.3946,15
Ti,3,673.4100,95
Cs,2,673.5068,6
Lu,1,673.5760,6
Y,1,673.5967,45
Sc,2,673.6161,67
I,1,673.6527,60
Pr,1,673.6790,40
Sc,1,673.7190,90
Sc,1,673.7880,99
I,1,673.8026,47
Ne,1,673.8032,33
C,2,673.8620,21
Tm,1,673.9222,36
I,1,673.9415,47
Sc,1,673.9450,99
Nb,1,673.9880,22
I,1,673.9919,28
Kr,1,674.0099,71
Ta,1,674.0730,30
Cu,1,674.1420,58
Si,1,674.1640,6
C,2,674.2430,1
Nd,1,674.2540,20
Ti,1,674.3119,62
Ti,2,674.3187,56
S,1,674.3580,72
Pm,1,674.3710,84
Cs,1,674.3969,9
C,3,674.4380,29
Eu,1,674.4880,31
Ho,1,674.5050,35
Ce,1,674.6900,3
Pr,1,674.7090,72
Hg,1,674.7100,23
Dy,1,674.7930,27
La,1,674.8130,43
S,1,674.8790,81
Pr,1,674.9190,54
Pm,1,674.9910,99
Fe,1,675.0152,52
Si,2,675.0280,32
Pm,1,675.0480,99
C,2,675.0550,51
In,2,675.0630,4
Hg,1,675.0900,23
Sc,1,675.1130,73
Re,1,675.1220,5
Np,1,675.1320,23
Rn,1,675.1810,68
In,2,675.1880,37
Rh,1,675.2350,28
Gd,2,675.2670,5
Zr,1,675.2730,21
Ar,1,675.2834,74
V,1,675.3010,6
La,1,675.3040,64
C,1,675.4100,53
Hf,2,675.4610,4
Ta,1,675.4910,15
C,2,675.5160,1
Ar,1,675.6163,8
Pm,2,675.6450,61
Th,1,675.6453,75
Ar,2,675.6552,16
Be,2,675.6720,22
Be,2,675.7130,56
S,1,675.7160,88
Dy,1,675.7620,1
Ra,1,675.8200,58
Cd,2,675.9189,77
Er,1,675.9870,51
Pt,1,676.0003,84
Br,1,676.0058,34
Sn,2,676.0812,75
Zr,1,676.2380,35
Er,1,676.2920,21
Kr,2,676.3630,80
Kr,2,676.4430,72
Dy,1,676.5890,37
In,2,676.5910,37
Ar,1,676.6612,41
Ho,1,676.6740,8
Xe,1,676.7120,33
In,2,676.7360,2
Tm,1,676.7477,17
Ni,1,676.7770,28
Yb,1,676.8700,15
Sc,1,676.9140,56
Zr,1,676.9160,39
Ba,2,676.9477,14
Kr,2,677.1200,64
Ta,1,677.1740,30
Ba,1,677.1858,16
Pm,2,677.2290,79
Ni,1,677.2320,9
Zr,1,677.2890,12
Hg,1,677.3200,6
Er,1,677.3370,26
F,1,677.3984,88
Ta,1,677.4250,15
La,2,677.4260,52
Pd,1,677.4517,19
Ho,1,677.4680,25
O,2,677.4973,18
Rb,2,677.5067,94
Rb,2,677.5515,55
Ce,1,677.5590,75
Kr,1,677.6150,33
Xe,1,677.7570,70
Tm,1,677.7927,17
Cd,1,677.8116,36
Ce,1,677.8280,3
Th,1,677.8312,29
Xe,1,677.8600,66
Pm,1,677.8780,64
Br,1,677.9482,35
Tm,1,677.9767,78
C,2,677.9930,66
Th,1,678.0125,18
Xe,3,678.0400,95
Th,1,678.0413,38
Ge,2,678.0510,64
C,2,678.0610,24
Mg,2,678.1451,52
Tm,1,678.1998,31
Eu,1,678.2540,32
Pm,2,678.3090,27
Gd,1,678.3390,8
In,2,678.3720,35
C,2,678.3900,34
Pd,1,678.4489,41
I,1,678.4576,35
Hg,1,678.4600,39
Pu,1,678.4660,74
Tb,2,678.5120,9
Al,1,678.5200,11
Ho,1,678.5430,45
Ti,3,678.5900,48
B,2,678.6120,3
Be,1,678.6559,68
Br,1,678.6740,39
Zr,2,678.7150,1
Gd,1,678.7180,2
C,2,678.7220,35
Eu,1,678.7480,11
Mg,2,678.7851,64
I,1,678.8043,4
Tm,1,678.8516,37
Xe,2,678.8710,69
Ta,1,678.8990,15
Hf,1,678.9280,15
Te,1,679.0000,26
Br,1,679.0040,59
Xe,2,679.0370,62
Zr,1,679.0850,20
Er,1,679.0920,32
Sr,1,679.1022,99
C,2,679.1470,41
Br,1,679.1479,24
Pa,1,679.2750,28
Cm,1,679.3150,91
Cu,3,679.3200,10
Kr,3,679.3530,20
Ho,1,679.3700,8
Y,1,679.3704,87
Sc,1,679.3750,73
Lu,1,679.3770,24
Tb,2,679.4580,32
Sc,1,679.4600,57
Sc,1,679.4860,83
Np,1,679.5210,24
Kr,1,679.5410,40
Y,2,679.5415,34
F,1,679.5528,75
Ti,3,679.6120,27
La,1,679.6730,0
Pm,2,679.6870,28
Sc,1,679.7260,81
C,2,679.8110,2
Pr,1,679.8600,80
Yb,1,679.9600,93
Sc,1,679.9620,89
C,2,680.0680,34
Th,3,680.1258,50
Np,1,680.2620,26
Eu,1,680.2720,82
Th,3,680.2989,35
Y,1,680.3150,19
Sc,1,680.3680,91
Sc,1,680.4610,93
Rb,2,680.5617,31
Xe,2,680.5740,99
Np,1,680.5810,27
Sb,2,680.6670,6
Rn,1,680.6790,9
Ce,1,680.7810,47
Ti,3,680.7960,11
Xe,1,680.8120,17
Ce,1,680.8820,4
La,2,680.8860,16
Bi,2,680.9196,89
Ta,1,681.0460,16
Ho,1,681.1040,8
Hg,1,681.1600,24
Pm,2,681.1680,61
C,2,681.2290,2
I,1,681.2300,32
I,2,681.2570,93
Mg,2,681.2860,53
Kr,1,681.3109,85
Ta,1,681.3250,58
Re,1,681.3410,27
La,2,681.3660,5
Gd,1,681.4560,6
Co,1,681.4940,5
Y,1,681.5146,29
Xe,1,681.5640,37
Eu,1,681.6060,33
Np,1,681.6440,28
Gd,1,681.6490,17
Al,2,681.6690,39
Sc,1,681.7110,99
Pr,1,681.7610,18
C,1,681.8000,44
Dy,1,681.8200,4
Ce,1,681.8230,41
Xe,1,681.8380,41
Si,2,681.8450,42
Hf,1,681.8950,50
Mg,2,681.9270,65
Sc,1,681.9490,100
Pt,1,682.0197,15
Tm,1,682.0266,28
Ho,1,682.0380,12
Gd,1,682.0900,12
C,2,682.1400,18
Ho,1,682.1640,21
Ba,3,682.2042,9
Al,2,682.3480,61
La,1,682.3780,56
Er,1,682.5440,21
Ho,1,682.5720,15
Er,1,682.5980,22
Th,1,682.6296,8
Lu,2,682.6590,10
U,1,682.6920,32
Tm,1,682.6954,31
Hg,1,682.7000,49
Xe,1,682.7315,90
Pr,2,682.7600,7
Pr,3,682.7960,73
Nb,1,682.8110,26
C,1,682.8117,89
Gd,1,682.8250,37
Zr,1,682.8780,24
Th,1,682.9035,41
Kr,1,682.9089,52
Tm,2,682.9120,13
Sc,1,682.9510,99
Si,2,682.9820,53
Re,1,682.9900,52
Ir,1,683.0010,1
Tm,1,683.1092,42
Se,1,683.1300,43
Si,3,683.1560,26
Y,2,683.2480,5
Zr,1,683.2890,24
Pm,1,683.3300,95
Pd,1,683.3446,1
La,2,683.4050,23
F,1,683.4264,91
Eu,1,683.4300,7
Th,1,683.4924,76
Sc,1,683.5020,100
Dy,1,683.5420,68
Rn,1,683.6950,23
Al,2,683.7140,69
Rn,1,683.7570,24
Te,1,683.7650,46
La,2,683.7900,12
Pt,1,683.8065,29
Cl,1,684.0290,29
Eu,1,684.0930,18
Xe,1,684.0960,27
Xe,1,684.1500,49
Pt,1,684.2596,58
Sc,2,684.3095,39
Sn,2,684.4186,81
Tm,1,684.4262,80
Pr,1,684.4390,19
Eu,1,684.4830,18
Y,1,684.5195,48
I,1,684.5626,18
Tm,1,684.5755,73
Zr,1,684.6340,1
Kr,1,684.6400,71
Gd,2,684.6600,2
Xe,1,684.6613,74
O,2,684.6813,38
Zr,1,684.6970,44
Eu,1,684.7040,12
Ce,1,684.7250,34
In,1,684.7453,37
Er,1,684.8100,51
Pm,1,684.8370,64
Si,1,684.8568,7
Xe,1,684.8820,71
Zr,1,684.9260,13
Xe,1,685.0130,59
Cs,2,685.0178,51
Si,3,685.1650,44
Pr,1,685.2770,30
Dy,1,685.2960,56
Te,1,685.3880,27
Tm,1,685.4115,37
Sc,2,685.4393,26
Pr,3,685.4630,50
F,1,685.6030,100
Dy,1,685.6460,13
Sc,2,685.6533,26
Ce,1,685.6550,23
Ga,2,685.6710,60
I,1,685.6748,32
Sc,2,685.7095,27
Pr,3,685.7300,73
Cs,3,685.7867,30
Y,2,685.8221,6
Pm,2,685.8580,2
La,2,685.9030,1
Xe,1,686.0190,66
Sm,1,686.0930,48
Hg,1,686.1000,32
Br,1,686.1148,29
Ar,2,686.1269,65
Ti,3,686.2260,94
Xe,1,686.3200,49
Ar,2,686.3535,20
Cs,2,686.3717,39
Gd,1,686.4250,11
Eu,1,686.4540,95
Ca,3,686.5120,1
Er,1,686.5130,44
Np,1,686.5450,29
Xe,1,686.5580,18
Ba,1,686.5686,67
Ho,1,686.5850,15
Ta,1,686.6230,67
Pr,3,686.6800,93
Xe,1,686.6838,71
Ba,1,686.7905,33
O,2,686.9485,39
Kr,1,686.9631,72
Th,3,686.9885,68
F,1,687.0215,91
Pr,1,687.0440,31
Hg,1,687.0700,40
Kr,2,687.0850,58
Ar,1,687.1289,75
Sc,2,687.2090,27
Xe,1,687.2107,82
Co,1,687.2400,5
Sr,3,687.3445,30
Ba,2,687.4079,16
Tb,2,687.4180,14
Sc,1,687.4250,91
Ti,3,687.4350,89
Th,1,687.4753,8
Ta,1,687.5270,60
Sc,2,687.5686,27
Nb,1,687.6360,11
U,2,687.6740,2
Sc,1,687.7370,94
Ta,1,687.7490,16
Sr,1,687.8313,99
Ar,1,687.9582,8
Rh,1,687.9940,10
Er,1,687.9980,26
Pu,1,688.0160,75
Hg,1,688.0400,40
Th,3,688.0565,51
Sc,1,688.1020,96
Ca,3,688.1475,3
Cr,1,688.1620,36
Cu,1,688.1940,26
Xe,1,688.2155,94
Cr,1,688.2400,14
Cr,1,688.3050,49
Ho,1,688.3360,2
Be,1,688.4220,3
Be,1,688.4440,14
Pr,1,688.4660,9
O,2,688.4911,39
Sc,1,688.5100,96
Ar,2,688.6612,7
Ne,3,688.6940,12
Y,1,688.7176,35
Ar,1,688.8174,32
Zr,1,688.8290,52
Ho,1,688.8500,9
Dy,1,688.8830,14
Th,2,688.9303,8
Cu,1,688.9920,27
Cu,1,689.0900,27
Rn,1,689.1160,48
Pu,1,689.1380,76
In,2,689.1582,95
Pb,1,689.2111,35
Cs,2,689.2417,63
Sr,1,689.2585,96
Pr,1,689.2710,15
Ho,1,689.2960,12
Ce,1,689.3660,4
Ag,2,689.3700,9
Cf,1,689.4590,83
Mg,1,689.4898,37
O,2,689.5109,97
Ne,3,689.5410,25
Y,2,689.5976,12
Ti,3,689.6120,81
Tb,2,689.6370,20
Pt,1,689.6715,30
Ho,1,689.7950,15
Eu,1,689.8210,22
Ga,2,689.8560,70
Tm,1,689.8560,7
Pr,3,689.9060,93
Dy,2,689.9320,17
Tb,1,689.9950,36
In,1,690.0136,26
Ta,1,690.0550,16
Zr,1,690.0590,13
Tb,1,690.1980,33
Ta,1,690.2100,57
F,1,690.2475,94
Ra,1,690.3100,44
Pr,3,690.3520,87
Eu,1,690.3670,58
Sn,3,690.3700,81
Ho,1,690.3800,13
Kr,1,690.4220,64
Zr,1,690.4360,4
Kr,1,690.4679,92
Cu,1,690.5940,59
Al,1,690.6400,38
O,2,690.6443,89
Dy,2,690.6530,2
Np,1,690.7130,30
Zr,1,690.7370,13
Hg,1,690.7460,94
198Hg,1,690.7462,78
O,2,690.7872,74
Nb,1,690.8070,4
Y,1,690.8276,13
Pt,1,690.8806,13
F,1,690.9816,88
Th,2,690.9849,8
Pr,3,691.0140,100
Eu,1,691.0170,12
Xe,2,691.0220,70
O,2,691.0562,89
Xe,1,691.0820,59
K,1,691.1084,95
Th,1,691.1226,96
Kr,1,691.1290,19
Np,1,691.2910,31
Ho,1,691.3470,13
Ni,1,691.4560,14
Eu,1,691.4820,32
Hg,1,691.5600,49
Tm,1,691.5860,7
Gd,1,691.6570,37
Ho,1,691.6700,3
Zr,1,691.6870,4
La,1,691.7240,23
Lu,1,691.7310,32
Al,2,691.7930,39
La,1,691.8300,5
Nb,1,691.8320,11
Al,2,691.9960,3
Cu,1,692.0060,52
Ra,2,692.0110,9
Xe,1,692.2220,27
Ru,1,692.3230,18
Sc,1,692.4000,73
Cr,1,692.4179,72
Hg,1,692.4300,33
Sn,1,692.4356,3
Xe,1,692.4670,41
Ce,1,692.4810,67
La,1,692.5240,71
Cr,1,692.5270,66
Cs,2,692.5422,3
Xe,1,692.5530,83
Cr,1,692.6084,21
Gd,1,692.6490,14
Cf,2,692.7100,65
Ta,1,692.7380,54
Zn,1,692.8316,33
Ta,1,692.8540,54
I,1,692.8813,35
Ne,1,692.9467,100
Dy,1,692.9550,9
Ir,1,692.9880,1
Np,1,693.0310,79
Ti,3,693.2440,38
Cl,1,693.2903,38
Y,1,693.3554,21
Ac,2,693.3992,23
Hg,1,693.4000,6
Yb,2,693.4050,12
Pr,3,693.4550,66
La,1,693.5010,56
Xe,1,693.5620,71
Cu,1,693.5820,4
K,1,693.6284,73
Xe,1,693.6690,27
Tm,1,693.7370,20
Ar,1,693.7664,64
Zn,1,693.8469,20
K,1,693.8767,96
Ce,1,693.9450,5
Ho,1,693.9490,36
Ag,2,693.9988,9
I,1,694.0984,16
Mn,1,694.2520,6
Zn,1,694.3199,10
Th,1,694.3610,86
Lu,2,694.3960,2
Kr,2,694.4060,26
Hg,1,694.4100,40
Ce,3,694.4940,37
Hg,2,694.5474,42
Ca,3,694.5506,6
Pa,1,694.5720,70
C,1,694.6450,82
Cs,2,694.6627,22
Zr,1,694.8460,13
Tm,1,694.9540,3
Xe,3,694.9930,100
Y,1,695.0264,33
Dy,2,695.0280,6
Ho,1,695.0390,40
Sc,1,695.0440,73
Hg,1,695.0700,49
Ta,1,695.1260,26
Dy,1,695.1420,2
Ar,1,695.1478,21
Y,2,695.1654,1
La,2,695.2510,2
Zr,1,695.3840,57
Ta,1,695.3880,19
La,2,695.4520,10
Ho,1,695.5300,9
Cs,2,695.5500,99
Am,1,695.5580,46
I,1,695.6461,14
Pt,1,695.6834,5
Pt,1,695.7497,38
Y,1,695.8031,15
Dy,1,695.8080,36
La,2,695.8100,23
I,2,695.8780,78
I,1,695.9091,25
Pa,1,696.0090,30
Ar,1,696.0250,22
Xe,1,696.1100,49
Ti,2,696.1440,2
Ba,1,696.1482,3
Sc,1,696.1660,90
Pa,1,696.1780,32
C,1,696.2310,52
Np,1,696.3630,32
K,1,696.4180,38
Gd,1,696.4330,8
K,1,696.4672,75
Mg,1,696.5404,47
Ar,1,696.5431,86
Rh,1,696.5670,45
Ta,1,696.6130,60
Ge,2,696.6321,47
F,1,696.6349,84
Zr,1,696.6440,32
Tl,2,696.6500,58
Sc,2,696.8169,61
Cu,1,696.8340,4
Pr,3,697.0960,87
Re,1,697.1530,12
Np,1,697.2090,90
Xe,1,697.6182,83
Si,1,697.6523,53
Tm,2,697.6690,1
Ho,2,697.6700,3
Kr,3,697.7950,20
Cr,1,697.8398,83
Rh,1,697.9150,5
Cs,2,697.9668,96
Cr,1,697.9795,58
Pr,3,697.9830,50
Y,1,697.9859,33
Pr,1,698.0120,15
Ra,1,698.0220,92
Gd,1,698.0860,17
Hf,2,698.0910,6
S,2,698.1398,46
Cl,1,698.1886,39
Xe,1,698.2050,59
Dy,1,698.2440,5
Be,1,698.2749,85
Ta,1,698.3520,0
I,1,698.5129,23
Yb,3,698.5150,35
Sc,1,698.5550,84
Gd,2,698.5890,6
Ce,1,698.6020,67
I,1,698.6507,84
Th,1,698.9655,98
I,1,698.9774,69
Pt,1,698.9810,34
Mn,1,698.9960,5
Nb,1,699.0320,26
Se,1,699.0690,26
Zr,1,699.0840,57
Xe,2,699.0880,100
Bi,1,699.0924,12
Dy,1,699.1300,6
Se,1,699.1792,14
I,1,699.1890,19
Gd,1,699.1920,32
P,3,699.2690,20
Pa,1,699.2730,34
S,1,699.2790,27
Th,2,699.3037,24
Kr,1,699.3050,19
Gd,1,699.3180,14
Cs,2,699.3335,37
I,1,699.3382,34
S,1,699.3990,10
Zr,1,699.4320,36
S,1,699.4580,37
Ta,1,699.5220,44
Ta,1,699.5490,45
Ac,2,699.6090,8
Gd,2,699.6760,12
Dy,1,699.8100,37
Rn,1,699.8900,49
Ag,2,699.8910,18
Th,3,699.9271,56
Ga,2,699.9668,82
Yb,2,699.9880,13
Kr,1,700.0790,50
Th,1,700.0804,68
Er,1,700.1400,22
Rh,1,700.1580,5
O,1,700.1920,79
O,1,700.2230,85
Tc,1,700.2375,8
Xe,1,700.3100,13
Si,1,700.3567,84
Xe,2,700.3960,54
Ta,1,700.5070,16
Br,1,700.5192,65
Si,1,700.5883,85
Gd,2,700.6160,5
Re,1,700.6630,7
Ta,1,700.6960,30
Y,1,700.8929,19
Hg,1,700.9200,41
Y,1,700.9883,16
Sc,1,701.0200,74
Tm,1,701.0790,3
Se,1,701.0809,66
Pt,1,701.2016,9
Se,1,701.3875,45
Np,1,701.4020,34
Tm,2,701.4310,2
Ti,3,701.5380,89
Te,2,701.6060,16
Pd,1,701.6446,5
Gd,1,701.6600,2
Cs,2,701.6713,55
Xe,2,701.7060,62
Si,1,701.7280,8
Dy,1,701.7420,12
Si,1,701.7646,60
Tm,1,701.7900,20
I,1,701.8218,49
Th,1,701.8567,76
Np,1,701.8910,35
Xe,1,701.9020,60
Pr,2,702.1510,11
La,1,702.3670,72
Ne,1,702.4050,97
Re,1,702.4150,11
Pr,1,702.4530,20
Ta,1,702.5030,21
Cs,1,702.6680,26
Zr,1,702.7400,44
Tm,1,702.9400,7
Pt,1,703.0063,26
B,2,703.0200,13
Ar,1,703.0251,75
Hf,2,703.0330,1
Pr,3,703.0390,99
Lu,1,703.1240,19
B,2,703.1900,12
La,1,703.2050,33
Ne,1,703.2413,100
B,2,703.2540,9
Bi,2,703.3000,35
Tm,1,703.4340,26
Xe,1,703.4800,4
Si,1,703.4903,90
Y,1,703.5150,25
Xe,1,703.5530,50
Bi,1,703.6026,8
Yb,3,703.7040,12
C,3,703.7250,33
F,1,703.7469,99
Ti,1,703.8812,1
Ta,1,703.9070,17
Te,2,703.9130,21
Np,1,703.9140,36
Cu,1,703.9370,42
Eu,1,704.0200,81
Bk,1,704.0850,85
Al,2,704.2060,74
Rb,2,704.2393,49
Pr,1,704.2400,41
Yb,2,704.3780,2
Xe,3,704.3990,92
Hg,1,704.5700,65
Th,2,704.5797,44
La,1,704.5960,82
C,2,704.6260,9
Nb,1,704.6810,52
Xe,1,704.7370,60
Ge,2,704.9369,65
Xe,1,705.1060,4
Pr,1,705.1070,9
Ga,1,705.1240,39
Ne,1,705.1292,67
Co,1,705.2890,10
Y,1,705.2935,35
C,2,705.3090,21
Y,1,705.4189,20
Ce,1,705.4510,24
Rn,1,705.5420,98
Dy,2,705.5950,7
Pt,1,705.6263,10
Tm,2,705.6430,5
Al,2,705.6600,62
C,1,705.6871,35
Mg,3,705.6876,48
Kr,1,705.7270,58
Zr,1,705.7360,11
Kr,3,705.7450,2
Er,1,705.8550,12
Ne,1,705.9108,91
Pu,1,705.9230,77
Ba,1,705.9943,96
Ce,1,706.0000,18
Mg,1,706.0409,56
Th,1,706.0654,29
Tm,1,706.0970,3
Cs,1,706.1781,38
Se,1,706.2065,83
I,1,706.3552,62
Al,2,706.3640,39
C,2,706.3700,53
Hf,1,706.3852,66
Ce,1,706.4490,19
Ca,3,706.4720,8
Er,1,706.5040,12
He,1,706.5190,93
Pt,1,706.5553,2
He,1,706.5710,72
La,2,706.6230,61
Ar,1,706.7218,86
La,1,706.8370,69
Ar,1,706.8736,72
Pu,1,706.8900,77
Mn,1,706.9840,7
Sr,1,707.0071,99
Er,2,707.0990,2
Gd,1,707.1000,13
Ti,3,707.1930,82
Xe,1,707.2440,60
Ti,3,707.2640,98
Gd,1,707.3630,13
Kr,2,707.3980,68
Cf,1,707.4520,87
Eu,1,707.4540,10
Sm,1,707.4670,17
U,1,707.4790,16
C,1,707.4864,48
Y,1,707.5132,14
Dy,2,707.5140,4
Pr,3,707.5210,50
Th,2,707.5334,23
Pa,1,707.6270,36
La,1,707.6380,9
C,1,707.6479,76
Pr,3,707.6620,98
Eu,2,707.7100,83
I,1,707.7837,73
Ra,2,707.8020,56
Pt,1,707.8074,30
Sn,3,707.9300,77
Tm,2,707.9780,3
Pr,1,707.9990,21
Np,1,708.0010,37
198Hg,1,708.1900,79
Hg,1,708.1901,95
Xe,2,708.2150,82
Al,1,708.3968,61
O,2,708.3975,39
Pr,3,708.3990,50
Th,1,708.4169,83
Ti,3,708.4570,97
Al,1,708.4644,69
Co,1,708.4990,17
I,2,708.5210,20
C,1,708.5511,35
Cs,2,708.5666,73
Tc,1,708.6180,59
Cl,1,708.6814,49
Zr,1,708.7300,56
I,1,708.7738,48
C,1,708.7827,85
Sm,1,708.8300,20
Zr,1,708.9430,11
Ba,1,708.9908,29
Sm,1,709.1160,14
Hg,1,709.1860,93
As,2,709.2270,14
Pu,1,709.2460,78
Ta,1,709.3020,1
C,1,709.3250,78
Nd,1,709.3980,13
Zr,1,709.4460,20
Pt,1,709.4766,67
Pr,1,709.5180,31
I,1,709.5184,15
Nd,1,709.5420,14
Ba,3,709.5490,53
Sm,1,709.5500,22
Zr,1,709.5590,28
Sm,1,709.6330,15
Lu,1,709.6340,10
Zr,1,709.7700,84
Sc,1,709.7730,88
Gd,1,709.8110,9
Gd,1,709.8730,9
Nb,1,709.8940,11
C,1,710.0124,85
Pa,1,710.0940,38
Er,1,710.1270,16
Hg,1,710.1300,24
U,1,710.1610,18
Rh,1,710.1640,6
P,1,710.2200,11
C,2,710.2680,27
As,2,710.2720,16
Sc,1,710.2910,57
Zr,1,710.2910,72
Zr,1,710.3720,61
Rh,1,710.4450,2
Sm,1,710.4540,23
Tm,1,710.6140,20
Sm,1,710.6230,18
Eu,1,710.6480,72
Ga,1,710.6820,61
I,1,710.7419,57
Ar,1,710.7478,54
Bk,1,710.7850,86
C,1,710.8935,81
Er,1,710.9670,5
Mo,1,710.9870,15
O,2,711.0083,77
Cs,2,711.0375,23
Ni,1,711.0900,3
C,1,711.1475,90
Zr,1,711.1680,56
C,2,711.2480,21
Pr,3,711.2530,88
Tb,1,711.2690,3
Zr,1,711.2820,21
C,2,711.3040,53
C,1,711.3180,95
Zr,1,711.3520,1
Pt,1,711.3722,67
In,2,711.3990,3
In,2,711.4140,3
Pr,1,711.4550,58
Pa,1,711.4890,72
C,1,711.5190,95
C,2,711.5630,68
Sm,1,711.5960,20
Ga,1,711.6300,13
La,2,711.6800,3
Pu,1,711.6880,79
Pr,1,711.6900,21
C,1,711.6990,93
Ra,1,711.8500,94
Xe,1,711.9598,96
C,1,711.9671,92
C,2,711.9900,81
Hg,1,712.0000,24
I,1,712.0034,80
Ba,1,712.0331,91
Cs,2,712.1170,80
I,1,712.2031,89
Th,3,712.2044,73
C,1,712.2196,50
Ni,1,712.2200,32
Gd,1,712.2570,19
Pt,1,712.2902,20
Ti,3,712.4130,94
Th,1,712.4560,70
Cu,1,712.4660,4
Ce,1,712.4730,5
Pt,1,712.5034,22
Hg,1,712.5600,59
Ta,1,712.5720,17
C,2,712.5730,34
Ar,1,712.5820,55
Lu,2,712.5840,25
Nb,1,712.6170,4
Xe,3,712.7300,36
F,1,712.7890,98
Y,1,712.7970,17
O,2,712.8885,57
U,1,712.8900,20
Pb,1,712.8942,9
Ge,1,713.0117,24
Cs,2,713.0540,88
Pt,1,713.1621,33
Sm,1,713.1800,11
Hf,1,713.1820,87
C,1,713.2112,50
Xe,2,713.3270,15
C,2,713.4110,21
Hg,1,713.5000,41
I,1,713.5537,18
Cs,2,713.5873,45
Sm,1,713.6010,5
Xe,1,713.6570,42
Sc,1,713.8100,94
C,1,713.9400,51
S,2,713.9807,28
Kr,2,714.0010,69
Ra,1,714.1217,98
Tc,1,714.1286,29
Ce,1,714.1420,42
Pu,1,714.1660,80
Ti,3,714.1760,27
I,1,714.2031,92
Lu,1,714.2790,6
Lu,1,714.3100,1
Kr,1,714.3450,52
O,2,714.4478,49
Ge,2,714.5390,53
Ar,1,714.7042,82
Xe,2,714.7500,70
Hg,1,714.7600,25
U,1,714.7890,7
Ca,1,714.8150,97
I,1,714.8593,43
Ta,1,714.8630,58
Xe,2,714.9030,88
Cs,2,714.9541,96
La,1,714.9770,4
Th,1,715.0284,35
O,2,715.1087,50
Sc,2,715.1216,13
Ce,1,715.1670,6
Kr,1,715.2210,45
Sr,1,715.3020,28
Nd,1,715.3090,3
Ba,1,715.3624,24
Mo,1,715.4106,61
Cu,1,715.4290,4
Be,1,715.4400,15
Be,1,715.4650,29
Ce,1,715.5250,42
Er,2,715.5400,2
O,2,715.6090,39
O,1,715.6700,60
Tc,1,715.7626,29
Yb,3,715.7720,21
La,1,715.8080,50
Gd,1,715.8280,6
P,1,715.8367,12
Ar,1,715.8839,42
Nb,1,715.9430,40
Pr,1,715.9880,22
Cs,2,716.0897,85
La,1,716.1250,61
S,1,716.1430,63
Er,1,716.1910,1
Hg,1,716.2200,50
W,1,716.2640,6
Cm,1,716.2690,92
S,2,716.4491,8
Eu,1,716.4660,2
Si,1,716.4690,48
I,1,716.4758,85
Xe,2,716.4830,97
P,1,716.5465,47
S,1,716.5530,42
Si,1,716.5545,88
Pr,3,716.5640,51
Lu,2,716.5940,3
S,1,716.6640,52
Mg,2,716.6676,12
Sr,1,716.7143,83
S,1,716.7700,53
Gd,1,716.8370,49
Th,1,716.8895,97
Hg,1,716.9000,25
Sc,1,716.9090,96
Zr,1,716.9090,86
Pa,1,717.1550,40
Ti,3,717.1790,85
Sm,1,717.2670,5
Xe,1,717.2700,33
Ga,1,717.2900,21
Ta,1,717.2900,45
Ne,1,717.3938,99
Np,1,717.4830,38
Xe,3,717.4940,13
P,1,717.5102,48
Eu,1,717.5550,32
Ti,3,717.5920,82
Hg,1,717.6000,33
Bk,1,717.6220,87
P,1,717.6660,49
Pu,1,717.7140,80
I,1,717.7350,16
Hg,1,717.7800,70
F,2,717.9900,6
Pt,1,717.9931,13
Kr,1,718.0470,33
Ni,1,718.2000,6
I,1,718.2772,56
In,2,718.2904,96
Ir,1,718.3710,0
Mn,1,718.4250,5
Si,1,718.4890,48
Np,1,718.4930,39
Xe,3,718.5930,14
Tb,1,718.7480,3
Cs,2,718.8370,77
Ti,1,718.9877,25
Pr,1,718.9950,10
Sn,2,719.0776,79
Sc,2,719.0848,27
Hg,1,719.0900,33
Te,1,719.1080,40
Th,2,719.1133,51
Y,1,719.1640,42
I,1,719.1642,73
Ce,1,719.1720,6
Sc,2,719.2359,39
Xe,1,719.2420,14
I,1,719.2508,48
Br,3,719.2800,3
Mg,1,719.3172,65
Hg,1,719.3500,41
Cu,1,719.3560,52
Si,1,719.3580,44
Ga,1,719.3600,63
Pb,2,719.3600,91
Si,1,719.3900,9
Eu,2,719.4810,88
Ba,1,719.5230,65
Y,1,719.5874,16
Er,1,719.7000,14
Ni,1,719.7020,3
Ga,2,719.8450,93
Ag,2,719.8500,10
Kr,1,720.0590,19
Sn,3,720.0600,64
Xe,1,720.0790,42
Zr,1,720.1620,28
Ce,1,720.1890,43
Ca,1,720.2190,96
O,2,720.2206,18
C,1,720.2264,53
F,1,720.2360,95
Ce,1,720.3550,7
Ti,3,720.3660,27
Tb,1,720.4280,49
Cs,2,720.6040,83
Ar,1,720.6980,67
Th,1,720.8006,86
Hg,1,720.9100,59
Be,1,720.9134,86
Xe,1,720.9140,18
Ti,1,720.9434,73
Ce,1,721.0670,24
Sm,1,721.0950,2
F,2,721.1790,7
Th,1,721.2690,8
Kr,2,721.3160,90
Ne,2,721.3210,93
Dy,1,721.3270,2
Sm,1,721.3820,19
Xe,2,721.5970,33
C,1,721.6029,17
Ti,1,721.6182,46
Ce,1,721.7360,56
Ti,3,721.7500,82
Eu,2,721.7550,89
Pt,1,721.7552,60
Th,1,721.8054,60
Cs,3,721.9603,100
La,1,721.9910,24
Mn,2,721.9967,48
Sm,1,722.0070,11
Eu,3,722.1840,88
In,2,722.2050,6
Xe,1,722.2640,50
Kr,1,722.4103,92
C,1,722.4241,53
Eu,1,722.4680,7
Ra,1,722.5160,94
Ti,3,722.5550,75
Si,1,722.6206,67
Nd,1,722.7010,8
Pa,1,722.7130,42
I,1,722.7274,85
Gd,1,722.8020,2
In,2,722.8630,7
Ba,1,722.8796,55
I,1,722.8955,2
Pb,1,722.8965,92
O,2,722.9142,77
Ba,1,722.9568,3
Dy,1,723.0040,9
Sn,2,723.0100,70
I,1,723.0118,36
In,2,723.0440,0
Pu,1,723.1090,81
C,2,723.1320,97
Tm,1,723.1330,4
Pr,1,723.1530,41
Pr,3,723.1620,75
I,1,723.1798,63
Sr,1,723.2131,57
Gd,1,723.3450,16
Ar,2,723.3534,3
Tm,2,723.3740,1
I,1,723.3800,52
Ti,3,723.4390,27
I,1,723.4979,64
Tb,1,723.4980,7
Ne,2,723.5198,94
Si,1,723.5326,68
Si,1,723.5820,41
C,2,723.6420,99
Te,2,723.6620,24
I,1,723.6752,97
Cd,2,723.7010,62
Hf,1,723.7101,88
C,2,723.7170,67
I,1,723.7830,93
Lu,1,723.7980,11
Xe,1,723.8200,4
Pr,3,723.8260,51
Ag,2,723.9376,21
Hg,1,723.9400,34
Pr,3,724.0210,76
Hf,1,724.0870,76
Sc,2,724.1206,39
C,1,724.1319,54
Ce,1,724.1730,25
Ho,1,724.2080,3
S,1,724.2440,36
Sc,2,724.2492,28
Mo,1,724.2500,31
Th,3,724.2635,55
S,1,724.3050,58
Pr,1,724.3260,10
S,1,724.3740,38
Yb,1,724.4410,3
S,1,724.4750,76
Ti,1,724.4853,66
Xe,1,724.4940,50
Ne,1,724.5167,99
Hg,1,724.5700,34
Re,1,724.6670,11
Mn,1,724.7820,3
Cs,2,724.8883,81
Dy,1,725.0010,6
Ta,1,725.0270,10
Ho,1,725.0600,3
Si,1,725.0625,86
Xe,1,725.0870,18
Ga,1,725.1400,85
Ti,1,725.1708,63
Nb,1,725.2350,16
Bk,1,725.2500,88
O,2,725.2717,50
Ce,1,725.2750,66
Ti,3,725.2880,11
O,1,725.4150,82
O,1,725.4450,86
U,1,725.4450,8
O,1,725.4530,75
Y,3,725.4580,45
In,2,725.4981,40
Cl,1,725.6620,91
Sr,3,725.7093,25
S,2,725.7107,1
Bk,1,725.7210,89
Sc,1,725.7580,92
Tb,1,725.7730,34
Xe,1,725.7940,74
I,1,725.8040,61
Pu,1,725.8060,82
Eu,1,725.8720,17
Pr,1,725.9210,11
O,2,725.9282,28
I,1,725.9973,64
Br,1,726.0448,36
Ni,1,726.1930,3
Pr,3,726.2320,51
Xe,1,726.2540,50
Ce,1,726.2640,25
Gd,1,726.2660,18
Eu,1,726.2770,33
I,1,726.3604,7
Te,1,726.3800,42
Y,2,726.4159,22
Zr,1,726.4760,20
Er,2,726.4820,1
Ar,1,726.5172,42
Xe,1,726.6490,54
O,2,726.7630,18
Kr,1,726.8080,19
Rn,1,726.8110,90
Rh,1,726.8180,6
Hg,1,726.9100,50
La,1,727.0090,33
La,1,727.0300,4
Ar,1,727.0664,22
Ti,3,727.0670,90
Hg,1,727.0700,50
Rh,1,727.0820,24
Cs,2,727.2536,28
Tm,1,727.2620,35
Ar,1,727.2936,83
S,2,727.3200,6
Sc,2,727.4664,39
Si,1,727.5294,83
Sc,1,727.5500,81
Cs,2,727.6210,19
In,2,727.6637,93
Ta,1,727.6960,10
O,2,727.7438,50
Ce,1,727.7900,19
W,1,727.8240,70
O,2,727.8258,28
Sm,1,727.9250,12
Rb,1,727.9997,85
O,2,728.0257,40
Ba,1,728.0296,99
Te,1,728.0900,8
He,1,728.1349,83
Eu,1,728.1530,7
Sm,1,728.2210,1
La,2,728.2340,50
Si,1,728.2810,21
Mn,1,728.3820,10
Er,1,728.3950,5
Xe,1,728.3961,67
Np,1,728.4280,40
Tm,1,728.4300,14
Xe,2,728.4340,70
Cd,2,728.4380,78
Th,1,728.4903,41
Cs,2,728.4906,57
Xe,1,728.5301,74
W,1,728.5810,33
C,1,728.6110,23
Tm,1,728.6160,22
I,1,728.6438,21
Kr,1,728.7262,89
Sr,1,728.7344,8
Pr,1,728.7610,11
O,2,728.7894,28
Si,1,728.9173,95
Pr,1,728.9190,12
Te,2,728.9260,25
Ga,1,728.9600,41
Kr,2,728.9820,94
Sm,1,729.0230,12
Si,1,729.0260,40
Ac,1,729.0396,86
Rn,1,729.1000,70
Mg,1,729.1060,66
Gd,1,729.1350,9
Ni,1,729.1450,4
O,2,729.2129,18
Np,1,729.2290,41
Ti,3,729.2860,28
O,2,729.2962,40
Y,1,729.3073,14
Sc,2,729.3235,61
Hg,1,729.4900,61
Ce,1,729.6170,20
O,2,729.6310,65
W,1,729.6550,54
Ti,2,729.7319,26
Eu,1,729.7560,2
F,1,729.8980,76
In,2,729.9150,7
Eu,2,730.1170,87
Kr,1,730.1250,45
Hg,1,730.1700,42
Ta,1,730.1740,54
Xe,2,730.1800,82
Mn,1,730.2890,16
In,2,730.3442,58
Pb,1,730.4683,10
Yb,1,730.5220,2
I,1,730.5405,73
Zr,1,730.6210,4
Ti,3,730.6850,11
Bk,1,730.6940,90
Xe,1,730.7370,18
Cf,1,730.7900,90
Be,1,730.8170,4
Ca,3,730.8690,24
F,1,730.9033,69
Sc,2,730.9374,40
Sr,1,730.9417,93
Lu,3,730.9950,45
Pd,1,731.0053,6
Lu,3,731.0250,61
Ra,1,731.0270,86
Eu,1,731.0460,8
Tm,1,731.0510,31
F,1,731.1019,96
Yb,3,731.1020,13
Xe,3,731.1150,36
Tb,1,731.1570,6
Zr,1,731.1620,11
Ar,1,731.1716,59
Yb,1,731.3050,7
Gd,1,731.3280,14
Ti,2,731.3302,2
Eu,1,731.3630,10
Zr,1,731.3720,20
F,1,731.4303,61
Sn,2,731.4500,62
Ti,3,731.5140,57
Ar,1,731.6005,56
Xe,1,731.6272,76
Sr,3,731.6292,60
Ti,3,731.6300,91
Rb,2,731.6516,70
Ti,3,731.6680,82
Xe,1,731.6870,51
Hg,1,731.7100,42
Zr,1,731.8080,40
Ti,1,731.8376,29
Pa,1,731.8790,44
O,2,731.8987,28
Xe,1,731.9940,42
Ti,3,732.0630,28
La,1,732.0910,4
Rn,1,732.0980,10
Nd,1,732.1430,6
Xe,1,732.1452,78
Pu,1,732.2230,83
Sc,1,732.3720,81
Pr,1,732.4420,12
Pu,1,732.5970,83
Ca,1,732.6150,98
Mn,1,732.6510,26
Sc,2,732.7198,50
Th,1,732.8285,23
Pr,1,732.8470,13
Er,2,732.9730,4
Ce,1,732.9910,62
Pb,1,733.0154,25
Ge,1,733.0380,33
Y,1,733.0499,14
Pu,1,733.1810,84
F,1,733.1957,85
Np,1,733.2520,43
Sm,1,733.2650,13
Y,2,733.2949,0
Hg,1,733.3000,34
La,1,733.4180,83
Nd,1,733.4540,4
Zr,1,733.5970,28
Eu,1,733.6180,49
Xe,1,733.6480,71
Tm,2,733.6630,7
F,3,733.6770,31
Sm,1,733.8040,2
Sc,3,733.9033,19
Xe,2,733.9300,88
Pr,3,734.0690,66
Hg,1,734.1000,6
Th,1,734.1151,11
Kr,1,734.1160,20
Xe,2,734.3370,41
Ce,1,734.3440,26
Pr,3,734.3700,83
Ne,2,734.3945,94
Zr,1,734.3960,29
Ti,1,734.4695,54
Cs,2,734.5307,73
La,1,734.5340,69
Cd,1,734.5670,96
Eu,1,734.6250,0
Ta,1,734.6410,58
Y,1,734.6457,51
Hg,2,734.6508,96
Pb,1,734.6676,36
O,2,734.6895,19
Sn,3,734.7200,6
Sm,1,734.7300,21
Ti,3,734.7590,12
Hg,1,734.8100,65
Br,1,734.8512,66
Tb,2,734.8880,16
Ga,1,734.9300,65
Pr,3,734.9750,73
Yb,1,735.0040,9
Pr,3,735.0610,83
In,2,735.0619,69
Ar,1,735.0814,9
I,2,735.1350,47
Ta,1,735.2860,55
Nb,1,735.3160,20
Ar,1,735.3293,67
Ge,1,735.3332,5
In,2,735.4903,51
F,3,735.4940,48
Er,1,735.5370,16
Pr,3,735.5520,52
Xe,1,735.5580,67
Cr,1,735.5891,92
Er,1,735.6340,9
Eu,1,735.6650,0
Ta,1,735.6960,40
Nd,1,735.7100,5
Ti,1,735.7726,49
Ba,1,735.9308,7
Ag,1,735.9960,54
Kr,1,735.9960,45
Al,1,736.1568,80
Eu,1,736.2250,8
Al,1,736.2297,84
Ti,1,736.4099,39
C,1,736.4734,70
Kr,1,736.6800,20
Kr,1,736.7020,20
Hg,1,736.7300,7
Pd,1,736.8095,47
Pa,1,736.8250,74
Ta,1,736.9090,34
Cs,2,736.9357,79
Eu,1,736.9600,49
Eu,2,737.0220,91
Np,1,737.0600,44
Ti,3,737.1340,58
Hg,1,737.1500,70
Ar,1,737.2118,78
Nb,1,737.2500,52
Si,1,737.3000,13
Na,1,737.3230,22
Na,1,737.3490,10
Zr,1,737.3500,4
Gd,1,737.3810,10
Hg,1,737.4500,42
Ba,1,737.5502,12
Dy,1,737.6040,12
Ti,3,737.6270,28
Gd,1,737.6410,10
Xe,2,737.8380,42
La,1,737.9710,61
Ti,3,737.9960,90
Gd,1,738.0280,6
Ar,2,738.0423,28
Bi,2,738.1000,12
Np,1,738.1030,45
Np,1,738.1650,46
Xe,1,738.2570,60
La,1,738.2730,43
Bi,3,738.2900,5
Zr,1,738.3630,11
Ar,1,738.3980,87
I,1,738.4080,54
Ge,1,738.4208,34
Cs,2,738.4934,17
W,1,738.5080,33
Ni,1,738.5240,1
Th,1,738.5500,83
Xe,1,738.6003,83
Mg,1,738.7004,40
Sn,2,738.7165,59
Eu,1,738.7360,1
Hg,1,738.7500,7
Mg,1,738.7685,71
Eu,1,738.9160,11
I,1,739.0774,38
Pd,1,739.1900,22
Ba,1,739.2405,77
Ar,1,739.2980,48
Th,2,739.3438,45
Ni,1,739.3600,20
Xe,1,739.3793,89
Hg,1,739.3800,7
Hg,2,739.5622,66
Ti,3,739.7270,28
Ce,1,739.7770,63
Sn,1,739.8570,5
N,1,739.8640,43
F,1,739.8688,93
Y,1,739.8712,17
Cu,2,739.9884,22
Yb,3,739.9980,13
Cr,1,740.0180,94
Xe,1,740.0410,61
Be,2,740.1200,66
Ce,1,740.1270,20
Nd,1,740.1310,9
Be,2,740.1430,57
I,1,740.2043,95
Ge,1,740.2645,25
Np,1,740.2700,47
Ga,1,740.3000,91
Hg,1,740.3300,7
Cu,2,740.4356,57
Eu,1,740.4410,8
Xe,1,740.4510,37
Tc,1,740.5363,29
Xe,1,740.5770,4
Si,1,740.5774,94
N,1,740.6120,10
N,1,740.6240,59
Kr,2,740.7060,94
Dy,1,740.7590,2
Ta,1,740.7890,59
Sr,1,740.8120,2
Ti,3,740.8130,83
Rb,1,740.8173,88
Sn,2,740.8220,51
Si,1,740.9082,89
Ni,1,740.9350,20
S,1,740.9460,20
Lu,2,740.9700,1
Ba,1,741.0009,3
Yb,3,741.0010,60
I,1,741.0496,87
Ba,3,741.1190,9
I,1,741.1197,65
Hg,2,741.1852,60
Hg,1,741.2200,43
Ar,1,741.2337,43
Dy,1,741.2370,22
I,1,741.3567,65
Cl,1,741.4110,89
S,1,741.4350,17
Ni,1,741.4510,4
Si,1,741.5350,22
Si,1,741.5946,90
I,1,741.6458,80
Co,1,741.7380,2
Ba,1,741.7536,59
Hg,2,741.7864,86
I,1,741.8259,54
Rn,1,741.9040,51
Ti,3,741.9240,66
I,1,742.0006,71
Sr,3,742.1626,1
Ni,1,742.2280,30
Si,1,742.3497,97
N,1,742.3640,93
S,1,742.3680,28
I,1,742.3850,23
Xe,1,742.4050,51
Sc,2,742.4095,70
S,1,742.4140,38
Si,1,742.4600,55
Ar,1,742.5294,33
U,1,742.5500,17
Kr,1,742.5540,88
F,1,742.5645,84
Sc,2,742.6118,67
Pr,3,742.6480,97
Eu,2,742.6570,81
Dy,2,742.6860,16
Cu,1,742.7200,5
Er,1,742.8670,17
Th,1,742.8940,69
Pr,3,742.9050,98
Mg,3,742.9846,48
Gd,1,743.0190,7
Th,1,743.0253,31
Pu,1,743.1180,85
Tm,1,743.2180,32
Ti,3,743.2200,12
Ce,1,743.3080,26
Tc,1,743.4122,8
Tm,2,743.4510,1
Kr,2,743.4740,34
Ar,1,743.5368,56
Kr,2,743.5780,88
Ar,1,743.6297,33
Eu,1,743.6590,22
Cs,2,743.7778,77
Cu,2,743.8150,13
Sr,1,743.8420,1
Ce,1,743.8560,21
Ne,1,743.8898,98
Ag,2,743.9500,5
Sc,2,743.9810,77
Zr,1,743.9860,49
Ti,3,743.9940,29
Tm,2,743.9950,2
Ta,1,744.0170,1
Lu,1,744.1520,10
Ti,3,744.1720,39
Gd,1,744.1850,20
Xe,1,744.1940,51
N,1,744.2290,98
Sc,2,744.2343,61
Rh,1,744.2390,6
S,1,744.3350,62
Ce,1,744.4440,27
Sm,1,744.4560,23
I,1,744.4903,43
Te,2,744.5390,21
Sm,1,744.5410,21
Ca,3,744.6000,2
I,1,744.6361,67
S,1,744.6970,19
S,1,744.7650,31
Pu,1,744.7990,86
Yb,1,744.8280,16
S,1,744.9020,39
Sc,3,744.9155,94
Al,2,744.9420,62
Rn,1,745.0000,99
S,1,745.0250,53
Y,2,745.0275,18
Ti,3,745.0450,39
Sc,2,745.0968,71
Xe,1,745.1000,55
Tc,1,745.2496,63
In,2,745.3120,47
Hg,1,745.3900,65
Hg,1,745.6700,35
Yb,3,745.6860,21
Lu,2,745.6960,5
Dy,2,745.7050,1
Ti,3,745.7850,83
Er,1,745.9550,44
Ba,1,745.9664,58
Er,1,746.0420,8
Xe,3,746.0820,99
Te,2,746.0980,22
Hg,1,746.1300,25
Th,3,746.1875,95
Si,3,746.1890,12
Cr,1,746.2308,85
Cl,1,746.2370,47
Si,3,746.2620,58
La,1,746.3080,62
Pr,3,746.3960,52
Ga,1,746.4000,95
Gd,1,746.4360,21
Kr,1,746.5010,33
C,1,746.5450,41
Si,3,746.6320,65
C,1,746.6400,48
Zr,1,746.7570,1
Ta,1,746.7750,11
Kr,2,746.7990,5
Ra,1,746.8210,8
N,1,746.8310,99
Te,2,746.8750,26
I,1,746.8985,94
Er,1,746.9510,57
C,1,747.0090,44
Eu,1,747.0530,5
Sm,1,747.0760,14
Rn,1,747.0890,26
Al,2,747.1410,69
Pa,1,747.1890,46
Xe,1,747.2010,67
Tb,1,747.2150,2
Ce,1,747.2410,7
Ne,1,747.2438,75
Hg,1,747.2900,8
C,1,747.3310,71
Ti,3,747.3320,29
Xe,1,747.4010,55
Ti,3,747.5350,12
C,1,747.6120,67
O,1,747.6440,61
F,1,747.6540,62
O,1,747.7240,17
Zn,2,747.8769,72
O,1,747.9080,28
O,1,748.0670,29
Tm,1,748.1080,69
Te,2,748.1260,13
Th,1,748.1354,43
Sc,2,748.1928,50
F,1,748.2723,80
Rn,1,748.3130,27
Sc,2,748.3324,71
C,1,748.3410,82
La,2,748.3500,40
Tb,1,748.4540,7
Ti,3,748.4580,39
Mo,1,748.5740,28
Pt,1,748.6010,24
Ta,1,748.6010,1
Hg,2,748.6298,79
Kr,1,748.6862,92
Pd,1,748.6908,11
Pr,3,748.7400,76
Ba,1,748.8075,82
Ne,1,748.8871,97
F,1,748.9155,81
Cl,1,748.9470,48
Tm,1,749.0200,70
I,1,749.0533,84
Eu,1,749.1000,1
Ti,3,749.1920,12
Ne,2,749.2102,77
Cl,1,749.2118,52
Xe,1,749.2230,51
Pa,1,749.3150,75
Pr,3,749.3200,73
Sc,2,749.3216,78
Kr,1,749.3580,72
Tl,1,749.3600,27
Kr,1,749.4150,76
Th,3,749.4254,38
Hg,1,749.4500,8
Y,1,749.4848,23
Ti,3,749.5180,66
Xe,2,749.5360,55
Tb,1,749.5450,2
Pr,1,749.5590,32
Tb,1,749.6120,36
Ho,1,749.6200,1
Be,1,749.8300,16
La,1,749.8830,62
Pr,1,749.9420,2
Ru,1,749.9750,5
Ra,1,749.9870,26
Hg,1,750.0400,8
Xe,1,750.1130,52
Bi,1,750.2330,5
Sr,1,750.3380,0
Ar,1,750.3869,93
C,1,750.5670,52
Ti,3,750.6870,95
Tm,1,750.7280,21
Ti,3,750.7680,96
Pu,1,750.7800,86
C,2,750.8900,2
C,2,750.9770,31
Au,1,751.0730,94
Ho,1,751.0740,4
Pr,3,751.1170,52
Bk,1,751.1260,91
Tb,1,751.1400,15
Ge,1,751.1570,35
Np,1,751.2220,48
Br,1,751.2959,93
Ba,1,751.3455,7
Rn,1,751.4130,29
Xe,1,751.4540,28
Ar,1,751.4652,89
F,1,751.4919,66
Xe,1,751.4960,5
Np,1,751.5150,49
Nb,1,751.5930,20
Ti,3,751.5980,29
Rn,1,751.6920,30
Hg,3,751.7460,62
Cs,2,751.7870,28
C,2,751.9500,32
C,2,751.9860,35
Hg,1,752.0100,68
Cs,2,752.0332,5
Ta,1,752.0560,11
Sc,1,752.1740,82
Ni,1,752.2760,16
Ne,2,752.2822,94
Cs,2,752.3388,74
Ba,1,752.3642,4
Ti,3,752.3850,83
Rn,1,752.3930,12
Sc,1,752.4040,84
Kr,2,752.4480,93
Ni,1,752.5120,9
Kr,2,752.5490,42
Th,2,752.5507,71
Sc,2,752.6770,82
Pu,1,752.6930,87
Ce,1,752.7460,21
Yb,1,752.7460,24
Ce,1,752.7680,22
Cs,2,752.7683,42
Eu,1,752.8700,45
Pr,3,752.9110,88
C,2,753.0600,10
O,2,753.0620,29
Xe,2,753.0700,55
Ti,3,753.1150,13
Hg,1,753.1600,9
I,1,753.1807,67
Er,1,753.2340,22
Eu,1,753.3020,1
La,1,753.3590,35
Ce,1,753.3730,8
U,1,753.3930,25
Lu,3,753.4270,23
Ne,1,753.5774,96
Y,1,753.6639,11
W,1,753.7450,7
Er,1,753.9180,3
La,1,753.9230,76
I,1,753.9645,66
Tc,1,754.0265,68
Ca,3,754.0440,14
Zr,1,754.0620,5
Ti,3,754.0990,29
Hg,1,754.2900,43
Dy,1,754.3730,47
Ne,1,754.4044,92
Ti,3,754.4290,90
Zr,1,754.4590,5
Sm,1,754.4740,3
Tm,1,754.5780,32
Np,1,754.6050,51
Sm,1,754.6570,6
Cl,1,754.7072,93
Eu,1,754.7320,3
Pu,1,754.7450,88
Sc,3,754.8148,86
Xe,2,754.8450,89
Cs,2,754.8871,9
Pr,3,754.9200,52
Th,1,754.9314,23
Bk,1,755.1120,92
Ce,1,755.1250,8
Zr,1,755.1460,14
Be,1,755.1898,30
Hg,1,755.2100,62
F,1,755.2235,86
Bi,3,755.2400,23
Dy,1,755.3000,10
Sc,1,755.3950,84
Al,1,755.4162,11
I,1,755.4178,90
Zr,1,755.4700,22
Ho,1,755.5090,67
Ni,1,755.5600,24
Er,1,755.6260,27
Ga,1,755.6600,73
I,1,755.6643,69
Te,1,755.6800,18
Pa,1,755.8260,48
Tm,1,755.8330,82
Zr,1,755.8450,12
Y,3,755.8710,81
Pb,2,755.8970,75
Dy,1,755.9780,23
Xe,1,755.9790,67
Hg,1,756.0800,9
Cu,2,756.2014,27
Ce,1,756.2440,27
Ce,1,756.2860,9
Hf,1,756.2930,8
Dy,2,756.2960,11
Gd,1,756.2970,27
Y,1,756.3115,42
Al,1,756.3214,39
Sc,1,756.3470,82
Ce,1,756.3600,9
Pu,1,756.4500,89
Hg,2,756.4534,84
Ra,1,756.5490,26
Ti,3,756.6250,75
Ac,2,756.7652,45
Th,1,756.7742,71
Ca,3,756.8500,10
Sc,2,756.9896,13
W,1,756.9920,55
Cu,1,757.0090,68
Xe,1,757.0930,24
Hg,1,757.1200,9
I,1,757.1263,45
Pu,1,757.1870,89
Sn,3,757.2200,4
Pu,1,757.2930,90
F,1,757.3384,87
Tc,1,757.4026,30
Ni,1,757.4050,8
C,2,757.4070,39
Er,1,757.4210,4
Sc,1,757.4410,94
Nb,1,757.4580,50
Pr,1,757.4860,2
Se,1,757.5100,68
Ca,2,757.5810,35
Dy,2,757.7460,1
Cm,1,757.7800,93
Ba,3,757.7950,9
Ti,3,757.8260,30
Re,1,757.8730,8
S,2,757.8909,89
Ga,2,757.8980,38
Cu,2,757.9023,35
Tc,1,757.9267,60
Bk,1,757.9770,93
Tm,1,758.0610,35
Mg,2,758.0764,29
Hg,1,758.0900,10
Ca,2,758.1110,52
Tb,2,758.2030,3
W,1,758.2880,7
Se,1,758.3400,77
Cs,1,758.3775,32
Eu,1,758.3910,84
Xe,1,758.4290,33
Xe,1,758.4680,91
Th,1,758.5695,38
S,1,758.5700,23
Th,1,758.5792,69
Kr,1,758.7414,99
Tb,1,758.7490,16
Gd,1,758.8200,2
Zn,2,758.8465,79
I,1,758.8596,74
Pr,3,758.8640,66
Ho,1,758.9200,17
Ar,2,758.9315,46
Mg,2,758.9558,21
Xe,1,758.9610,24
Tb,1,759.0240,36
Er,1,759.0510,2
Cs,2,759.0697,65
S,1,759.0840,32
Dy,1,759.1300,23
Br,1,759.1611,25
Ho,1,759.1870,21
Se,1,759.2200,46
Ho,1,759.3640,4
Tm,1,759.3740,39
Ho,1,759.4350,1
Tm,2,759.5070,15
Br,1,759.5071,30
Sr,3,759.6148,18
Pr,3,759.6410,83
Tb,1,759.6440,50
Er,1,759.7330,10
Rn,1,759.7550,13
Sm,1,759.8010,7
Bi,3,759.9800,49
Xe,1,760.0770,33
S,1,760.0810,42
Rn,1,760.1280,32
Ca,2,760.1300,64
Kr,1,760.1546,99
Hg,1,760.2100,62
Ho,2,760.2310,0
Ca,2,760.2320,24
In,2,760.2860,46
Ce,1,760.3100,10
I,1,760.4859,57
Ho,1,760.5350,14
Hg,1,760.5900,43
Al,1,760.6159,62
Se,1,760.6800,28
Zr,1,760.7150,36
F,1,760.7170,89
Er,1,760.7230,4
Pt,1,760.7230,23
Pa,1,760.8200,77
Xe,1,760.8460,19
N,1,760.8800,28
Cs,1,760.9568,56
Pu,1,760.9770,91
Xe,1,760.9820,5
Ba,1,761.0477,53
Dy,1,761.1550,7
Gd,1,761.1780,3
W,1,761.2180,7
Si,3,761.2360,77
C,3,761.2650,37
Hg,1,761.2700,10
Zn,2,761.2900,67
La,2,761.2940,9
Er,1,761.3520,10
W,1,761.4150,85
Nd,1,761.4720,0
Pt,1,761.4813,21
Al,1,761.4820,74
Al,1,761.5339,12
Br,1,761.6411,37
Ni,1,761.7000,30
Ho,1,761.7050,6
Ac,2,761.7421,17
Sc,1,761.7440,89
Y,1,761.7608,12
Dy,1,761.7700,3
Pt,1,761.8150,44
Xe,2,761.8570,70
Be,1,761.8680,31
Hg,1,761.8800,10
Be,1,761.8881,47
Rb,1,761.8933,90
Ni,1,761.9210,10
U,1,761.9350,8
Cs,2,762.0425,21
Ga,1,762.0500,87
Hg,2,762.0763,90
Zr,1,762.1170,5
Sr,1,762.1500,15
Gd,1,762.1960,15
Y,1,762.2961,25
Er,1,762.3480,5
Tb,1,762.4050,8
Hf,1,762.4387,69
Al,2,762.4480,25
Np,1,762.4830,52
Pr,3,762.5630,53
Pt,1,762.6180,16
Pa,1,762.6790,79
Np,1,762.6850,53
Th,1,762.7175,16
Tb,1,762.7810,23
Al,2,762.7850,40
Ho,1,762.7980,10
Ho,1,762.8420,36
S,2,762.9740,79
Tm,1,762.9850,4
Hg,1,763.1700,11
Pb,2,763.2560,77
In,2,763.2800,51
Ne,2,763.3267,18
Ar,1,763.5106,97
Pa,1,763.5180,81
Al,2,763.5330,46
Al,3,763.5370,59
Ba,1,763.6777,45
Bi,2,763.7000,13
Pt,1,763.7630,25
Bi,3,763.8600,18
In,2,763.8880,27
Lu,1,764.0080,2
Cs,1,764.0334,74
Re,1,764.0940,11
Dy,1,764.1090,32
Ho,1,764.1140,4
Kr,2,764.1160,84
Xe,1,764.2024,97
Ba,1,764.2793,53
Xe,1,764.3910,83
Er,1,764.5670,15
Sm,1,764.5820,10
Dy,1,764.5860,10
Ce,1,764.6080,28
Hg,1,764.6400,35
Dy,1,764.6640,7
Th,1,764.7379,88
Ce,1,764.7880,10
Ho,1,764.8160,0
Sb,1,764.8258,6
Pr,3,764.8340,53
Tm,2,764.8760,2
Gd,1,765.0320,15
Er,1,765.0630,6
Cs,2,765.1112,3
Cs,2,765.1948,81
Kr,1,765.2160,33
Cu,2,765.2333,42
Y,1,765.2854,11
Hg,1,765.3700,11
Ho,1,765.3800,10
Er,2,765.4450,9
Ne,2,765.4546,61
W,1,765.4810,55
Tm,1,765.5000,36
Cs,2,765.5301,64
Rn,1,765.7480,52
Mg,1,765.7603,88
Er,1,765.8050,12
Zr,1,765.8600,14
Mg,1,765.9152,84
Er,1,765.9250,23
Mg,1,765.9902,79
Al,3,766.0259,56
Dy,1,766.2360,56
C,1,766.2440,89
Xe,1,766.4020,34
La,1,766.4340,24
Yb,3,766.4410,57
Xe,1,766.4560,61
Cu,2,766.4645,56
W,1,766.4880,92
K,1,766.4899,99
Er,1,766.5640,0
Sc,1,766.5680,82
Tm,1,766.6240,11
Xe,1,766.6610,34
Hg,1,766.6900,43
Ho,1,766.7300,7
Pa,1,766.9340,83
Pr,3,767.0650,53
Xe,2,767.0660,83
I,1,767.0980,66
Ba,1,767.2085,91
Cl,1,767.2420,76
Gd,1,767.2560,16
Sr,1,767.3077,34
Br,3,767.3100,4
Cm,1,767.3790,94
Hg,1,767.4000,50
Pr,3,767.4650,74
Tm,2,767.6040,4
Gd,1,767.6060,3
Hg,1,767.7300,35
Cs,2,767.8027,14
Tl,1,767.8930,16
Ca,3,767.8980,8
Pa,1,767.9200,50
S,1,767.9610,73
Er,1,768.0010,32
Mn,1,768.0200,5
Si,1,768.0267,68
Np,1,768.1010,54
Al,3,768.1971,60
Ce,1,768.2470,28
In,2,768.2978,89
Tc,1,768.4458,0
C,1,768.5170,87
Hg,1,768.5200,11
Kr,1,768.5246,95
Np,1,768.5250,55
Sn,1,768.5270,9
Th,2,768.5307,10
S,1,768.6110,86
Ag,1,768.7772,92
Te,2,768.8610,14
W,1,768.8970,55
Pu,1,768.9400,91
Y,1,768.9472,10
Mg,1,769.0165,57
Ho,1,769.0430,18
Eu,3,769.0440,82
Zr,1,769.0830,1
Mg,1,769.1550,75
C,1,769.2495,71
Hg,1,769.3000,12
Ho,1,769.3150,41
Ca,3,769.3380,11
Gd,1,769.4450,7
Kr,1,769.4540,96
Cs,2,769.5469,35
Sm,1,769.5780,7
S,1,769.6720,93
I,1,769.6959,21
Tc,1,769.7370,60
Sc,1,769.7760,98
Y,1,769.7918,12
K,1,769.8965,98
Yb,1,769.9480,95
I,1,770.0181,91
Tm,1,770.1460,14
Cl,1,770.2828,43
Kr,1,770.3350,20
Hg,1,770.4100,12
Cs,2,770.4636,9
Ba,1,770.6567,13
Hg,1,770.6600,12
O,1,770.6750,18
Sc,2,770.9172,97
Mn,1,771.2420,3
Xe,2,771.2420,42
Co,1,771.2680,2
Ni,1,771.4320,21
Ho,1,771.5060,36
Sr,3,771.5070,7
Dy,1,771.5330,32
Ni,1,771.5580,5
I,1,771.5657,2
Cl,1,771.7581,90
Hg,1,771.8700,26
Cs,2,771.9024,15
Ho,1,771.9050,14
Y,1,771.9888,25
Hg,1,772.0200,13
Ti,3,772.0390,13
Cm,1,772.0470,95
Pr,1,772.1840,49
Er,1,772.2140,8
Mg,1,772.2614,9
Ar,1,772.3761,90
Y,1,772.4057,26
Ar,1,772.4207,88
S,1,772.5046,2
Rb,2,772.6078,40
Er,2,772.6190,1
Cu,2,772.6637,1
Nb,1,772.6680,22
Ni,1,772.7610,25
Sr,3,772.8022,60
Hg,1,772.8825,81
198Hg,1,772.8831,30
I,1,772.8919,17
Sn,2,772.9600,57
Dy,2,772.9760,11
Sc,1,772.9760,97
Bk,1,772.9930,94
Tm,1,773.1530,73
Ce,1,773.2330,11
Zn,2,773.2489,81
Hg,1,773.2600,51
Pb,2,773.2960,21
Gd,1,773.3500,32
Ga,1,773.4770,97
Np,1,773.5140,80
Kr,2,773.5720,90
Tb,1,773.7630,24
Rn,1,773.8430,54
Pt,1,773.8580,14
Cu,2,773.8666,45
Ho,1,773.8980,14
Ce,3,773.9040,32
Hf,1,774.0170,17
Sn,3,774.0300,2
Xe,1,774.0310,68
In,2,774.0700,55
Ne,2,774.0740,87
Sc,1,774.1222,95
Sc,1,774.1280,97
Kr,1,774.1370,58
Sn,2,774.1425,63
Pr,3,774.2340,88
Eu,1,774.2570,59
Si,1,774.2710,23
Cl,1,774.4970,93
Ne,2,774.5019,41
Pr,3,774.5590,76
Eu,1,774.6190,60
Mg,1,774.6343,10
Rn,1,774.6640,71
Kr,1,774.6828,85
Cs,2,774.6980,70
Er,1,774.7440,11
Ce,1,774.8350,43
Ni,1,774.8890,25
Kr,1,774.9160,34
Pa,1,774.9190,85
Gd,1,774.9300,20
Pt,1,774.9744,40
Bi,2,775.0000,15
Dy,2,775.1620,2
Ba,1,775.1753,13
Ho,1,775.2010,1
Pr,3,775.4310,89
Cu,2,775.4369,13
Er,1,775.4630,23
F,1,775.4696,97
Sn,1,775.4881,19
Pr,3,775.5480,54
Gd,1,775.5970,3
Rb,1,775.7651,92
Hf,2,775.7890,0
Zn,2,775.7900,74
Pu,1,775.8200,92
Ce,3,775.8270,11
Lu,1,775.8300,3
I,1,775.8815,24
Te,1,775.9100,48
Mg,1,775.9297,10
Sr,3,775.9418,45
Rb,1,775.9436,74
Np,1,776.1610,56
Xe,1,776.2150,14
Er,1,776.2160,1
N,2,776.2240,79
Pd,1,776.3970,51
Mn,1,776.4720,3
Np,1,776.5750,81
I,1,776.8122,2
Kr,1,776.8430,46
Cl,1,776.9160,68
Sc,1,777.1060,74
Cl,1,777.1090,50
O,1,777.1940,98
Hg,2,777.1951,72
Xe,2,777.2120,34
Kr,1,777.2400,46
Rh,1,777.2900,7
O,1,777.4170,96
O,1,777.5390,95
Np,1,777.6070,57
Ge,1,777.6200,6
Kr,1,777.6280,81
Cs,2,777.6872,62
In,2,777.6950,56
Xe,3,777.7100,36
Ca,3,777.7140,7
Cs,2,777.7283,12
I,1,777.8409,7
Cu,2,777.8735,40
Ba,1,778.0478,85
Pt,1,778.0510,47
Kr,2,778.1970,80
Pr,3,778.1980,97
Tm,1,778.2350,26
Xe,1,778.3660,72
W,1,778.4150,70
Sc,1,778.5170,93
Mg,2,778.6500,36
Pd,1,778.6592,23
Kr,1,778.6660,21
Pt,1,778.6753,51
In,2,778.6930,20
Xe,2,778.7040,71
Np,1,778.7460,59
Y,1,778.8402,20
Th,1,778.8934,63
Ni,1,778.8940,14
In,2,778.8990,56
Xe,1,778.9420,42
Pt,1,779.0190,17
Mg,2,779.0978,30
Np,1,779.1380,82
Rh,1,779.1610,18
Kr,2,779.1900,6
Be,1,779.2000,16
Ga,2,779.2260,95
Tc,1,779.3046,69
Tb,1,779.3200,8
Ti,3,779.4490,30
Sm,1,779.4500,8
Ca,3,779.4600,9
Sc,1,779.4720,74
Hg,1,779.5200,13
Y,1,779.6291,20
Er,1,779.6690,8
Ti,3,779.7340,13
Er,1,779.7470,32
Ni,1,779.7590,17
Ce,1,779.7700,11
Th,1,779.8358,18
Pu,1,779.8540,93
I,2,779.8980,48
Zn,1,779.9362,8
Si,1,780.0008,10
Ga,1,780.0010,99
F,1,780.0220,97
Rb,1,780.0268,99
Sc,1,780.0420,96
Sm,1,780.1540,9
Ga,1,780.1600,53
In,2,780.2220,1
Y,1,780.2487,10
Xe,1,780.2651,84
Br,1,780.3017,86
Eu,1,780.3320,6
Tm,1,780.3930,36
In,2,780.4310,0
Xe,1,780.4640,34
Cu,2,780.5189,42
Kr,1,780.6520,86
In,2,780.6870,48
Cu,2,780.7653,62
Hg,3,780.8100,43
Th,3,780.8330,63
W,1,780.8960,33
Pb,1,780.9259,49
Na,1,780.9780,31
Rn,1,780.9820,91
Na,1,781.0240,27
Sr,3,781.0860,81
Mg,1,781.1135,31
Dy,1,781.2060,33
Y,1,781.2132,23
Al,2,781.2310,25
Cu,2,781.2318,9
I,1,781.3421,34
Hg,1,781.3900,13
In,2,781.4490,48
Pr,3,781.4740,74
Ho,1,781.5480,46
Tl,1,781.5800,46
Al,2,781.5830,40
Lu,1,781.5900,3
In,2,781.6620,27
Te,2,781.6790,8
Tc,1,781.7728,69
Th,1,781.7770,85
Pb,1,781.7969,11
Eu,1,781.8210,6
Ca,3,781.8570,5
Zr,1,781.9350,49
Hg,1,782.0700,66
Ca,2,782.0780,43
Cl,1,782.1360,69
Sc,1,782.1560,82
Rb,2,782.1863,49
Hg,1,782.2200,14
F,1,782.2590,65
Zr,1,782.2940,21
Ho,1,782.3630,37
Al,2,782.3720,46
Cs,2,782.3918,13
Cs,2,782.4140,33
Ti,2,782.4902,11
Rh,1,782.4910,37
Xe,1,782.5550,61
Cu,2,782.5653,59
Sn,2,782.5970,35
Hg,1,782.6000,44
Zr,1,782.6720,22
Ce,3,782.6800,29
Br,1,782.7229,13
Pb,1,782.9008,18
In,2,782.9180,15
Rh,1,783.0050,2
Kr,1,783.0210,21
Pt,1,783.0400,27
Ca,3,783.0710,24
Cl,1,783.0750,62
C,1,783.2629,84
Xe,1,783.2980,34
Ge,1,783.3573,52
Ir,1,783.4320,1
B,3,783.5250,89
Al,1,783.5309,91
Ra,1,783.6090,10
Al,1,783.6134,91
C,1,783.7105,68
Ge,1,783.7632,36
Ra,1,783.8120,96
Ne,2,783.8556,41
Bi,1,783.8617,15
Er,1,783.8800,9
Ba,1,783.9569,24
Kr,1,784.0010,52
C,1,784.0270,71
Bi,1,784.0316,3
Kr,1,784.0400,40
In,2,784.0961,94
Xe,1,784.1230,43
Pr,1,784.1270,3
B,3,784.1410,83
La,1,784.1800,11
Ti,3,784.2220,30
Ce,1,784.2590,29
Ca,3,784.3060,32
Ca,2,784.3380,54
Er,1,784.4000,11
Sb,1,784.4351,30
Gd,1,784.4870,5
Cu,2,784.5079,39
Hf,1,784.5370,56
P,2,784.5630,63
Gd,1,784.5800,3
Gd,2,784.6350,2
Rh,1,784.6500,2
Th,1,784.7539,89
Er,1,784.7550,15
C,1,784.8246,84
Si,2,784.8800,88
Zr,1,784.9350,40
Ca,3,784.9540,10
Si,2,784.9720,96
Si,1,784.9967,10
Np,1,785.1440,60
Cs,2,785.2519,88
C,1,785.2862,85
Ge,1,785.3770,26
Kr,1,785.4823,93
Y,1,785.5468,36
Tb,2,785.5790,9
Tm,1,785.6080,61
Tc,1,785.6380,0
Kr,2,785.6520,53
Gd,1,785.6930,20
Cs,2,785.8636,65
Sm,1,785.9530,0
C,2,786.0550,36
C,1,786.0880,95
Tc,1,786.1440,30
Te,2,786.1610,11
Ne,2,786.2946,18
W,1,786.3470,34
Kr,1,786.3910,72
Ce,1,786.4490,29
Y,3,786.4530,70
Tb,1,786.4990,6
Th,1,786.5970,24
Ce,1,786.6040,12
Ac,1,786.6102,74
Pr,3,786.6140,96
Sc,2,786.6214,71
W,1,786.7040,7
Ti,3,786.7900,13
Sc,3,786.8648,87
Gd,1,786.9720,10
Zr,1,786.9990,21
Tc,1,787.1250,49
Pr,1,787.1670,42
Kr,1,787.1930,21
Nd,1,787.2030,1
Th,3,787.2632,81
Pa,1,787.2950,52
Ne,2,787.3873,41
Ba,3,787.3930,3
Er,1,787.5360,2
Mg,2,787.7051,92
Ra,1,787.7080,28
Ba,1,787.7801,8
Ge,1,787.8120,37
Cl,1,787.8220,80
F,1,787.9180,38
Ho,1,787.9220,2
Er,1,787.9360,2
W,1,788.0400,36
Hg,2,788.1034,40
Pr,1,788.1090,4
Xe,1,788.1320,84
Ru,1,788.1490,6
Br,1,788.1513,55
Mg,1,788.1667,21
Kr,1,788.1760,76
Al,3,788.1790,71
Y,2,788.1878,45
U,1,788.1940,26
Kr,1,788.2360,58
Ta,1,788.2370,41
Al,3,788.2516,57
Xe,2,788.2710,34
Nb,1,788.5310,4
Tb,1,788.5700,0
O,1,788.6270,5
Th,1,788.6283,2
W,1,788.6480,55
Ac,2,788.6822,36
Xe,1,788.7393,94
Np,1,788.7880,61
Eu,1,788.7990,34
Pr,3,788.8120,93
Xe,2,788.9400,55
Sr,3,788.9492,67
S,1,789.0490,14
I,1,789.0850,21
S,1,789.1030,25
Ar,1,789.1075,34
Yb,3,789.2390,61
I,1,789.2430,4
Xe,2,789.2600,7
Yb,3,789.3100,36
Cl,1,789.3340,35
Ho,1,789.4640,46
Yb,1,789.5080,1
Sn,3,789.5100,17
Cu,2,789.5805,36
Sm,1,789.5960,16
Mg,2,789.6368,96
Ra,1,789.6430,46
Pb,1,789.6737,12
Pr,3,789.7090,84
I,1,789.7968,83
Ca,3,789.8460,45
F,1,789.8588,52
Cl,1,789.9310,77
Er,1,789.9550,17
Ti,3,789.9900,48
S,1,790.1460,25
Np,1,790.1710,62
Sc,2,790.1935,13
S,1,790.2070,49
Cu,2,790.2548,41
Sn,2,790.3532,45
Bk,1,790.3900,95
Kr,1,790.4620,77
Al,3,790.5513,63
Ba,1,790.5747,78
Nd,1,790.6030,2
I,1,790.7857,24
Co,1,790.8679,1
Dy,1,790.9380,24
Sn,1,791.0414,4
Pt,1,791.1250,33
Ba,1,791.1329,78
Re,1,791.2940,12
Er,1,791.3080,6
Tb,1,791.3110,1
Kr,1,791.3425,86
Ce,1,791.3520,22
Pr,3,791.4000,94
I,1,791.4700,7
Cl,1,791.5080,64
Pd,1,791.5755,31
Y,3,791.6710,76
Ni,1,791.7440,0
Tm,1,791.8100,4
Si,1,791.8386,61
Sc,2,791.9424,13
Cs,2,791.9452,5
Kr,1,792.0470,81
Xe,2,792.0480,16
Hf,1,792.0750,23
Th,3,792.0857,62
Al,3,792.1660,20
Te,2,792.1690,10
Er,1,792.1850,33
I,1,792.2149,17
Pr,3,792.3160,54
Cs,2,792.3418,48
S,1,792.3900,95
Ba,3,792.4440,4
Sb,1,792.4583,68
Cl,1,792.4645,81
Rb,1,792.5260,33
Rb,1,792.5537,28
Br,1,792.5808,44
Ne,2,792.6201,87
I,1,792.7097,52
Tm,1,792.7510,66
Ce,1,792.7720,12
Tb,2,792.7900,3
I,1,792.7909,7
S,1,792.7980,40
Kr,1,792.8599,81
S,2,792.8656,23
S,1,792.8820,70
Hg,1,792.9800,36
Ag,2,793.0200,45
S,1,793.0280,84
Mg,1,793.0806,50
Tm,1,793.0840,78
F,1,793.0930,81
Kr,2,793.1410,58
S,1,793.1660,90
Sm,1,793.1920,4
Si,1,793.2349,76
Cu,1,793.3130,92
Ba,3,793.3380,4
Cl,1,793.3890,67
Cs,2,793.4486,60
Cl,1,793.5012,63
F,1,793.6314,42
Lu,3,793.6450,36
Hg,1,793.6900,14
Ne,1,793.6996,50
Xe,1,793.7410,68
Er,1,793.7840,28
Kr,1,793.8340,21
Br,1,793.8679,87
Zr,1,794.0470,5
W,1,794.0920,74
Te,2,794.3140,14
O,1,794.3150,19
Ne,1,794.3180,86
Si,1,794.4001,79
Cu,2,794.4437,30
Hg,2,794.4555,100
C,1,794.4600,69
Zr,1,794.4610,59
I,1,794.4775,65
I,1,794.4840,19
Pa,1,794.5560,54
Hg,3,794.6750,74
Kr,1,794.6990,72
Mg,1,794.7070,22
O,1,794.7170,20
O,1,794.7550,64
Rb,1,794.7603,97
Br,1,794.7938,47
Ar,1,794.8176,94
Ce,3,794.8640,11
Ti,1,794.9151,38
Th,3,794.9689,35
Br,1,795.0182,48
Ta,1,795.0190,11
Te,2,795.0340,7
O,1,795.0800,62
C,1,795.1346,51
I,1,795.1928,72
O,1,795.2160,54
C,1,795.2190,73
Cl,1,795.2520,51
Er,1,795.2930,7
Pu,1,795.3170,94
Mg,1,795.3390,31
F,1,795.4090,56
Xe,1,795.4220,14
S,2,795.4268,12
Tb,1,795.5310,5
K,1,795.5370,21
I,1,795.5904,11
F,1,795.6320,38
Zr,1,795.6660,36
K,1,795.6830,13
Sc,2,795.7000,14
Ag,2,795.7300,29
Kr,1,795.7670,22
Nd,1,795.8950,12
Zr,1,795.9980,36
Ce,3,796.0310,30
I,1,796.0409,25
Pd,1,796.1024,16
Ge,1,796.2265,7
Po,1,796.2620,80
Zr,1,796.3630,6
Sr,3,796.3951,30
Cs,2,796.4418,0
Er,1,796.4510,13
La,1,796.4830,50
Bi,2,796.5000,65
Xe,1,796.7342,97
S,2,796.7371,79
Dy,1,796.8630,3
I,1,796.9472,82
Sb,1,796.9550,12
Si,1,797.0306,14
U,1,797.0460,12
Ba,3,797.0840,22
Yb,3,797.1460,70
Tm,1,797.1560,8
Pr,3,797.2750,94
Te,1,797.2900,54
Hg,1,797.3300,14
Kr,2,797.3620,82
Ba,3,797.3660,16
I,1,797.4466,75
Cl,1,797.4720,60
Ti,3,797.5940,30
Np,1,797.5980,63
Xe,1,797.6030,28
Cl,1,797.6970,58
Pt,1,797.7335,43
Sr,3,797.8275,68
Br,1,797.8511,76
Ti,1,797.8815,14
Th,1,797.8973,97
Er,2,797.9030,1
Hg,1,797.9100,62
Rb,2,798.0515,10
Cl,1,798.0600,50
Re,1,798.0770,7
Er,1,798.0870,7
Ti,3,798.1090,66
Kr,1,798.1190,73
Kr,1,798.1820,77
O,1,798.1940,25
O,1,798.2400,41
Kr,1,798.2406,59
Ba,1,798.2440,4
Ge,1,798.3327,7
Hg,3,798.4510,89
In,2,798.5460,8
Tm,1,798.5930,23
O,1,798.6980,59
O,1,798.7330,42
Co,1,798.7360,3
C,1,798.7889,75
Xe,2,798.7990,48
Cu,2,798.8160,54
Y,3,798.9410,29
Br,1,798.9938,88
As,2,799.0530,40
Kr,1,799.0780,22
Ce,3,799.1010,30
Y,3,799.1430,89
Cs,2,799.1575,49
C,1,799.2526,38
Al,1,799.3048,63
Kr,1,799.3120,46
Kr,2,799.3240,88
C,1,799.3420,77
Ca,3,799.3570,1
Hf,1,799.4760,73
O,1,799.5070,69
Cu,2,799.6793,1
Cs,2,799.7439,97
Cl,1,799.7850,79
I,1,799.8014,22
Tb,1,799.8030,4
Y,1,799.9358,16
Tc,1,799.9730,60
Se,1,800.1000,85
Tl,3,800.1000,57
Tb,1,800.1040,7
Pr,3,800.1140,77
La,1,800.1890,44
Xe,2,800.1950,16
Ga,1,800.2550,89
Al,1,800.3186,74
Xe,1,800.3260,35
I,1,800.3603,88
Ca,3,800.4810,1
Ra,1,800.5130,46
Ag,2,800.5186,50
Zr,1,800.5270,60
Ar,1,800.6157,94
Hg,1,800.7100,14
Co,1,800.7270,4
Nd,1,800.7700,10
Cs,3,800.7736,92
Bi,3,800.8400,77
Xe,2,800.8450,89
Lu,3,800.8590,1
Xe,1,800.9590,61
Cs,2,801.2981,87
O,2,801.3157,7
Xe,2,801.4260,55
Tm,1,801.4770,32
Ar,1,801.4786,97
C,1,801.4980,83
Eu,1,801.5470,4
Cl,1,801.5610,70
Th,3,801.5696,41
F,2,801.6010,1
W,1,801.7190,74
Ca,2,801.7500,26
Hg,1,801.7900,15
Tm,1,801.7900,76
C,1,801.8564,62
Ra,1,801.9250,28
Ra,2,801.9700,92
Ca,2,802.0500,27
C,1,802.1260,83
Hg,1,802.2300,59
Ag,2,802.3000,26
I,1,802.3007,72
Er,1,802.3030,3
Cl,1,802.3330,57
Ti,1,802.4840,1
Tb,2,802.5420,9
Br,1,802.6458,54
Ta,1,802.6500,31
C,1,802.6700,72
C,1,802.8300,28
Xe,1,802.9670,84
Sn,1,802.9849,18
Rh,1,802.9910,10
Ce,3,803.0800,18
Ge,1,803.1037,53
Xe,2,803.1640,71
Pr,1,803.1920,4
Th,1,803.2432,58
Bi,3,803.2700,4
Kr,1,803.3520,22
Xe,2,803.5400,34
Si,1,803.5619,15
C,1,803.5900,79
Er,1,803.5910,13
Se,1,803.6400,70
C,2,803.7760,12
Xe,2,803.8260,71
Xe,3,803.8260,100
Sn,1,803.8491,7
Pa,1,803.9340,87
C,2,803.9390,18
I,1,803.9813,28
Kr,1,804.0500,52
Xe,1,804.0560,35
F,1,804.0931,69
Xe,1,804.2180,43
Sc,2,804.2284,14
Nd,1,804.3240,11
Sc,1,804.3550,57
I,1,804.3696,99
Sc,1,804.3830,84
Ge,1,804.4162,27
Sc,3,804.4799,21
C,1,804.5333,89
Rh,1,804.5360,18
Zr,1,804.6050,12
P,1,804.6801,13
Cs,2,804.7127,93
Xe,3,804.7280,92
Mg,1,804.7730,32
C,2,804.8320,2
Rn,1,804.9000,73
Mg,1,804.9854,41
Bi,2,805.0000,36
Hg,1,805.0000,15
Kr,3,805.0070,21
In,1,805.0780,56
Cl,1,805.1070,41
Ca,3,805.1230,9
La,1,805.1390,44
Ar,1,805.3308,23
Tb,1,805.3800,1
Hg,1,805.4100,26
Mg,1,805.4232,50
Zr,1,805.5290,6
Pr,1,805.5430,5
W,1,805.5640,75
Sn,2,805.5720,9
Zr,1,805.5760,6
Yb,3,805.6020,36
Te,2,805.6140,1
Xe,1,805.7258,91
Zr,1,805.8080,32
Hg,1,805.8200,15
Hg,1,805.8400,16
C,1,805.8590,93
Kr,1,805.9505,92
W,1,806.0380,34
Se,1,806.0900,30
Cs,2,806.1324,23
Xe,1,806.1339,89
Te,1,806.1400,58
C,2,806.2120,12
C,1,806.2356,86
C,2,806.2780,18
Zr,1,806.3090,57
Sm,1,806.5160,16
Se,1,806.5300,32
I,1,806.5693,78
Al,1,806.5968,70
Cd,2,806.6904,63
In,2,806.7260,8
Pr,1,806.7440,43
Zr,1,807.0080,92
Bi,3,807.0300,76
C,1,807.0416,86
Hg,1,807.0700,51
Ce,1,807.0710,44
Ba,3,807.4130,10
Ca,3,807.4210,14
Ga,1,807.4250,93
Al,1,807.5353,80
F,1,807.5519,67
Al,1,807.6289,26
C,2,807.6640,43
F,1,807.7521,43
Gd,1,807.7590,7
Cs,2,807.8028,34
K,1,807.8110,39
C,1,807.8480,90
Cs,2,807.8496,83
Eu,3,807.9070,51
Sr,3,807.9165,18
Ba,3,807.9430,4
K,1,807.9620,28
Xe,2,808.0310,56
Np,1,808.0320,64
Sr,3,808.0349,36
Se,1,808.1100,34
Sr,3,808.1299,25
Cs,2,808.2012,18
Ne,1,808.2458,83
Te,1,808.2500,38
C,1,808.3797,90
Ce,3,808.4120,12
Ne,2,808.4345,77
Cl,1,808.4510,64
Tb,2,808.5060,10
Cl,1,808.5560,71
La,1,808.6050,72
Cl,1,808.6670,82
Al,2,808.6910,26
Cl,1,808.7730,59
Cu,2,808.8585,19
Ne,2,809.0050,42
Be,1,809.0061,77
Hg,1,809.0400,16
I,1,809.0760,88
Cu,1,809.2634,96
Se,1,809.3200,48
Si,1,809.3241,49
Th,1,809.3624,41
Pt,1,809.3842,12
Co,1,809.3960,3
Ce,1,809.4430,13
Cl,1,809.4670,36
Se,1,809.4700,50
Ge,1,809.5291,8
Cu,2,809.5527,42
Ag,2,809.6300,20
Ni,2,809.6750,81
Xe,1,809.7240,5
Sc,2,809.7788,98
Ti,3,809.8470,39
Mg,1,809.8724,66
Nd,1,809.9170,12
Rn,1,809.9510,93
Pa,1,809.9840,89
Ag,2,810.0253,37
Cs,2,810.0268,7
Bi,3,810.0300,21
Xe,1,810.1980,84
Pu,1,810.2540,94
Si,3,810.2860,66
Pr,3,810.2900,98
Si,3,810.3450,75
Ca,3,810.3650,10
Ar,1,810.3693,95
Ar,2,810.3693,99
Kr,1,810.4020,96
Kr,1,810.4366,100
Th,3,810.5395,92
I,1,810.5579,51
Xe,1,810.7910,24
Xe,1,810.9460,43
Mn,2,811.0388,48
Rb,2,811.2273,19
Kr,1,811.2901,97
Hg,1,811.3100,44
P,3,811.3528,23
Sn,1,811.4030,27
Ni,2,811.4210,52
La,3,811.4420,16
Mg,2,811.5220,75
Ar,1,811.5311,99
Xe,2,811.5940,56
V,1,811.6789,45
Sr,3,811.7338,34
Yb,3,811.7440,14
Ti,3,811.7530,14
Sr,3,811.8082,25
Xe,1,811.8290,43
Ne,1,811.8550,76
Ca,3,811.8990,7
Sr,3,811.9127,45
Pr,3,811.9540,77
Al,2,811.9720,44
Zr,1,812.0170,6
Ce,1,812.0360,44
Mg,2,812.0434,66
Ba,1,812.0517,8
Sn,1,812.0564,11
Ni,2,812.1480,59
Al,2,812.1890,11
Al,2,812.2030,30
Al,2,812.2080,26
Te,2,812.2440,6
Cs,2,812.2467,53
S,1,812.3000,60
Al,2,812.3520,3
W,1,812.3820,85
Np,1,812.4590,65
S,1,812.5450,50
Li,1,812.6230,79
Li,1,812.6450,83
Tc,1,812.6557,30
F,1,812.6560,44
Ne,1,812.8911,50
Hg,1,812.9200,16
F,1,812.9260,56
Tl,1,813.0000,44
Kr,2,813.0030,26
Te,2,813.0390,2
Pu,1,813.0860,95
S,1,813.1280,68
Br,1,813.1522,89
Pr,3,813.2230,84
Pd,1,813.2788,40
Kr,1,813.2980,88
Zr,1,813.2990,78
S,1,813.3010,32
Ba,3,813.3020,10
Ca,2,813.3050,58
Sr,3,813.3294,68
Ba,3,813.4320,16
Nb,1,813.5200,11
S,1,813.5440,54
Cs,3,813.5877,92
La,3,813.5960,10
S,1,813.6170,44
Rh,1,813.6200,2
Hg,1,813.6300,26
Ne,1,813.6406,94
Xe,2,813.6830,42
Pr,3,813.8340,54
Th,1,813.8476,16
C,2,814.0560,36
Ca,3,814.1060,4
Pr,1,814.1100,32
Cf,1,814.1290,94
Th,1,814.3138,83
W,1,814.3190,34
Ac,1,814.3345,40
Sc,2,814.3536,28
Kr,1,814.4960,64
Au,1,814.5060,26
Kr,2,814.5140,80
Hg,1,814.5400,27
Gd,1,814.6150,13
Dy,1,814.7290,8
Cs,2,814.7433,63
S,1,814.7810,66
S,1,814.8410,40
Se,1,814.9300,61
S,1,815.0750,19
Sc,2,815.1168,14
Hg,3,815.1640,28
Xe,2,815.1800,71
Se,1,815.2000,52
Zr,1,815.2580,7
Br,1,815.2649,8
Hg,1,815.3100,36
S,1,815.3490,28
Hg,1,815.3600,44
Br,1,815.3753,67
Br,1,815.3999,84
Ca,3,815.4070,2
Sr,3,815.4148,45
Te,2,815.4470,3
Mg,1,815.4644,11
S,1,815.5090,29
Np,1,815.5110,66
Sr,3,815.5280,7
Sr,3,815.5822,14
S,1,815.5930,30
Pb,2,815.6910,5
Sr,3,815.7088,8
Kr,2,815.7250,27
Se,1,815.7700,72
Be,1,815.8993,5
Mg,1,815.9132,23
Be,1,815.9243,32
F,1,815.9510,39
Th,1,815.9728,62
Sr,3,816.0170,3
V,1,816.1061,21
Se,1,816.3100,63
S,1,816.3240,30
Hg,1,816.3400,70
Tb,1,816.4170,16
Nd,1,816.4970,7
Sr,3,816.5724,30
Hg,1,816.6400,66
Np,1,816.7420,68
Bi,3,816.7800,2
Pb,1,816.8001,37
I,1,816.9368,90
Th,1,816.9787,11
Tc,1,817.0558,30
Sc,2,817.0670,40
Xe,1,817.1020,85
Y,3,817.1410,78
Tb,1,817.1700,5
Ti,3,817.2210,83
Hg,1,817.2800,69
Ti,3,817.3370,75
Rn,1,817.3840,15
As,2,817.4510,18
U,1,817.4660,9
Ra,1,817.7310,72
Ce,3,817.7330,18
Ti,3,817.8000,75
Lu,1,817.8160,7
Kr,3,817.8670,3
I,1,817.8951,39
Ti,3,817.9130,66
F,1,817.9339,57
Er,1,818.1850,14
Ti,3,818.2420,84
Se,1,818.2900,54
Np,1,818.3060,69
Na,1,818.3256,38
I,1,818.3268,50
N,1,818.4870,69
Se,1,818.5000,15
I,1,818.5063,5
Ce,3,818.6030,12
Te,2,818.6440,12
Th,1,818.6912,83
Sr,3,818.7402,26
I,1,818.7818,35
N,1,818.8020,71
Np,1,818.8610,70
Ca,3,818.8630,27
Sr,3,818.8898,26
Hg,1,818.9200,36
Kr,1,819.0057,94
Si,3,819.0430,45
Te,2,819.0940,23
Si,3,819.1160,27
F,1,819.1241,40
In,2,819.1630,42
Si,3,819.1680,59
Pb,1,819.1885,19
Cu,2,819.2221,9
Ti,3,819.2680,76
Tm,1,819.4190,32
Cl,1,819.4420,78
Se,1,819.4600,35
Zr,1,819.4730,22
Ti,3,819.4750,76
Na,1,819.4791,11
Tb,2,819.4820,21
Na,1,819.4824,58
Ne,2,819.4830,95
Kr,1,819.5070,64
Ca,3,819.5340,11
Hg,1,819.5600,71
C,3,819.6480,75
Sc,1,819.6990,90
Hg,1,819.7400,27
F,1,819.7734,58
Ti,3,819.8300,67
Dy,2,819.8770,5
Pa,1,819.9040,91
Cl,1,819.9130,71
Ti,3,819.9170,67
Cl,1,820.0210,72
Cd,1,820.0309,8
N,1,820.0360,51
Hg,1,820.0600,66
Dy,2,820.1570,23
Ca,2,820.1720,71
Zr,1,820.1730,32
Sc,2,820.2246,90
Kr,2,820.2730,88
Sc,2,820.3057,40
La,1,820.3380,1
Cl,1,820.3780,54
Pt,1,820.4453,47
Hf,1,820.4570,37
Kr,1,820.5220,73
Tc,1,820.5276,9
Hg,1,820.5300,27
Ne,2,820.6043,18
Xe,1,820.6336,98
Tc,1,820.6495,1
Kr,1,820.6620,81
Ca,3,820.8610,4
F,1,820.8634,44
Sc,2,820.9377,78
Eu,1,820.9800,24
Mg,1,820.9839,67
W,1,821.0220,8
Ba,1,821.0239,69
N,1,821.0720,63
Tc,1,821.1310,9
10B,1,821.1490,69
10B,1,821.1710,31
B,1,821.1830,75
11B,1,821.1910,45
Pr,1,821.1930,1
B,1,821.2040,66
Cl,1,821.2040,95
11B,1,821.2120,55
Zr,1,821.2530,72
Tb,1,821.2570,56
Ti,3,821.2600,58
Mg,1,821.3034,89
Ti,3,821.3350,58
I,1,821.3892,52
Mg,2,821.3989,80
Hg,1,821.4200,36
Tb,1,821.4330,4
F,1,821.4726,82
Xe,2,821.4850,34
N,1,821.6340,84
Ca,3,821.7200,41
Pb,1,821.7711,13
Gd,1,821.8080,5
Kr,1,821.8400,89
Fe,1,822.0378,12
Cl,1,822.0450,83
Cl,1,822.1740,97
O,1,822.1820,83
Ce,3,822.2160,13
I,1,822.2530,80
Kr,1,822.2690,49
Mg,2,822.2924,54
N,1,822.3140,72
Sc,2,822.4537,94
Pt,1,822.4763,63
Ag,2,822.4770,23
Ge,1,822.5220,9
Ge,1,822.6086,38
Sc,2,822.6265,82
Sc,3,822.6570,64
Eu,1,822.6810,17
In,2,822.7010,92
Pt,1,822.7532,38
O,1,822.7650,71
Sc,2,822.8045,71
Sc,2,822.8532,98
Kr,1,822.8890,59
Ti,3,822.9260,40
O,1,823.0020,72
Sm,1,823.0330,4
Sr,3,823.0490,18
Si,1,823.0642,16
F,1,823.0773,83
Sr,3,823.0842,30
Sr,3,823.1377,31
Xe,1,823.1634,100
F,1,823.2190,53
O,1,823.3000,76
Mg,2,823.3194,55
In,2,823.3480,68
Ca,3,823.3610,7
Mg,2,823.4639,87
Pr,3,823.5330,66
O,1,823.5350,30
Tc,1,823.7089,60
Hg,1,823.8400,45
Ti,3,823.8570,58
In,1,823.8660,65
I,1,824.0018,95
Zr,1,824.0370,7
Ti,3,824.1100,67
Sc,1,824.1120,92
Cf,1,824.1770,98
Sc,2,824.2215,72
N,1,824.2390,74
Al,3,824.3590,65
Ne,2,824.4338,19
Pr,3,824.4890,77
Br,1,824.6857,56
La,1,824.7440,62
I,1,824.7740,8
Np,1,824.7820,71
Ra,1,824.8700,48
Ca,2,824.8800,77
H,1,824.9990,1
K,1,825.0180,55
Hg,1,825.0700,45
I,1,825.1067,33
Sc,2,825.1374,72
Te,1,825.1600,32
K,1,825.1740,48
H,1,825.2290,2
Th,1,825.2394,36
La,3,825.2600,85
Ca,3,825.2690,5
Be,1,825.4070,95
Ca,2,825.4730,60
Ag,2,825.4777,43
H,1,825.4990,4
Pb,1,825.5607,26
Ge,1,825.6010,53
Ca,1,825.6670,50
Sc,2,825.7214,72
I,1,825.7741,36
H,1,825.7890,5
S,2,825.8254,44
Pt,1,825.9016,24
Tb,1,825.9080,1
Ne,1,825.9380,75
Ca,3,825.9830,5
I,1,826.0027,74
H,1,826.0890,7
Ce,1,826.1090,30
Sc,2,826.1340,100
U,1,826.2060,13
Hg,1,826.2200,45
I,1,826.2484,36
Si,3,826.2570,67
Xe,2,826.2730,42
Ag,2,826.2874,38
Kr,1,826.3243,95
Ti,3,826.3670,76
Ge,1,826.4150,10
H,1,826.4280,8
Ar,1,826.4522,89
Ne,2,826.4807,77
Sn,3,826.4900,45
Br,1,826.4958,72
Dy,1,826.5530,12
Si,3,826.5640,13
Ne,1,826.6077,86
Xe,1,826.6520,97
Ne,1,826.7117,38
Ti,3,826.7320,95
H,1,826.7940,10
Ra,1,826.9030,48
Si,3,826.9320,60
Sc,2,826.9356,78
Rn,1,827.0960,95
Si,3,827.1380,14
Rb,1,827.1410,65
Rb,1,827.1707,54
Pa,1,827.1870,93
H,1,827.1940,11
Si,3,827.1940,28
Kr,1,827.2355,73
Br,1,827.2440,99
Hg,1,827.2500,51
Pb,1,827.2690,53
Sc,2,827.2908,72
Ag,1,827.3509,97
Te,2,827.3530,4
Sc,2,827.4238,91
F,1,827.4615,77
Hg,1,827.5000,46
Al,3,827.5110,72
La,3,827.5390,69
Gd,1,827.5420,4
Th,1,827.5627,56
Sc,2,827.5655,78
H,1,827.6320,12
Te,1,827.6600,33
Cu,2,827.7553,35
P,1,827.8058,32
Ge,1,828.0090,11
Cs,2,828.0104,36
Xe,1,828.0116,100
Ge,1,828.1040,27
Kr,1,828.1052,94
H,1,828.1130,14
Ta,1,828.1620,31
Cu,2,828.3152,38
Zr,1,828.3810,22
Xe,2,828.5700,24
H,1,828.6420,15
Ne,2,828.6574,61
Be,1,828.7070,32
Np,1,828.7110,72
Ag,2,828.7284,39
Kr,1,828.7560,40
La,3,828.7750,83
Np,1,828.7750,73
Hg,1,828.8600,52
I,1,828.9476,43
Pr,1,828.9930,5
Te,1,829.0100,35
C,2,829.0520,24
H,1,829.2300,17
Tm,1,829.4520,4
Sc,2,829.7347,67
Xe,2,829.7550,72
Xe,1,829.7710,44
Ag,2,829.7800,47
Kr,1,829.8110,97
Sc,2,829.8331,67
F,1,829.8581,79
H,1,829.8830,18
Ne,1,830.0325,96
Pd,1,830.0773,32
Kr,1,830.1390,73
Ne,1,830.1557,63
Al,3,830.1620,31
Pt,1,830.1814,33
F,1,830.2400,59
Kr,1,830.3200,59
Mg,1,830.3313,51
Hg,1,830.3700,17
Al,3,830.4020,22
Ti,3,830.5410,31
Mg,1,830.5596,60
I,1,830.5785,38
Zr,1,830.5900,56
Hf,2,830.5910,3
H,1,830.6100,20
Np,1,830.6220,74
Tc,1,830.8158,31
Sc,2,830.8560,57
Ba,3,830.8680,53
Tc,1,830.9161,31
Pu,1,830.9610,96
Mg,1,831.0264,67
Sc,2,831.1220,79
Ti,3,831.1380,31
Ga,1,831.1860,75
Er,1,831.2820,33
Np,1,831.3660,76
Sc,2,831.3667,91
H,1,831.4260,21
Rn,1,831.4510,34
S,2,831.4594,80
In,1,831.4920,51
Ne,2,831.4995,78
Sm,1,831.5450,9
La,1,831.6040,10
Xe,2,831.6200,16
Hg,1,831.6400,52
Ti,3,831.6710,14
U,1,831.8350,9
Th,1,832.0855,74
La,3,832.1110,87
W,1,832.2050,8
H,1,832.3420,23
Al,3,832.4560,23
Xe,1,832.4580,52
La,1,832.4690,77
Ag,2,832.4708,47
Dy,1,832.6100,33
Yb,3,832.6860,14
Fe,1,832.7056,21
Yb,3,832.7880,44
Bi,2,832.8000,47
Er,2,832.8570,5
Xe,2,832.9440,43
Y,1,832.9571,15
Th,1,833.0449,96
Sc,2,833.2116,95
C,3,833.2990,40
I,1,833.3152,26
Cl,1,833.3310,96
H,1,833.3780,24
Cf,2,833.3850,75
Br,1,833.4697,81
Sc,2,833.5042,62
Ra,1,833.5070,70
C,1,833.5144,97
Pb,2,833.5540,30
U,2,833.7500,0
Sn,1,833.7656,8
Ca,1,833.8040,32
W,1,833.8080,75
Ti,3,833.8540,84
Ne,2,833.9065,61
Ca,1,833.9120,43
Np,1,833.9120,84
Sc,2,834.0352,62
Hg,1,834.0500,52
Cs,2,834.3269,36
Br,1,834.3698,68
Y,1,834.4404,33
H,1,834.5540,26
F,1,834.5556,72
Nb,1,834.6080,0
Mg,1,834.6120,76
La,1,834.6530,80
Xe,1,834.6822,98
Xe,2,834.7240,72
Xe,1,834.7450,75
Cr,1,834.8280,61
W,1,834.8810,8
Xe,1,834.9050,68
Sn,1,834.9384,12
Gd,1,834.9730,4
Rn,1,834.9740,16
Rb,2,835.2344,27
Ca,1,835.2390,32
I,1,835.2708,36
Pd,1,835.3532,2
Hg,1,835.3700,46
Al,2,835.4318,74
Te,1,835.6000,52
Np,1,835.6790,77
Sn,1,835.6978,20
Ca,1,835.7170,40
W,1,835.8720,38
Pa,1,835.8980,56
H,1,835.9000,27
Al,2,835.9230,26
Al,2,835.9492,62
Cl,2,836.0710,31
Sc,2,836.1635,73
Cl,2,836.1840,23
Ag,2,836.2400,22
Al,2,836.3251,26
Al,2,836.3469,62
Ti,1,836.4237,53
Y,1,836.5551,13
Ne,1,836.5746,76
Tm,1,836.5750,11
Np,1,836.7110,78
Er,2,836.7580,0
Ge,1,836.7806,44
P,1,836.7856,14
Ba,3,836.8410,26
Cs,2,836.8542,5
Sc,2,836.9166,95
Pa,1,836.9600,58
Zr,1,837.0230,29
Sc,2,837.1008,98
Xe,1,837.1380,5
Sc,2,837.1724,82
Ne,2,837.2106,78
Te,2,837.2120,9
Xe,1,837.2790,19
Co,1,837.2840,4
Np,1,837.2880,91
Tl,1,837.3600,54
Hg,1,837.4000,53
H,1,837.4480,29
O,2,837.5841,7
Cl,1,837.5940,100
Ne,1,837.6359,85
Hg,1,837.6400,46
Sc,2,837.7067,83
Sc,2,837.7482,73
Ne,1,837.7607,99
S,1,837.7790,65
Ti,1,837.7859,61
Ag,2,837.9578,46
La,1,837.9800,1
Pr,1,837.9840,6
Rn,1,838.1050,55
Sc,2,838.1368,79
U,1,838.1870,13
Lu,1,838.2080,13
Ti,1,838.2529,60
Cl,2,838.2670,3
Ti,1,838.2779,54
Sm,1,838.3710,18
Br,1,838.4038,14
Kr,1,838.4900,64
Ga,1,838.6490,81
Fe,1,838.7772,28
Bi,2,838.8000,49
Ga,1,838.9300,55
Zr,1,838.9410,52
K,1,839.0220,5
Sn,1,839.1225,13
Ge,1,839.1699,39
I,1,839.1702,70
Dy,2,839.2010,7
Cl,2,839.2020,1
Ar,1,839.2270,49
Cm,1,839.2370,96
Xe,1,839.2370,52
H,1,839.2400,39
Sr,3,839.2566,61
I,1,839.3053,95
I,1,839.3347,96
Ti,3,839.4200,90
Pb,2,839.5680,79
Sr,3,839.5800,14
Ge,1,839.6355,12
Ti,1,839.6894,55
Gd,1,839.8300,5
Yb,3,840.0010,37
Hg,1,840.1600,53
Xe,1,840.2030,19
Sc,2,840.2948,73
Th,2,840.3797,9
Ag,2,840.3834,57
Sc,2,840.5659,57
Hg,2,840.6119,40
Ti,3,840.6150,67
Cl,1,840.6199,42
Cu,1,840.8150,40
Ar,1,840.8210,91
Pr,3,840.9100,55
Xe,1,840.9189,99
Pb,1,840.9384,50
Er,1,840.9900,45
Sb,1,841.1714,25
Ti,1,841.2356,70
Kr,1,841.2428,59
In,2,841.3110,72
H,1,841.3320,40
Zr,1,841.4000,33
I,1,841.4320,39
I,2,841.4600,10
Ga,1,841.5510,23
Rb,2,841.5719,40
I,1,841.6537,68
Dy,2,841.6640,2
Th,1,841.6727,94
Re,1,841.7130,9
Ne,1,841.7160,68
K,1,841.7540,2
Sc,2,841.7708,50
Th,1,841.7998,31
Ne,1,841.8427,96
Hg,1,841.8600,47
I,1,841.8947,8
Ga,1,841.9910,43
K,1,842.0000,1
Th,1,842.1225,81
In,2,842.2230,6
S,2,842.2300,15
Sn,1,842.2624,30
Hg,1,842.3400,53
Cf,2,842.3490,85
In,2,842.3510,14
Ar,1,842.4648,96
O,1,842.6160,31
Ti,1,842.6504,75
Sc,2,842.6856,14
Pr,1,842.7820,6
Sc,2,842.8008,28
Cl,1,842.8250,94
Pt,1,842.8456,12
As,1,842.8910,42
Ge,1,842.9416,13
C,1,843.0875,66
Ag,2,843.1500,23
Po,1,843.3870,39
In,2,843.4530,50
Ti,1,843.4959,85
Pu,1,843.5470,97
Ti,1,843.5650,79
Xe,1,843.7550,35
H,1,843.7950,42
Dy,2,843.8580,4
N,2,843.8740,88
Se,1,844.0470,55
Pa,1,844.1040,60
U,1,844.1210,10
Hg,1,844.3300,54
Si,1,844.3982,23
U,1,844.5390,23
Gd,1,844.5470,4
Th,1,844.5487,59
Tl,2,844.5800,40
O,1,844.6250,97
O,1,844.6360,100
Th,1,844.6512,91
Br,1,844.6551,94
O,1,844.6760,99
Ta,1,844.7620,5
S,1,844.9560,79
U,1,845.0030,14
Tb,2,845.0060,14
Cr,1,845.0250,46
Y,1,845.0335,24
Se,1,845.0380,57
Sc,2,845.0550,28
S,1,845.1340,61
I,1,845.1460,53
S,1,845.2160,85
Zr,1,845.3170,29
Cs,2,845.4033,40
Cr,1,845.5271,36
Pt,1,845.6350,10
Ag,2,845.7546,17
Lu,2,845.9190,22
Tm,2,846.0790,3
In,2,846.2270,50
Ne,1,846.3357,76
Zr,1,846.4650,29
Ho,1,846.4660,5
Eu,1,846.4710,3
Er,2,846.6180,3
Mg,1,846.6483,23
Ti,3,846.6870,98
H,1,846.7260,43
Cl,1,846.7340,73
La,1,846.7620,2
Ti,1,846.8470,16
Mg,1,846.8845,41
Xe,1,846.9550,35
Te,1,846.9800,14
Kr,1,846.9960,22
Tm,2,847.2010,21
Er,1,847.2420,34
Kr,2,847.3310,81
Mg,1,847.3694,51
Tl,1,847.4270,48
Pu,1,847.6130,97
La,1,847.6480,34
Kr,1,847.7200,23
Br,1,847.7450,51
Th,1,847.8358,89
Pb,1,847.8492,38
Lu,1,847.8500,8
Ge,1,848.2214,54
Ho,1,848.2670,5
Sc,2,848.2684,83
Ne,1,848.4442,51
Ba,3,848.4800,31
I,1,848.6106,88
Rn,1,848.7480,57
Sc,2,848.8100,79
Sc,2,848.9303,83
Yb,3,848.9900,45
Hg,1,849.1000,47
Te,1,849.2200,17
Ag,2,849.2643,51
Ne,2,849.3252,19
Rn,1,849.4890,59
Pr,3,849.4990,55
Mn,2,849.5350,48
Ne,1,849.5359,99
Ce,1,849.5820,23
Ca,2,849.8020,86
Kr,1,849.8210,77
Zr,1,849.8440,23
C,3,850.0320,79
Te,1,850.0800,10
Si,1,850.1547,24
Si,1,850.2221,42
H,1,850.2490,55
Tb,1,850.2700,5
K,1,850.3450,67
K,1,850.5110,61
Ca,3,850.5500,5
Hg,1,850.5600,60
Sr,2,850.5690,88
Ti,3,850.5880,59
Ge,1,850.6705,45
La,1,850.7370,10
Ge,1,850.7658,13
Lu,1,850.8080,22
Kr,1,850.8873,94
C,1,851.0445,70
Hg,1,851.1000,54
Cu,2,851.1063,14
Tb,1,851.1800,24
Ho,1,851.2940,41
Br,1,851.3380,21
Hg,1,851.3500,47
La,1,851.3570,10
Ba,1,851.4260,8
La,2,851.4650,2
Xe,2,851.5190,56
Ti,3,851.6400,40
Er,2,851.7710,4
Ti,1,851.8352,6
Rn,1,852.0950,74
Er,2,852.1370,6
Te,1,852.1400,39
Ar,1,852.1442,92
Cs,2,852.1624,79
Xe,1,852.2550,62
Ti,3,852.7030,49
Re,1,852.7730,4
Gd,1,852.7880,8
Y,1,852.8788,13
Np,1,852.9960,93
Xe,1,853.0100,62
Tc,1,853.1062,1
P,1,853.1475,33
Bi,2,853.2000,78
Pb,1,853.2172,27
Pa,1,853.2660,95
Pd,1,853.2694,18
Sc,3,853.3383,33
Rb,2,853.5254,22
Te,2,853.5680,5
Si,1,853.6165,25
C,1,853.6261,69
Ne,2,853.6515,42
Kr,1,853.7930,82
Hg,1,853.8900,37
Sc,2,853.9849,15
Ag,2,854.0184,27
Ag,2,854.1000,20
Ca,2,854.2090,93
La,1,854.3460,17
Tc,1,854.3616,1
Bi,1,854.4462,10
Ne,1,854.4695,62
Ti,3,854.4890,40
Pb,2,854.4950,34
H,1,854.5380,61
La,1,854.5440,69
I,1,854.5496,81
Ho,2,854.5610,4
Tm,2,854.6070,4
Hf,1,854.6430,66
Be,1,854.7366,68
Be,1,854.7659,78
Hg,2,854.8664,65
Cr,1,854.8852,49
Sc,2,854.9780,29
Rb,2,854.9862,10
Cl,1,855.0440,74
Cs,2,855.1104,64
Sn,1,855.2531,31
Th,1,855.4944,5
Si,1,855.6780,77
Hg,1,855.7300,54
Br,1,855.7732,9
Xe,1,855.9360,14
Ba,1,855.9998,94
I,1,856.0300,60
Kr,1,856.0890,86
Sc,1,856.3930,74
As,1,856.4710,44
Ge,1,856.4889,46
Ba,3,856.5250,5
Tm,2,856.5730,7
Ti,3,856.6240,40
Br,1,856.6282,10
Ba,1,856.7435,24
Pr,3,856.7630,74
N,1,856.7740,75
Cf,2,856.8830,95
Kr,1,856.9020,74
U,1,857.0520,11
Ne,1,857.1354,69
In,2,857.2250,6
Sb,1,857.2542,59
Pa,1,857.2960,97
Th,1,857.3120,66
Cl,1,857.5240,98
Co,1,857.5320,1
Te,2,857.5780,6
Xe,1,857.6010,91
C,1,857.7000,73
Cl,1,857.8020,53
Bi,1,857.9835,6
Cs,2,858.1838,12
Ba,1,858.1908,17
Sr,3,858.2112,68
Hg,1,858.2500,60
Ne,1,858.2903,62
Cr,1,858.2906,70
La,3,858.3450,90
Tb,2,858.3450,16
Cu,1,858.4000,27
Ti,3,858.4050,49
Zr,1,858.4210,2
W,1,858.5110,97
Sr,3,858.5520,61
Cl,1,858.5970,99
Kr,2,858.8170,6
Ba,3,859.0280,5
La,1,859.0940,2
Ne,1,859.1258,97
Kr,1,859.3150,23
N,1,859.4000,86
W,1,859.4420,75
Pu,1,859.7260,98
Sn,1,859.8367,14
H,1,859.8390,73
Pd,1,859.9069,12
Ge,1,859.9271,28
Rn,1,860.0070,96
Ho,2,860.1840,3
Pr,3,860.2740,99
Sr,3,860.3182,19
Tb,1,860.3400,24
Rb,2,860.3956,91
Xe,2,860.4230,56
F,1,860.4470,12
Te,2,860.4630,3
Ti,3,860.5750,14
Ar,1,860.5776,24
Ti,2,860.5778,44
Kr,1,860.5850,82
Sr,3,860.6937,8
U,1,860.7950,31
Cs,2,860.8307,85
Cs,2,860.8388,41
Mg,1,860.9710,33
Kr,1,861.0670,0
Rb,2,861.0680,10
Lu,1,861.0980,29
Ce,1,861.2640,13
W,1,861.3270,8
Hg,1,861.3600,60
P,1,861.3835,34
S,1,861.7150,80
Po,1,861.8260,66
Sb,1,861.9471,42
Pt,1,861.9910,14
Te,2,862.1680,2
La,1,862.4220,1
Xe,1,862.4240,78
Kr,1,862.4820,41
Ti,3,862.5350,31
S,1,862.6630,75
Cl,1,862.8540,44
Kr,1,862.8700,0
Xe,2,862.8940,36
N,1,862.9240,90
Dy,1,863.0120,4
Kr,1,863.1500,1
Te,1,863.2200,15
Ca,3,863.2770,32
Kr,1,863.2810,1
Tl,2,863.2900,42
S,1,863.3230,86
Ca,1,863.3950,33
Ne,1,863.4647,97
Ne,1,863.5318,33
Th,3,863.5742,43
Cr,1,863.6227,0
I,1,863.6410,86
P,1,863.7578,50
La,1,863.8470,11
Br,1,863.8660,82
Cs,2,863.9004,66
Rn,1,863.9760,60
Pa,1,863.9910,62
Hf,1,864.0040,71
Al,2,864.0705,74
Cl,1,864.1710,40
I,1,864.2615,63
Eu,1,864.2670,22
Cr,1,864.3018,29
Y,3,864.5090,61
Ag,1,864.5700,65
V,1,864.7040,12
Ne,1,864.7041,84
Ce,1,864.7660,14
Sn,1,864.8029,15
Si,1,864.8462,38
S,1,864.8520,65
Xe,1,864.8540,93
Na,1,864.9920,50
Na,1,865.0890,43
Kr,1,865.1490,53
Ge,1,865.2418,29
Hg,1,865.2700,71
Bi,2,865.3000,73
Pa,1,865.3510,64
Ba,1,865.4078,44
As,1,865.4140,46
Ne,1,865.4383,98
S,1,865.5190,75
Ne,1,865.5522,86
N,1,865.5890,77
Dy,2,865.5940,5
Sr,3,865.8761,14
Fe,1,866.1899,19
Ca,2,866.2140,89
Ti,3,866.2790,14
Tl,2,866.4100,60
Ne,2,866.4628,62
I,1,866.4939,94
H,1,866.5020,67
Pu,1,866.5020,99
Th,1,866.5485,61
B,1,866.7223,11
Ar,1,866.7944,84
Ne,2,866.8267,78
S,1,866.8490,83
B,1,866.8570,25
Gd,1,866.8630,15
Bi,3,866.9400,12
Ge,1,866.9604,14
Ho,1,867.0190,37
S,1,867.0220,67
S,1,867.0650,78
Mn,1,867.0920,4
Al,2,867.1060,27
Al,2,867.1210,44
Al,2,867.1280,40
S,1,867.1360,74
Mn,1,867.2060,6
La,1,867.2110,20
F,1,867.2620,45
Te,2,867.2950,5
Kr,1,867.3480,23
Mn,1,867.3970,4
La,1,867.4430,51
Ti,1,867.5371,58
Rn,1,867.5830,65
N,2,867.6080,35
Ba,3,867.6540,5
Tb,1,867.8250,3
In,1,867.8950,67
S,1,867.9000,69
Ne,1,867.9494,93
S,1,867.9650,79
N,1,868.0280,96
I,1,868.0353,5
Ne,2,868.0367,62
S,1,868.0460,95
Sn,1,868.1882,15
Ne,1,868.1922,94
Sb,1,868.2496,7
C,2,868.2560,48
In,1,868.2630,57
Ti,1,868.2980,45
N,1,868.3400,92
O,2,868.6088,7
N,1,868.6150,78
In,2,868.6210,59
Cl,1,868.6260,86
Hg,1,868.6700,61
N,2,868.7430,12
Rb,2,868.8070,19
Sr,2,868.8910,96
Kr,2,869.0190,81
U,1,869.1280,17
Pr,3,869.1580,89
Pu,1,869.1940,100
Xe,1,869.2200,85
Ti,1,869.2329,20
S,1,869.3240,64
Ra,1,869.3940,60
Al,3,869.3980,37
S,1,869.4000,82
S,1,869.4710,98
Mn,2,869.5215,48
Cs,2,869.5604,74
Np,1,869.6230,85
C,2,869.6710,13
Xe,1,869.6860,91
Kr,1,869.7500,82
Br,1,869.8529,52
N,2,869.9000,13
Ti,3,869.9850,41
In,1,870.0250,77
Ge,1,870.0602,48
I,1,870.0777,94
Cs,2,870.0860,34
Mn,1,870.1050,6
Te,1,870.1090,55
N,1,870.3250,80
Ti,3,870.3300,15
Mn,1,870.3760,7
Ne,1,870.4112,70
Hg,1,870.4500,63
Ag,1,870.4850,29
Ag,2,870.5390,44
Hg,1,870.6400,55
Mg,1,870.7140,42
Tc,1,870.7215,1
Ac,1,870.7290,30
Kr,2,870.7610,18
Sr,3,870.7801,8
Th,1,870.9234,11
Xe,1,870.9640,68
Pb,2,870.9900,36
Mg,1,871.0175,68
N,2,871.0540,26
U,1,871.0760,15
Ba,2,871.0768,36
N,1,871.1700,87
Mg,1,871.2689,71
Ge,1,871.2902,15
Kr,1,871.3620,23
Nd,1,871.5030,6
Xe,2,871.6190,57
Mg,1,871.7825,73
N,1,871.8830,81
Pb,2,871.9390,25
Sr,2,871.9560,62
La,1,872.0410,11
Kr,1,872.2170,1
Pb,1,872.2810,14
Pt,1,872.2980,16
Rb,2,872.3722,0
Sc,1,872.4540,83
Ag,2,872.5900,23
Kr,1,872.6540,53
Eu,1,872.7770,4
Si,1,872.8011,26
N,1,872.8890,53
I,1,872.9734,75
Pu,1,872.9820,0
Ti,3,873.1240,15
Sr,3,873.2679,19
Te,2,873.3810,24
Ti,1,873.4711,6
Ge,1,873.4785,30
Mg,2,873.4990,81
Pa,1,873.5270,99
Mg,1,873.6021,79
F,1,873.7270,74
Ba,2,873.7751,34
Tc,1,873.7936,2
Xe,1,873.9372,94
Mn,1,874.0930,15
P,1,874.1529,71
Se,1,874.2330,59
Si,1,874.2451,51
Kr,1,874.2490,1
Mg,2,874.5657,88
Hg,1,874.6100,37
Kr,1,874.6430,34
Kr,1,874.7290,24
N,1,874.7360,29
Th,1,874.8031,78
I,1,874.8193,77
Ag,2,874.8317,52
La,1,874.8380,44
Dy,2,875.0400,2
H,1,875.0460,68
Hg,1,875.1900,63
Si,1,875.2009,69
Xe,2,875.2140,4
C,1,875.3116,88
U,1,875.3690,15
Bi,1,875.4906,1
Kr,1,875.5200,77
U,1,875.7760,21
Hg,1,875.8100,71
Te,1,875.8183,70
Xe,1,875.8200,85
Th,1,875.8243,66
Sc,1,875.8710,83
Xe,2,876.0140,3
Bi,1,876.1321,17
Pd,1,876.1335,43
Sc,1,876.1510,92
Pt,1,876.2462,53
Rb,2,876.2652,40
Sr,3,876.2901,61
Hg,1,876.3000,71
K,1,876.3960,15
Kr,1,876.4112,53
Tb,2,876.5740,21
F,1,876.6610,33
Ti,1,876.6682,2
K,1,876.7050,7
Er,1,876.8640,24
Mn,2,876.9176,13
Gd,1,877.0360,6
Pr,3,877.1380,89
Ne,1,877.1658,92
Ar,2,877.1860,73
Al,1,877.2866,93
Kr,1,877.3000,41
Hg,1,877.3100,72
Al,1,877.3896,95
Kr,1,877.4050,86
Sc,1,877.5020,92
Ag,2,877.5316,40
Cs,2,877.5425,80
Th,1,877.5573,18
Er,2,877.6630,3
Kr,1,877.6751,95
F,1,877.7730,72
Hg,1,877.8400,63
Ne,1,877.8732,66
I,1,878.0064,52
Kr,1,878.0250,78
Ne,1,878.0622,98
Dy,1,878.0830,5
Eu,1,878.2460,3
Hg,1,878.3700,72
Ne,1,878.3754,98
Gd,1,878.4850,8
Sr,3,878.8396,8
Ge,1,878.9884,31
Si,1,879.0389,16
Eu,1,879.0880,11
Dy,2,879.1390,12
Ba,1,879.3184,9
Br,1,879.3472,69
Sc,1,879.4750,57
Gd,1,879.5760,5
Y,3,879.6210,91
In,2,879.7960,25
F,1,879.9360,62
Ba,1,879.9836,25
Y,1,880.0590,70
In,2,880.0690,25
In,2,880.1040,14
Ti,3,880.1250,15
Be,1,880.1370,91
Cs,3,880.2632,96
In,2,880.3860,62
Pt,1,880.4600,8
Xe,2,880.4610,43
I,1,880.5406,24
Ho,2,880.5480,2
Kr,1,880.5780,74
Mg,1,880.6757,100
Br,1,880.7580,15
F,1,880.7582,68
Rn,1,880.7750,62
Ga,1,880.8750,45
Ni,1,880.9420,1
I,1,880.9861,0
Sc,2,880.9917,15
Ce,1,881.0840,30
I,1,881.2371,79
In,2,881.3510,81
Ga,1,881.3560,67
Sc,3,881.4293,72
Nb,1,881.5560,0
In,2,881.6290,10
Ba,3,881.6360,43
I,1,881.6600,85
I,1,881.8897,74
La,1,881.8930,21
Co,1,881.9110,0
Xe,1,881.9411,99
Br,1,881.9958,73
O,1,882.0430,77
As,1,882.1730,61
Ne,2,882.1847,19
I,1,882.2080,71
Ba,3,882.2530,10
Sc,1,882.3860,93
Fe,1,882.4221,25
Mg,2,882.4323,82
Br,1,882.5221,85
S,1,882.5570,6
La,1,882.5820,45
S,1,882.6540,8
Al,1,882.8909,81
Sc,3,882.9785,79
Tc,1,882.9829,31
Hg,1,883.0900,17
Ne,1,883.0907,22
F,1,883.1232,70
Te,1,883.1521,49
Ba,3,883.1690,11
In,2,883.2250,80
S,1,883.2480,9
S,1,883.3470,15
Sc,1,883.4340,91
Ho,1,883.4490,18
Mg,2,883.5082,89
In,2,883.5120,25
Cr,1,883.5657,39
Y,2,883.5875,10
Zr,1,883.6090,33
Pu,1,883.6160,1
Mg,1,883.7050,43
La,1,883.9630,24
Al,1,884.1277,89
Kr,1,884.2460,34
Ca,1,884.2610,44
Sc,2,884.3077,15
F,1,884.4502,73
S,1,884.6290,11
I,1,884.7118,92
S,1,884.7280,46
I,1,884.8351,69
F,1,884.9060,63
Gd,1,884.9140,10
Ar,1,884.9910,76
Dy,2,885.0370,5
Tl,1,885.0400,35
Te,1,885.1153,57
I,1,885.1252,82
Cs,2,885.1613,48
I,1,885.2615,56
I,1,885.3195,93
Cs,1,885.3202,68
I,1,885.3762,98
Ne,1,885.3867,96
Pr,3,885.4050,94
Ga,1,885.6370,47
Cs,2,885.7392,72
I,1,885.7453,97
Pb,1,885.7457,39
Ba,1,886.1014,63
Cs,2,886.1884,26
Xe,1,886.2320,95
Ni,1,886.2550,10
H,1,886.2890,77
Bi,2,886.3000,74
Ne,1,886.5306,66
Ne,1,886.5756,94
Sc,3,886.5891,70
Er,2,886.6840,2
Gd,1,886.7310,13
I,1,886.7988,68
Rb,1,886.8512,67
Th,1,886.8833,48
Rb,1,886.8852,56
As,1,886.9660,49
Eu,1,887.0300,20
I,1,887.0657,12
P,1,887.2174,16
C,1,887.3390,93
C,2,887.3450,30
I,1,887.3758,58
Rb,2,887.3789,1
I,1,887.4119,58
S,1,887.4530,94
I,1,887.8680,77
I,1,887.9517,68
S,1,887.9620,33
S,1,888.0700,60
Sc,3,888.1585,69
Be,1,888.2180,17
S,1,888.2470,77
S,1,888.4230,89
I,1,888.4700,61
Rb,2,888.5144,27
Xe,1,888.5710,36
Pr,3,888.6170,59
Hg,1,888.7500,48
Br,1,888.8977,53
Ar,2,889.0149,3
C,1,889.0670,86
Sc,2,889.2525,29
Hg,1,889.3700,64
In,1,889.4470,71
Ba,2,889.7463,1
Br,1,889.7617,90
Te,2,889.7920,0
I,1,889.8447,96
Ne,2,889.8847,19
Zr,1,889.9520,32
F,1,890.0920,71
I,1,890.2164,56
K,1,890.2190,79
C,1,890.3190,58
K,1,890.4020,76
C,1,890.4357,81
Ar,2,890.5656,44
Nb,1,890.5780,5
Np,1,890.6020,86
Sc,2,890.6899,40
Sn,1,890.7279,10
Bi,1,890.7664,23
Pr,3,890.8700,55
Xe,1,890.8730,92
Ca,1,890.9180,55
F,1,891.0270,75
Sr,3,891.0579,9
Ca,2,891.2070,73
F,1,891.2780,41
Al,1,891.2900,75
Cl,1,891.2920,75
Sc,2,891.3144,41
F,1,891.4430,28
Ba,1,891.5013,71
Ho,2,891.5980,17
Cs,2,891.6109,57
Cr,1,891.6240,14
F,1,891.6890,17
Ti,3,891.6950,15
Cr,1,891.7117,0
Th,3,891.7509,45
Cs,1,891.8499,85
Se,1,891.8860,86
Ne,1,891.9501,84
V,1,891.9850,6
Sc,2,892.0779,50
Yb,2,892.2560,67
K,1,892.3310,22
Al,1,892.3555,85
Mg,1,892.3569,89
K,1,892.5440,16
Al,1,892.5504,50
Cr,1,892.5836,42
I,1,892.5910,83
Ca,2,892.7360,79
Kr,1,892.8693,94
Cs,1,893.0377,91
Xe,1,893.0830,92
Ar,2,893.1331,17
Bi,3,893.2000,24
Br,1,893.2397,57
Cs,2,893.3830,7
Sc,2,893.7448,62
Ba,1,893.7707,9
Np,1,894.2700,87
Na,1,894.2960,23
Ga,1,894.4330,57
Cr,1,894.7182,97
Cs,2,894.7266,27
Cl,1,894.8060,84
Br,1,894.9389,31
U,1,895.1960,11
Xe,1,895.2251,98
Xe,1,895.2780,72
C,1,896.0750,87
Ga,2,896.2150,62
F,1,896.3660,24
Br,1,896.4002,61
I,1,896.4655,89
Cs,2,896.6167,67
Ca,1,896.7470,45
Kr,1,896.7530,60
Th,1,896.7640,94
I,1,896.9032,84
Ga,2,896.9490,27
Se,1,896.9690,17
Ar,2,897.1364,40
Hg,1,897.3600,67
Tl,1,897.6750,37
Cr,1,897.6865,93
Kr,1,897.7990,87
Cs,2,897.8093,36
Kr,2,897.8700,34
Rb,2,897.8878,70
Sr,3,897.9908,26
Xe,1,898.1050,85
F,1,898.1180,34
F,1,898.3650,22
Rb,2,898.5729,40
Ar,2,898.6616,40
Xe,1,898.7570,92
Ne,1,898.8556,62
Hg,1,898.8900,67
Mg,1,898.9026,52
Ti,1,898.9445,20
U,1,898.9920,12
Hg,1,899.1400,64
Mg,1,899.1692,60
I,1,899.3119,87
Ag,2,899.5174,32
Ar,2,899.5864,41
Cu,1,899.6200,40
Mg,1,899.7156,69
Ar,2,899.7808,15
Sr,3,899.8281,19
Kr,1,899.9190,78
Sr,3,900.0000,15
Ag,2,900.1362,53
Se,1,900.1970,74
Pt,1,900.4060,19
Rb,2,900.4338,1
Te,1,900.4368,64
Np,1,900.4750,88
Kr,2,900.6150,27
F,1,900.6190,53
Np,1,900.6310,89
I,1,900.7782,50
Ar,2,900.8457,54
Cr,1,900.9834,98
Pt,1,901.2390,8
H,1,901.5300,79
Mg,1,901.6010,48
Np,1,901.6180,99
F,1,901.6850,41
Cr,1,901.6990,96
Ti,3,901.7100,16
Ar,2,901.7592,62
I,1,901.8017,34
Sn,1,901.8729,17
Cr,1,902.1572,93
Rb,2,902.1768,71
I,1,902.2373,98
Br,2,902.4420,60
F,1,902.5490,46
Kr,2,902.5670,27
Xe,1,902.5980,62
Ti,1,902.7325,46
Xe,1,903.2180,72
I,1,903.2641,8
Cr,1,903.5852,91
S,1,903.5920,94
S,1,903.6320,91
S,1,903.6730,81
Tl,1,903.8400,29
Se,1,903.8610,75
S,1,903.8720,87
Cl,1,903.8982,65
Hg,1,903.9200,48
S,1,903.9270,88
Kr,2,903.9950,43
F,1,904.2100,50
I,1,904.2300,59
Te,1,904.3389,51
Kr,1,904.4470,34
Cl,1,904.5430,79
Xe,1,904.5447,95
I,1,904.6903,12
I,1,904.7857,41
Th,1,904.8250,95
Pb,2,905.0820,81
Hg,1,905.1200,17
Ag,2,905.2697,41
Th,3,905.3255,84
Ce,3,905.6530,13
O,1,905.7010,50
Hg,1,905.7600,18
Sr,3,905.8091,37
I,1,905.8325,100
Sn,2,905.8880,92
Sc,2,905.9482,41
Sc,2,906.0425,51
Ar,2,906.0746,34
C,1,906.1435,98
C,1,906.2472,97
Pb,2,906.3430,83
Sn,2,906.3658,88
Ne,2,906.4497,42
Hg,1,906.7200,18
Ar,2,906.8023,28
Ge,1,906.8781,16
Cl,1,906.9656,55
Ba,3,907.0590,11
Cl,1,907.3170,66
Ar,1,907.5394,50
C,1,907.8282,96
I,1,907.9315,40
Ne,2,907.9452,78
Ce,3,907.9580,14
Sc,2,908.0293,62
Sc,2,908.3095,15
Se,1,908.3140,6
Cs,2,908.3223,42
I,1,908.4680,1
I,1,908.7133,92
C,1,908.8510,98
Se,1,908.8790,37
Ba,3,908.8980,11
Al,1,908.9906,63
Ti,1,909.0694,58
U,1,909.3670,0
Kr,1,909.4330,41
I,1,909.4527,81
Ra,1,909.4800,30
Th,1,909.4828,42
C,1,909.4830,99
Ar,2,909.5103,44
Ne,2,909.5949,62
Ge,1,909.5953,17
Xe,1,909.6130,72
Ar,2,909.8574,25
I,1,909.8847,95
Ca,1,909.9100,56
Kr,2,909.9720,35
Pr,3,909.9980,77
Kr,1,910.0580,2
Pt,1,910.0868,6
F,1,910.2330,54
O,2,910.4950,50
Ca,1,910.5620,47
Ar,2,910.6562,62
Th,3,910.7377,46
Ca,1,910.8820,45
Kr,1,911.1690,74
C,1,911.1802,98
Xe,1,911.2240,15
I,1,911.3892,99
Y,3,911.6590,80
O,1,911.8290,32
Th,2,911.9627,98
Cl,1,912.1150,92
Kr,1,912.2490,74
Ar,1,912.2967,100
Pt,1,912.8030,7
I,1,912.8059,93
Tl,2,913.0000,89
Tl,1,913.0500,56
Pb,1,913.0659,1
Ba,3,913.0840,5
Xe,1,913.1590,6
Pr,3,913.1900,78
Sb,1,913.2182,8
Rb,2,913.2691,19
Cs,2,913.2945,38
Ba,1,913.3129,10
O,1,913.4710,6
Th,3,913.5937,70
Pb,1,913.6998,5
U,1,913.9560,1
Al,1,913.9950,70
Se,1,914.0830,8
Np,1,914.1300,94
Ne,1,914.8672,92
O,1,915.0140,7
I,1,915.0630,26
O,1,915.1480,8
F,1,915.1780,78
Xe,1,915.2120,52
P,1,915.3340,35
Na,1,915.3880,32
O,1,915.6010,65
Ar,2,915.6049,9
I,1,915.6940,86
Hg,1,915.7800,28
Ba,3,915.9650,32
Xe,1,916.2652,97
Al,1,916.3261,27
Rb,2,916.4064,19
Sr,3,916.4077,46
I,1,916.4302,37
Br,1,916.6060,91
Xe,1,916.7520,86
Sr,1,917.0000,5
In,1,917.0080,47
Ca,1,917.1140,34
Br,1,917.3629,74
P,1,917.5819,51
Br,1,917.8161,83
F,1,917.8680,47
Ba,3,918.0230,11
I,1,918.0233,71
Se,1,918.1880,1
C,1,918.2870,94
Tl,1,918.3100,18
La,3,918.4380,74
Kr,1,918.8690,24
Ba,1,918.9391,41
Be,1,919.0450,33
Cl,1,919.1731,85
Ar,2,919.2592,15
P,1,919.3850,88
In,2,919.4380,59
Ar,1,919.4638,81
I,1,919.5070,20
I,2,919.5870,3
Te,1,919.6798,21
Cl,1,919.7596,45
In,2,919.7730,86
In,2,919.8870,20
Hg,1,920.0700,37
U,1,920.1510,1
Ne,1,920.1759,87
Pt,1,920.1809,25
I,1,920.1905,63
In,2,920.2060,88
Sr,3,920.2824,15
Xe,1,920.3200,62
Th,1,920.3961,99
Sr,1,920.4500,3
Ca,3,920.6400,8
Te,1,920.6779,36
Te,1,920.7637,43
Cr,1,920.8292,87
He,1,921.0337,30
Sr,3,921.0784,53
Xe,1,921.1380,55
Rb,2,921.1481,20
Cs,2,921.2364,76
La,3,921.2630,70
Sr,3,921.2662,61
S,1,921.2851,100
In,2,921.2980,89
I,1,921.3569,22
Ca,2,921.3900,80
Ba,1,921.5263,17
Rb,2,921.5475,22
In,2,921.6310,72
Mg,2,921.8248,99
Ar,2,921.8985,24
Ba,1,921.9709,65
Ne,1,922.0060,84
Cs,2,922.0751,90
Ne,1,922.1580,67
Pr,3,922.2320,75
Xe,1,922.2390,19
C,2,922.3640,68
Ar,1,922.4499,92
Rb,1,922.4640,24
Kr,1,922.4830,2
Tl,2,922.5000,3
Xe,2,922.6390,4
B,2,922.6440,4
Ne,1,922.6691,62
I,1,922.7738,91
S,1,922.8084,99
H,1,922.9700,83
C,2,923.0000,22
F,1,923.2850,25
Kr,2,923.3180,64
Ba,3,923.3360,43
Kr,1,923.4160,2
Rb,1,923.4250,15
F,1,923.5380,55
O,2,923.6230,8
C,2,923.6400,10
Sr,3,923.6528,31
S,1,923.7533,99
In,2,924.2130,88
Kr,1,924.3000,2
Hg,1,924.3100,72
Kr,1,924.3540,78
Be,1,924.3916,48
Mg,2,924.4266,97
F,1,924.4570,35
Xe,1,924.5180,6
Pb,2,924.5280,7
In,2,924.5490,68
Ti,1,924.6107,11
Rb,2,924.6154,1
Rb,2,924.6413,79
Mg,1,924.6499,72
Rb,2,924.6658,11
Hf,1,925.0250,56
C,2,925.0960,15
Sc,2,925.2042,16
Tl,1,925.2600,20
Ba,1,925.2910,13
Sc,2,925.3873,57
Hg,1,925.3900,67
Tl,2,925.4000,1
Au,1,925.4280,27
Mg,1,925.5778,94
Mg,1,925.9740,57
O,1,926.0810,87
O,1,926.0840,90
O,1,926.0940,88
O,1,926.2580,83
O,1,926.2670,92
Kr,1,926.2690,3
O,1,926.2770,93
Hg,1,926.3700,28
Cr,1,926.4021,85
U,1,926.5340,2
Br,1,926.5418,95
Pr,3,926.5560,78
Xe,2,926.5670,16
O,1,926.5940,91
O,1,926.6010,94
Th,1,926.6206,79
As,1,926.7280,63
Kr,1,927.0960,60
Se,1,927.1120,3
Kr,2,927.2070,64
Kr,1,927.3020,53
Mg,1,927.3440,61
Ne,1,927.5519,38
Th,1,927.6273,46
U,1,927.6440,3
Th,3,927.6492,65
P,1,927.8880,80
Hg,1,927.9100,28
Ar,2,927.9710,7
Kr,1,927.9900,24
Cs,3,928.0219,93
Sr,1,928.3900,2
Sc,2,928.7403,29
Ne,2,928.7563,98
Kr,1,928.7870,3
Cl,1,928.8860,88
Th,1,928.9562,62
Cr,1,929.0472,99
Pt,1,929.1300,10
Ar,1,929.1531,81
Cd,1,929.2000,21
Cm,1,929.3250,97
Pb,1,929.3477,28
Sr,1,929.4100,16
Cr,1,929.4227,79
Rb,2,929.5657,27
Sr,3,929.6328,34
Ne,2,929.7399,62
Ba,3,929.8370,16
Hg,1,929.8600,29
Kr,1,929.9400,3
As,1,930.0610,77
Ne,1,930.0853,86
Xe,1,930.1950,63
Ba,3,930.2800,17
P,1,930.4940,91
Sr,1,930.6600,1
Xe,1,930.6640,69
Ba,1,930.7978,49
Ne,1,931.0583,38
Ca,2,931.2000,68
Sc,2,931.2285,41
I,1,931.3628,53
Ne,1,931.3973,69
F,1,931.4340,59
Cs,2,931.4788,0
C,2,931.8090,82
Sr,1,931.9200,3
Bk,1,931.9300,96
Ca,2,931.9560,74
Pr,3,932.0540,59
Ca,2,932.0650,82
Br,1,932.0861,75
I,1,932.1943,87
P,1,932.3500,78
Ba,1,932.4387,50
Sr,3,932.4572,54
Kr,1,932.6030,60
Ne,1,932.6507,85
Rn,1,932.7020,85
P,1,932.7130,17
Hg,1,932.7200,29
Mg,2,932.7545,84
Ne,2,932.7839,42
Ce,3,932.8200,19
Xe,1,933.4080,6
Pr,3,933.4330,78
I,1,933.5014,97
Kr,1,933.7900,3
Hg,1,933.8400,68
Rb,2,933.8868,71
Mg,2,934.0544,85
Hg,1,934.2500,18
Be,2,934.3890,23
K,1,934.7240,41
Ba,3,934.7540,6
Rb,2,934.8637,11
Sc,2,934.9111,41
K,1,934.9250,8
In,1,934.9830,73
Sr,3,935.0155,46
K,1,935.1590,30
Kr,1,935.2120,24
Kr,1,935.2230,93
Ar,1,935.4220,83
Sc,2,935.7481,73
I,1,935.8690,8
Cr,1,936.2079,17
Kr,1,936.2100,25
Th,3,936.2582,4
I,1,936.5183,62
Ce,3,936.7030,14
Ba,1,936.7277,37
Ba,1,937.0119,89
In,1,937.0270,80
Sc,2,937.1108,51
Sc,3,937.1740,23
P,1,937.2090,36
Ne,1,937.3308,61
Rb,2,937.3497,63
Xe,1,937.4020,36
I,1,937.4340,72
Xe,1,937.4760,86
Pr,3,937.7440,67
Th,3,937.8534,78
Th,3,937.9277,19
Np,1,937.9330,95
I,1,937.9769,29
Sr,1,938.0450,6
Th,1,938.3272,31
Pb,1,938.4349,15
F,1,938.4960,50
Pb,1,938.5889,16
U,1,938.5900,3
Sc,2,938.6796,29
N,1,938.6800,83
Pr,3,938.8560,67
Rb,2,939.1359,71
Rb,2,939.1723,41
Cs,2,939.2389,15
Be,1,939.2740,34
N,1,939.2790,89
Cl,1,939.3862,61
Cs,2,939.5952,15
Ba,1,939.8465,14
I,1,939.8742,83
Ge,1,939.8862,32
Ba,3,939.8980,32
Th,1,939.9089,99
O,1,939.9190,55
Ba,3,939.9480,6
Xe,2,940.0590,24
Rb,2,940.0699,23
Ba,1,940.3541,14
C,1,940.5728,99
Sn,1,941.0630,20
Xe,1,941.2010,75
Si,2,941.2720,69
S,1,941.3382,98
Si,1,941.3506,70
Ne,2,941.3571,20
Ba,1,941.4584,10
Sn,1,941.4949,25
Kr,2,941.4950,81
Mg,1,941.4964,91
Rb,2,941.5513,49
Ca,1,941.6970,84
Hg,1,941.9400,38
I,1,942.0089,15
Ar,2,942.0476,40
S,1,942.1871,97
I,1,942.3424,12
Sr,3,942.5028,37
Ne,1,942.5380,76
Hg,1,942.5600,29
I,1,942.6712,98
I,1,942.7062,99
In,1,942.7990,58
Bk,1,942.9130,97
Mg,1,942.9814,80
Sr,3,943.0218,37
Th,1,943.1599,21
Hg,1,943.2100,69
Se,1,943.2500,19
Ca,3,943.2530,52
Mg,1,943.2764,85
F,1,943.3670,36
Br,2,943.4040,38
Rb,2,943.4474,23
P,1,943.5069,89
S,1,943.7072,96
Kr,2,943.7210,43
S,1,943.7600,69
Pb,1,943.8048,43
I,1,943.8250,29
Hg,1,943.8500,64
Mg,1,943.8783,90
Xe,1,944.1460,53
P,1,944.1860,90
Cs,2,944.1919,44
Xe,1,944.2680,53
Hg,1,944.2700,55
S,1,944.5030,67
Xe,1,944.5340,78
B,2,944.6370,10
Cr,1,944.6804,83
Cr,1,944.7045,98
Sr,3,944.9123,1
Ba,1,944.9937,30
Rb,2,945.0525,23
Kr,1,945.0880,75
Cl,1,945.2100,86
P,1,945.2830,81
S,1,945.5402,89
Ba,1,945.5973,73
Cs,2,945.6732,59
Ca,1,945.6800,34
O,2,945.7910,19
Ne,1,945.9211,69
N,1,946.0680,54
Th,1,946.1027,76
Na,1,946.5940,44
I,1,946.6354,74
Th,1,946.7195,46
Np,1,946.8660,96
Te,1,946.9004,1
Th,1,947.0681,62
Th,1,947.4879,93
Ge,2,947.4993,48
Ar,2,947.5249,21
Ge,2,947.5645,49
Be,2,947.6426,24
Be,2,947.7029,67
S,1,947.7860,73
Rb,2,947.9319,87
S,1,947.9830,54
I,2,948.0330,1
O,1,948.1160,33
P,1,948.1840,18
Th,3,948.2457,2
O,1,948.2880,33
Ne,1,948.6682,82
Cl,1,948.6964,46
O,1,948.7430,66
P,1,949.2120,19
Ge,1,949.2550,2
O,1,949.2710,44
Ga,1,949.2920,15
Ga,1,949.3120,25
P,1,949.3560,93
Rb,2,949.3723,81
Th,1,949.5497,89
Hg,1,949.5900,61
I,1,949.6693,24
Xe,1,949.7070,69
Th,1,949.7188,95
O,1,949.7970,73
Ga,1,949.8500,27
S,1,949.9160,59
O,1,949.9300,50
S,1,950.1210,47
Mg,1,950.2454,58
Mg,1,950.3108,53
Mg,1,950.3433,43
Th,3,950.4215,67
Kr,2,950.4810,81
F,1,950.5300,20
Th,1,950.5392,19
O,1,950.5590,67
Xe,1,950.5780,36
Ti,1,950.6002,17
Tl,1,950.9400,61
Hf,1,951.3140,41
Xe,1,951.3377,92
I,1,951.4073,12
Th,3,951.4798,62
Sb,1,951.8421,85
Cs,2,951.8668,41
Hg,2,952.0198,97
Ba,3,952.1760,53
P,1,952.1780,52
O,1,952.1960,63
Rb,1,952.2650,58
Rb,1,952.3050,35
O,1,952.3360,34
O,1,952.3960,35
Rb,2,952.4135,11
Ba,1,952.4551,34
P,1,952.5730,97
He,1,952.6170,43
Hg,1,952.6300,64
I,1,952.6925,66
S,2,952.7580,8
O,1,952.8280,21
I,1,952.8518,47
Ba,3,952.9110,32
He,1,952.9270,28
Cu,1,953.0300,27
Kr,1,953.2300,4
Pu,1,953.3070,2
Ne,1,953.4164,84
Ga,2,953.4520,63
Cs,2,953.4546,54
Ca,1,953.4880,35
Ga,2,953.5570,79
Ar,2,953.5655,18
Rb,1,954.0180,49
Ga,2,954.0350,84
Ar,2,954.0665,24
Kr,1,954.0890,78
Ga,2,954.2860,85
P,1,954.5180,94
Ti,1,954.6077,82
H,1,954.6200,88
Hg,1,954.7300,19
Ne,1,954.7405,69
Ca,1,954.8380,40
Pr,3,954.9770,68
Sr,3,955.1938,62
Ar,2,955.3631,21
O,2,955.3750,19
Hg,1,955.4100,21
I,1,955.5710,45
P,1,955.6810,59
Th,1,956.1245,42
Rb,2,956.1821,41
P,1,956.3439,98
I,1,956.6810,20
Cm,1,956.7080,98
Ce,3,956.7370,15
Ca,2,956.7970,76
Cs,2,956.8279,5
Cs,2,956.9270,23
Rb,2,956.9342,41
Al,3,957.1520,66
Cr,1,957.1813,83
I,1,957.3221,4
Hg,1,957.4300,38
Cr,1,957.4312,97
F,1,957.4800,22
Ne,2,957.7013,87
Rb,2,957.7250,41
Rb,2,957.7363,11
Kr,2,957.7560,97
Cs,2,957.7978,17
I,1,957.9052,44
Pr,3,957.9740,55
Cl,1,958.4801,56
Xe,1,958.5140,53
Ba,1,958.9303,60
Ga,1,958.9360,69
Xe,2,959.1350,57
Cl,1,959.2220,87
P,1,959.3500,60
I,1,959.3618,40
Ga,1,959.4250,17
Kr,2,959.4260,82
O,2,959.4540,29
K,1,959.5700,85
Sr,1,959.6000,70
K,1,959.7830,82
As,1,959.7950,82
I,1,959.8219,98
Cs,3,959.9162,85
Ca,2,959.9240,83
Ti,1,959.9592,89
Ca,2,960.1820,65
Ar,2,960.1925,64
Hg,1,960.2000,19
Cs,2,960.2303,44
C,1,960.3031,96
Ba,2,960.3111,24
Ca,1,960.4280,36
Pb,1,960.4297,44
Rb,2,960.4488,20
Xe,2,960.4500,4
Xe,1,960.5800,6
Al,3,960.5990,74
Kr,1,960.7200,4
Pb,1,960.8728,20
Ba,1,960.8894,80
P,1,960.9040,86
Sr,3,961.0239,34
Ba,3,961.0890,17
O,2,961.1800,19
Rb,2,961.2855,1
Rb,2,961.2991,71
Th,2,961.3691,25
Kr,1,961.5630,35
Sn,1,961.6014,29
Rb,2,961.7981,30
Ba,3,961.8000,32
Ar,2,961.9576,36
C,1,962.0783,97
Ar,2,962.2066,44
O,1,962.2130,22
I,1,962.3301,61
Sr,1,962.4700,46
O,1,962.5290,36
Ge,1,962.5658,40
P,1,962.5800,53
As,1,962.6700,87
P,1,962.8420,55
Cs,2,962.9281,20
Th,1,962.9569,43
Ba,3,962.9950,33
Mg,2,963.1888,93
Mg,2,963.2435,90
Cl,1,963.2509,36
Th,1,963.2643,69
S,1,963.3130,83
Sr,1,963.8100,16
Ti,1,963.8304,100
Ca,3,963.8800,43
P,1,963.8939,72
Hg,2,963.9060,95
Sc,2,964.3932,30
Sr,2,964.4200,79
Ba,1,964.5600,37
Ti,1,964.7372,90
Mg,1,964.9530,93
S,1,964.9568,96
I,1,964.9625,96
B,2,965.1300,5
I,1,965.3083,97
U,1,965.3260,4
Cs,2,965.4548,18
Ar,2,965.5973,52
Bi,1,965.7045,30
Cm,1,965.7120,99
Ar,1,965.7786,98
C,1,965.8438,98
Sc,2,965.9394,30
Ti,1,966.1416,27
F,1,966.2040,9
I,1,966.3056,13
Kr,2,966.3380,89
Ca,1,966.3650,46
Ca,1,966.4410,36
Th,1,966.4698,70
Cs,2,966.5107,10
Ne,1,966.5420,95
Mg,1,966.5540,76
Cr,1,966.7286,79
Kr,1,966.9030,4
Cr,1,967.0540,96
Rb,2,967.1535,72
S,1,967.2283,90
S,1,967.2531,77
Pb,1,967.4351,45
Ba,3,967.5030,6
P,1,967.5410,37
Ti,1,967.5547,99
P,1,967.6240,79
Ar,2,967.6285,29
Ca,1,967.6300,51
O,1,967.7380,51
S,1,967.7500,12
Ar,2,967.8808,34
S,1,967.8920,6
Np,1,967.9130,97
S,1,968.0561,80
S,1,968.0814,92
Ga,2,968.0930,49
Kr,1,968.2260,25
Ga,2,968.2860,15
Xe,1,968.5320,89
Th,3,968.5677,86
S,1,968.6110,20
Kr,1,968.7830,60
Ca,1,968.8670,51
Ti,1,968.8876,83
Rb,2,968.9049,91
Sc,2,968.9347,16
Ga,2,969.0200,51
S,1,969.1604,31
Rb,2,969.1963,12
S,1,969.3686,85
O,1,969.4660,9
O,1,969.4910,0
S,1,969.7408,71
Xe,2,969.8680,57
Ba,3,969.9010,33
F,1,969.9400,28
Th,1,970.0562,89
Ga,2,970.0670,80
Xe,1,970.0990,53
I,1,970.1360,30
Ca,1,970.1940,48
Cl,1,970.2439,57
Kr,1,970.4220,87
Ba,1,970.4309,18
Ti,1,970.5670,97
P,1,970.6533,56
I,1,971.0590,47
Ba,1,971.3719,40
Cs,2,971.3899,46
Kr,1,971.4850,65
Cs,2,971.8111,71
Xe,1,971.8160,86
Ti,1,971.8958,81
F,1,972.0570,10
Te,1,972.2742,74
Kr,1,972.2780,4
Sc,2,972.5460,16
I,1,972.5482,70
Cs,2,972.6809,54
Kr,1,972.7510,25
Ti,1,972.8414,94
Cr,1,973.0316,90
I,1,973.1719,99
I,1,973.3524,89
F,1,973.4340,21
Cr,1,973.4562,93
P,1,973.4750,95
Sc,2,973.5214,16
P,1,973.6680,61
F,1,973.6700,31
S,1,973.7457,26
S,1,973.7707,22
S,1,973.9609,44
Ar,2,973.9768,11
S,1,973.9869,48
Sn,1,974.0903,22
O,1,974.1500,67
S,1,974.1961,33
Sn,1,974.2486,28
Kr,1,974.3110,87
Ar,2,974.3457,59
Ti,1,974.3605,92
Cl,1,974.4426,37
Sc,2,974.4487,17
Th,1,974.6462,97
Ti,1,974.6922,20
I,1,974.7230,13
I,1,974.9219,67
Ar,2,975.0135,35
P,1,975.0770,96
Kr,1,975.1761,46
Ar,2,975.6141,53
Sc,2,975.7260,51
O,2,975.8530,20
Ar,2,975.8637,64
Cr,2,975.8817,16
Cs,3,975.9330,92
Hg,2,975.9557,86
Sc,2,976.0579,0
O,1,976.0650,68
P,1,976.0770,20
Cs,2,976.6050,46
Sc,2,976.6962,0
Kr,1,976.8690,25
Sr,3,977.0075,54
Ti,1,977.0304,84
Rb,2,977.0679,50
I,1,977.2169,35
Cr,1,977.3352,56
Sc,2,977.3524,17
I,1,977.3533,9
Ar,2,977.3567,65
I,1,977.4814,19
Hg,1,977.5300,38
Rb,2,977.6058,64
P,1,977.6850,21
P,1,977.9110,22
Ba,3,978.0790,23
Ar,2,978.3079,62
Ti,1,978.3315,90
Ti,1,978.3589,84
Cs,1,978.3831,44
Ar,1,978.4503,85
Te,1,978.5538,65
I,1,978.7208,20
Ti,1,978.7691,91
P,1,979.0210,82
Hg,1,979.2900,29
Ar,2,979.3231,12
Br,1,979.3480,58
F,1,979.4800,26
Kr,1,979.4890,35
P,1,979.6850,99
Rb,2,979.9138,2
Xe,1,979.9697,99
Cs,2,979.9783,26
I,1,980.0834,90
Bk,1,980.1180,98
Ar,2,980.2020,21
Pr,3,980.2980,67
Ar,2,980.3690,62
Sc,2,980.3692,1
Rb,2,980.4754,4
Sn,1,980.5184,32
Pr,3,980.6370,68
Cl,1,980.7057,34
Sc,2,980.7710,17
Hg,1,980.8000,19
Ne,2,980.8866,79
Cs,1,980.9621,21
Kr,1,981.0270,26
Sc,2,981.1580,30
Th,1,981.2697,76
I,1,981.3503,86
Ar,2,981.4421,12
Sr,1,981.7300,1
U,1,981.9000,4
U,1,981.9050,5
Ti,2,982.1158,2
Ba,1,982.1600,15
Hg,1,982.1800,39
F,1,982.2110,14
Sc,2,982.2766,42
Se,1,982.5580,5
Th,1,982.6449,96
Bi,1,982.7832,19
Ba,1,983.0175,72
Ti,1,983.2143,58
Hg,1,983.2300,20
I,1,983.2321,40
Th,1,983.3423,98
As,1,983.3760,85
P,1,983.4800,63
I,1,983.5517,44
Ar,2,983.7170,1
Cu,2,983.7836,9
Hg,1,983.8100,73
Kr,1,983.8330,47
Te,1,984.2304,60
I,1,984.2748,79
Cs,2,984.7288,56
Be,1,984.7320,59
Ar,2,984.9458,70
Sn,1,985.0381,33
Cs,2,985.1577,37
Ar,2,985.4061,69
Ca,2,985.4740,67
Kr,1,985.6240,97
Cs,2,985.8048,67
Sc,2,986.0085,1
Cu,2,986.1280,37
Bk,2,986.2390,99
Kr,1,986.2950,41
N,1,986.3330,31
Tl,1,986.3400,50
Cu,2,986.4136,33
N,2,986.5410,27
Mn,2,986.6710,49
Sb,1,986.6757,9
Cu,2,986.8093,2
N,2,986.8210,14
U,1,986.8360,5
Te,1,986.8917,71
C,2,987.0860,80
Cl,1,987.5970,43
Bk,1,987.9290,99
C,2,988.2710,86
F,1,988.3580,30
As,1,988.6050,51
N,2,988.7390,28
Ba,3,988.8340,26
I,1,988.9989,53
Ca,2,989.0630,85
N,2,989.1090,36
I,1,989.2361,55
Bk,1,989.2380,100
Kr,2,989.2970,27
Sc,2,989.4127,1
Be,1,989.5630,35
Be,1,989.5960,48
Br,1,989.6400,70
Kr,1,989.7080,26
Th,3,989.8924,6
Sc,2,989.9585,1
Sc,2,990.0160,2
As,1,990.0550,65
Cr,1,990.0909,66
Ni,2,990.0920,54
O,2,990.1300,8
Te,1,990.2609,61
F,1,990.2650,11
C,2,990.3460,93
O,2,990.3460,29
Rb,2,990.3583,2
P,1,990.3680,73
Cr,1,990.4480,50
Ar,2,990.5886,54
Ar,2,990.6392,45
Sc,2,990.7899,2
Ti,2,990.7937,58
O,1,990.9050,37
S,1,990.9699,14
Cs,2,990.9804,7
Th,3,991.0075,97
Cs,2,991.0657,69
S,1,991.1850,4
S,1,991.2156,5
As,1,991.5710,75
Ar,2,991.6155,50
Kr,1,991.6370,42
Cu,2,991.6417,24
Kr,1,991.7600,35
Cu,2,991.7951,5
As,1,992.3050,89
Xe,1,992.3198,99
S,1,992.3600,1
La,3,992.3990,63
Cu,2,992.5588,19
Ti,1,992.7350,50
O,2,992.9950,51
Tl,1,993.0400,59
Np,1,993.0550,98
Ca,2,993.1390,70
Ar,2,993.1679,1
Ti,2,993.1888,68
Ra,1,993.2210,70
S,1,993.2359,34
U,1,993.2760,6
Cs,2,993.2913,78
I,1,993.3250,54
Rb,2,993.4764,64
O,1,993.6980,45
Tl,1,993.7400,22
Cu,2,993.8996,14
I,1,993.9297,77
Be,1,993.9780,49
O,1,994.0410,38
Ti,1,994.1384,2
Th,2,994.3064,14
Ba,3,994.5260,33
Cr,1,994.6320,50
Rn,1,994.8570,18
Sb,1,994.8990,87
Ti,1,994.9004,6
Cr,1,994.9073,82
Ar,2,994.9150,44
K,1,994.9670,32
S,1,994.9830,41
Ar,2,995.1089,17
Ac,1,995.2320,87
Ar,2,995.2805,36
K,1,995.4140,24
I,1,995.4624,91
Kr,2,995.4750,43
Te,1,995.6297,73
Ti,2,995.6702,76
S,1,995.8859,43
O,2,995.9470,40
Te,1,995.9934,29
Cu,2,996.0349,14
Na,1,996.1280,51
N,2,996.1860,29
Cs,2,996.2057,71
O,2,996.2620,51
S,1,996.2989,10
I,1,996.3267,93
U,1,996.4110,7
Xe,1,996.6580,36
Ar,2,996.7043,55
Hg,1,996.9300,73
N,2,996.9340,37
S,1,997.1710,2
P,1,997.6670,64
Te,1,997.7128,67
Ar,2,997.7827,45
In,1,997.7860,82
Te,1,997.9305,62
S,1,998.0540,1
Hg,1,998.0900,73
Cs,2,998.1470,68
O,2,998.2430,65
Mg,1,998.3200,77
Ti,2,998.3473,81
Te,1,998.5846,45
Mg,1,998.6475,80
Th,1,998.7635,48
O,2,998.8540,57
Kr,1,998.9300,5
O,2,998.9740,29
O,2,999.0270,58
Pr,3,999.1160,89
O,2,999.1440,51
I,1,999.2544,78
Mg,1,999.3209,83
Ar,2,999.3863,71
Cs,2,999.4794,84
O,1,999.5310,52
S,1,999.6736,3
